Datetime,Zona,Precio
2026-04-01 00:00:00,ENSENADA,748.64
2026-04-01 01:00:00,ENSENADA,725.16
2026-04-01 02:00:00,ENSENADA,702.34
2026-04-01 03:00:00,ENSENADA,553.08
2026-04-01 04:00:00,ENSENADA,691.02
2026-04-01 05:00:00,ENSENADA,689.68
2026-04-01 06:00:00,ENSENADA,693.39
2026-04-01 07:00:00,ENSENADA,692.26
2026-04-01 08:00:00,ENSENADA,709.09
2026-04-01 09:00:00,ENSENADA,701.02
2026-04-01 10:00:00,ENSENADA,332.77
2026-04-01 11:00:00,ENSENADA,481.88
2026-04-01 12:00:00,ENSENADA,489.98
2026-04-01 13:00:00,ENSENADA,361.8
2026-04-01 14:00:00,ENSENADA,711.7
2026-04-01 15:00:00,ENSENADA,528.86
2026-04-01 16:00:00,ENSENADA,341.65
2026-04-01 17:00:00,ENSENADA,319.95
2026-04-01 18:00:00,ENSENADA,309.3
2026-04-01 19:00:00,ENSENADA,485.73
2026-04-01 20:00:00,ENSENADA,711.64
2026-04-01 21:00:00,ENSENADA,701.87
2026-04-01 22:00:00,ENSENADA,462.94
2026-04-01 23:00:00,ENSENADA,714.99
2026-04-01 00:00:00,MEXICALI,738.95
2026-04-01 01:00:00,MEXICALI,718.05
2026-04-01 02:00:00,MEXICALI,697.58
2026-04-01 03:00:00,MEXICALI,551.65
2026-04-01 04:00:00,MEXICALI,687.19
2026-04-01 05:00:00,MEXICALI,687.49
2026-04-01 06:00:00,MEXICALI,687.93
2026-04-01 07:00:00,MEXICALI,676.51
2026-04-01 08:00:00,MEXICALI,684.51
2026-04-01 09:00:00,MEXICALI,675.91
2026-04-01 10:00:00,MEXICALI,313.02
2026-04-01 11:00:00,MEXICALI,448.0
2026-04-01 12:00:00,MEXICALI,460.78
2026-04-01 13:00:00,MEXICALI,340.86
2026-04-01 14:00:00,MEXICALI,668.34
2026-04-01 15:00:00,MEXICALI,500.22
2026-04-01 16:00:00,MEXICALI,320.37
2026-04-01 17:00:00,MEXICALI,304.78
2026-04-01 18:00:00,MEXICALI,298.09
2026-04-01 19:00:00,MEXICALI,471.91
2026-04-01 20:00:00,MEXICALI,693.1
2026-04-01 21:00:00,MEXICALI,684.55
2026-04-01 22:00:00,MEXICALI,446.96
2026-04-01 23:00:00,MEXICALI,701.34
2026-04-01 00:00:00,SANLUIS,745.03
2026-04-01 01:00:00,SANLUIS,723.21
2026-04-01 02:00:00,SANLUIS,702.52
2026-04-01 03:00:00,SANLUIS,555.34
2026-04-01 04:00:00,SANLUIS,691.59
2026-04-01 05:00:00,SANLUIS,691.47
2026-04-01 06:00:00,SANLUIS,691.23
2026-04-01 07:00:00,SANLUIS,678.43
2026-04-01 08:00:00,SANLUIS,687.11
2026-04-01 09:00:00,SANLUIS,678.8
2026-04-01 10:00:00,SANLUIS,314.36
2026-04-01 11:00:00,SANLUIS,450.44
2026-04-01 12:00:00,SANLUIS,463.78
2026-04-01 13:00:00,SANLUIS,343.25
2026-04-01 14:00:00,SANLUIS,673.35
2026-04-01 15:00:00,SANLUIS,504.24
2026-04-01 16:00:00,SANLUIS,322.85
2026-04-01 17:00:00,SANLUIS,307.23
2026-04-01 18:00:00,SANLUIS,300.81
2026-04-01 19:00:00,SANLUIS,476.3
2026-04-01 20:00:00,SANLUIS,699.66
2026-04-01 21:00:00,SANLUIS,690.46
2026-04-01 22:00:00,SANLUIS,450.03
2026-04-01 23:00:00,SANLUIS,706.02
2026-04-01 00:00:00,TIJUANA,738.09
2026-04-01 01:00:00,TIJUANA,714.85
2026-04-01 02:00:00,TIJUANA,692.99
2026-04-01 03:00:00,TIJUANA,545.57
2026-04-01 04:00:00,TIJUANA,680.18
2026-04-01 05:00:00,TIJUANA,680.49
2026-04-01 06:00:00,TIJUANA,684.27
2026-04-01 07:00:00,TIJUANA,681.37
2026-04-01 08:00:00,TIJUANA,695.2
2026-04-01 09:00:00,TIJUANA,683.61
2026-04-01 10:00:00,TIJUANA,320.47
2026-04-01 11:00:00,TIJUANA,463.1
2026-04-01 12:00:00,TIJUANA,473.26
2026-04-01 13:00:00,TIJUANA,350.9
2026-04-01 14:00:00,TIJUANA,688.1
2026-04-01 15:00:00,TIJUANA,513.02
2026-04-01 16:00:00,TIJUANA,331.43
2026-04-01 17:00:00,TIJUANA,311.56
2026-04-01 18:00:00,TIJUANA,301.65
2026-04-01 19:00:00,TIJUANA,473.57
2026-04-01 20:00:00,TIJUANA,695.48
2026-04-01 21:00:00,TIJUANA,687.38
2026-04-01 22:00:00,TIJUANA,453.84
2026-04-01 23:00:00,TIJUANA,703.32
2026-04-02 00:00:00,ENSENADA,683.74
2026-04-02 01:00:00,ENSENADA,696.94
2026-04-02 02:00:00,ENSENADA,715.46
2026-04-02 03:00:00,ENSENADA,702.4
2026-04-02 04:00:00,ENSENADA,692.15
2026-04-02 05:00:00,ENSENADA,475.33
2026-04-02 06:00:00,ENSENADA,279.55
2026-04-02 07:00:00,ENSENADA,257.25
2026-04-02 08:00:00,ENSENADA,259.35
2026-04-02 09:00:00,ENSENADA,191.05
2026-04-02 10:00:00,ENSENADA,267.37
2026-04-02 11:00:00,ENSENADA,210.56
2026-04-02 12:00:00,ENSENADA,276.11
2026-04-02 13:00:00,ENSENADA,467.64
2026-04-02 14:00:00,ENSENADA,693.09
2026-04-02 15:00:00,ENSENADA,699.02
2026-04-02 16:00:00,ENSENADA,691.2
2026-04-02 17:00:00,ENSENADA,691.42
2026-04-02 18:00:00,ENSENADA,719.01
2026-04-02 19:00:00,ENSENADA,672.8
2026-04-02 20:00:00,ENSENADA,661.21
2026-04-02 21:00:00,ENSENADA,664.48
2026-04-02 22:00:00,ENSENADA,452.5
2026-04-02 23:00:00,ENSENADA,668.53
2026-04-02 00:00:00,MEXICALI,675.74
2026-04-02 01:00:00,MEXICALI,684.95
2026-04-02 02:00:00,MEXICALI,702.11
2026-04-02 03:00:00,MEXICALI,693.34
2026-04-02 04:00:00,MEXICALI,684.82
2026-04-02 05:00:00,MEXICALI,474.36
2026-04-02 06:00:00,MEXICALI,277.32
2026-04-02 07:00:00,MEXICALI,251.27
2026-04-02 08:00:00,MEXICALI,247.9
2026-04-02 09:00:00,MEXICALI,180.62
2026-04-02 10:00:00,MEXICALI,255.88
2026-04-02 11:00:00,MEXICALI,200.03
2026-04-02 12:00:00,MEXICALI,264.94
2026-04-02 13:00:00,MEXICALI,447.18
2026-04-02 14:00:00,MEXICALI,664.29
2026-04-02 15:00:00,MEXICALI,671.96
2026-04-02 16:00:00,MEXICALI,671.93
2026-04-02 17:00:00,MEXICALI,672.11
2026-04-02 18:00:00,MEXICALI,704.15
2026-04-02 19:00:00,MEXICALI,671.33
2026-04-02 20:00:00,MEXICALI,663.08
2026-04-02 21:00:00,MEXICALI,663.25
2026-04-02 22:00:00,MEXICALI,452.76
2026-04-02 23:00:00,MEXICALI,663.42
2026-04-02 00:00:00,SANLUIS,679.69
2026-04-02 01:00:00,SANLUIS,688.58
2026-04-02 02:00:00,SANLUIS,705.18
2026-04-02 03:00:00,SANLUIS,696.32
2026-04-02 04:00:00,SANLUIS,687.8
2026-04-02 05:00:00,SANLUIS,476.57
2026-04-02 06:00:00,SANLUIS,278.47
2026-04-02 07:00:00,SANLUIS,252.2
2026-04-02 08:00:00,SANLUIS,248.71
2026-04-02 09:00:00,SANLUIS,181.24
2026-04-02 10:00:00,SANLUIS,257.15
2026-04-02 11:00:00,SANLUIS,201.11
2026-04-02 12:00:00,SANLUIS,266.63
2026-04-02 13:00:00,SANLUIS,450.3
2026-04-02 14:00:00,SANLUIS,667.96
2026-04-02 15:00:00,SANLUIS,676.09
2026-04-02 16:00:00,SANLUIS,676.37
2026-04-02 17:00:00,SANLUIS,676.78
2026-04-02 18:00:00,SANLUIS,710.05
2026-04-02 19:00:00,SANLUIS,677.11
2026-04-02 20:00:00,SANLUIS,668.86
2026-04-02 21:00:00,SANLUIS,668.61
2026-04-02 22:00:00,SANLUIS,456.06
2026-04-02 23:00:00,SANLUIS,667.97
2026-04-02 00:00:00,TIJUANA,673.94
2026-04-02 01:00:00,TIJUANA,686.39
2026-04-02 02:00:00,TIJUANA,705.54
2026-04-02 03:00:00,TIJUANA,693.28
2026-04-02 04:00:00,TIJUANA,683.15
2026-04-02 05:00:00,TIJUANA,469.79
2026-04-02 06:00:00,TIJUANA,276.46
2026-04-02 07:00:00,TIJUANA,253.33
2026-04-02 08:00:00,TIJUANA,253.15
2026-04-02 09:00:00,TIJUANA,185.58
2026-04-02 10:00:00,TIJUANA,260.98
2026-04-02 11:00:00,TIJUANA,205.13
2026-04-02 12:00:00,TIJUANA,268.95
2026-04-02 13:00:00,TIJUANA,454.91
2026-04-02 14:00:00,TIJUANA,674.23
2026-04-02 15:00:00,TIJUANA,679.11
2026-04-02 16:00:00,TIJUANA,672.37
2026-04-02 17:00:00,TIJUANA,671.64
2026-04-02 18:00:00,TIJUANA,701.44
2026-04-02 19:00:00,TIJUANA,658.16
2026-04-02 20:00:00,TIJUANA,648.34
2026-04-02 21:00:00,TIJUANA,653.09
2026-04-02 22:00:00,TIJUANA,445.97
2026-04-02 23:00:00,TIJUANA,659.57
2026-04-03 00:00:00,ENSENADA,310.57
2026-04-03 01:00:00,ENSENADA,280.0
2026-04-03 02:00:00,ENSENADA,262.73
2026-04-03 03:00:00,ENSENADA,240.22
2026-04-03 04:00:00,ENSENADA,210.37
2026-04-03 05:00:00,ENSENADA,207.82
2026-04-03 06:00:00,ENSENADA,191.93
2026-04-03 07:00:00,ENSENADA,234.45
2026-04-03 08:00:00,ENSENADA,281.79
2026-04-03 09:00:00,ENSENADA,398.34
2026-04-03 10:00:00,ENSENADA,275.97
2026-04-03 11:00:00,ENSENADA,281.66
2026-04-03 12:00:00,ENSENADA,297.66
2026-04-03 13:00:00,ENSENADA,270.64
2026-04-03 14:00:00,ENSENADA,455.06
2026-04-03 15:00:00,ENSENADA,311.4
2026-04-03 16:00:00,ENSENADA,213.62
2026-04-03 17:00:00,ENSENADA,197.25
2026-04-03 18:00:00,ENSENADA,653.09
2026-04-03 19:00:00,ENSENADA,675.27
2026-04-03 20:00:00,ENSENADA,695.53
2026-04-03 21:00:00,ENSENADA,677.65
2026-04-03 22:00:00,ENSENADA,666.59
2026-04-03 23:00:00,ENSENADA,448.34
2026-04-03 00:00:00,MEXICALI,309.61
2026-04-03 01:00:00,MEXICALI,279.22
2026-04-03 02:00:00,MEXICALI,259.74
2026-04-03 03:00:00,MEXICALI,238.03
2026-04-03 04:00:00,MEXICALI,208.01
2026-04-03 05:00:00,MEXICALI,202.56
2026-04-03 06:00:00,MEXICALI,185.29
2026-04-03 07:00:00,MEXICALI,226.13
2026-04-03 08:00:00,MEXICALI,271.94
2026-04-03 09:00:00,MEXICALI,385.72
2026-04-03 10:00:00,MEXICALI,266.22
2026-04-03 11:00:00,MEXICALI,273.51
2026-04-03 12:00:00,MEXICALI,288.62
2026-04-03 13:00:00,MEXICALI,263.27
2026-04-03 14:00:00,MEXICALI,439.23
2026-04-03 15:00:00,MEXICALI,301.13
2026-04-03 16:00:00,MEXICALI,209.54
2026-04-03 17:00:00,MEXICALI,192.5
2026-04-03 18:00:00,MEXICALI,644.55
2026-04-03 19:00:00,MEXICALI,657.34
2026-04-03 20:00:00,MEXICALI,670.2
2026-04-03 21:00:00,MEXICALI,657.48
2026-04-03 22:00:00,MEXICALI,650.66
2026-04-03 23:00:00,MEXICALI,441.04
2026-04-03 00:00:00,SANLUIS,311.56
2026-04-03 01:00:00,SANLUIS,280.83
2026-04-03 02:00:00,SANLUIS,261.04
2026-04-03 03:00:00,SANLUIS,239.12
2026-04-03 04:00:00,SANLUIS,208.97
2026-04-03 05:00:00,SANLUIS,203.39
2026-04-03 06:00:00,SANLUIS,186.01
2026-04-03 07:00:00,SANLUIS,226.86
2026-04-03 08:00:00,SANLUIS,273.15
2026-04-03 09:00:00,SANLUIS,387.25
2026-04-03 10:00:00,SANLUIS,266.46
2026-04-03 11:00:00,SANLUIS,274.6
2026-04-03 12:00:00,SANLUIS,289.95
2026-04-03 13:00:00,SANLUIS,264.77
2026-04-03 14:00:00,SANLUIS,441.73
2026-04-03 15:00:00,SANLUIS,302.34
2026-04-03 16:00:00,SANLUIS,210.86
2026-04-03 17:00:00,SANLUIS,193.58
2026-04-03 18:00:00,SANLUIS,648.12
2026-04-03 19:00:00,SANLUIS,661.17
2026-04-03 20:00:00,SANLUIS,673.99
2026-04-03 21:00:00,SANLUIS,661.13
2026-04-03 22:00:00,SANLUIS,654.01
2026-04-03 23:00:00,SANLUIS,443.43
2026-04-03 00:00:00,TIJUANA,306.78
2026-04-03 01:00:00,TIJUANA,276.5
2026-04-03 02:00:00,TIJUANA,259.54
2026-04-03 03:00:00,TIJUANA,237.47
2026-04-03 04:00:00,TIJUANA,207.08
2026-04-03 05:00:00,TIJUANA,202.85
2026-04-03 06:00:00,TIJUANA,186.44
2026-04-03 07:00:00,TIJUANA,227.81
2026-04-03 08:00:00,TIJUANA,273.2
2026-04-03 09:00:00,TIJUANA,386.1
2026-04-03 10:00:00,TIJUANA,267.74
2026-04-03 11:00:00,TIJUANA,273.49
2026-04-03 12:00:00,TIJUANA,288.68
2026-04-03 13:00:00,TIJUANA,262.37
2026-04-03 14:00:00,TIJUANA,440.88
2026-04-03 15:00:00,TIJUANA,301.69
2026-04-03 16:00:00,TIJUANA,206.88
2026-04-03 17:00:00,TIJUANA,190.76
2026-04-03 18:00:00,TIJUANA,635.44
2026-04-03 19:00:00,TIJUANA,654.01
2026-04-03 20:00:00,TIJUANA,672.99
2026-04-03 21:00:00,TIJUANA,657.35
2026-04-03 22:00:00,TIJUANA,647.62
2026-04-03 23:00:00,TIJUANA,436.49
2026-04-04 00:00:00,ENSENADA,262.0
2026-04-04 01:00:00,ENSENADA,259.15
2026-04-04 02:00:00,ENSENADA,197.2
2026-04-04 03:00:00,ENSENADA,150.66
2026-04-04 04:00:00,ENSENADA,150.34
2026-04-04 05:00:00,ENSENADA,150.34
2026-04-04 06:00:00,ENSENADA,0.0
2026-04-04 07:00:00,ENSENADA,67.22
2026-04-04 08:00:00,ENSENADA,68.24
2026-04-04 09:00:00,ENSENADA,68.56
2026-04-04 10:00:00,ENSENADA,69.25
2026-04-04 11:00:00,ENSENADA,69.45
2026-04-04 12:00:00,ENSENADA,69.72
2026-04-04 13:00:00,ENSENADA,166.67
2026-04-04 14:00:00,ENSENADA,152.56
2026-04-04 15:00:00,ENSENADA,154.49
2026-04-04 16:00:00,ENSENADA,168.83
2026-04-04 17:00:00,ENSENADA,237.88
2026-04-04 18:00:00,ENSENADA,716.27
2026-04-04 19:00:00,ENSENADA,718.58
2026-04-04 20:00:00,ENSENADA,798.51
2026-04-04 21:00:00,ENSENADA,785.28
2026-04-04 22:00:00,ENSENADA,761.03
2026-04-04 23:00:00,ENSENADA,748.49
2026-04-04 00:00:00,MEXICALI,257.69
2026-04-04 01:00:00,MEXICALI,255.08
2026-04-04 02:00:00,MEXICALI,193.78
2026-04-04 03:00:00,MEXICALI,147.29
2026-04-04 04:00:00,MEXICALI,145.38
2026-04-04 05:00:00,MEXICALI,144.86
2026-04-04 06:00:00,MEXICALI,0.0
2026-04-04 07:00:00,MEXICALI,63.9
2026-04-04 08:00:00,MEXICALI,64.26
2026-04-04 09:00:00,MEXICALI,64.62
2026-04-04 10:00:00,MEXICALI,65.14
2026-04-04 11:00:00,MEXICALI,65.59
2026-04-04 12:00:00,MEXICALI,65.69
2026-04-04 13:00:00,MEXICALI,157.96
2026-04-04 14:00:00,MEXICALI,143.51
2026-04-04 15:00:00,MEXICALI,145.09
2026-04-04 16:00:00,MEXICALI,157.81
2026-04-04 17:00:00,MEXICALI,222.71
2026-04-04 18:00:00,MEXICALI,670.45
2026-04-04 19:00:00,MEXICALI,670.48
2026-04-04 20:00:00,MEXICALI,742.59
2026-04-04 21:00:00,MEXICALI,735.32
2026-04-04 22:00:00,MEXICALI,720.96
2026-04-04 23:00:00,MEXICALI,713.83
2026-04-04 00:00:00,SANLUIS,258.97
2026-04-04 01:00:00,SANLUIS,256.27
2026-04-04 02:00:00,SANLUIS,194.63
2026-04-04 03:00:00,SANLUIS,147.86
2026-04-04 04:00:00,SANLUIS,145.87
2026-04-04 05:00:00,SANLUIS,145.34
2026-04-04 06:00:00,SANLUIS,0.0
2026-04-04 07:00:00,SANLUIS,64.13
2026-04-04 08:00:00,SANLUIS,64.55
2026-04-04 09:00:00,SANLUIS,64.88
2026-04-04 10:00:00,SANLUIS,65.4
2026-04-04 11:00:00,SANLUIS,65.87
2026-04-04 12:00:00,SANLUIS,66.02
2026-04-04 13:00:00,SANLUIS,159.01
2026-04-04 14:00:00,SANLUIS,144.47
2026-04-04 15:00:00,SANLUIS,146.15
2026-04-04 16:00:00,SANLUIS,158.91
2026-04-04 17:00:00,SANLUIS,224.21
2026-04-04 18:00:00,SANLUIS,674.56
2026-04-04 19:00:00,SANLUIS,674.46
2026-04-04 20:00:00,SANLUIS,746.91
2026-04-04 21:00:00,SANLUIS,739.3
2026-04-04 22:00:00,SANLUIS,724.57
2026-04-04 23:00:00,SANLUIS,717.6
2026-04-04 00:00:00,TIJUANA,254.81
2026-04-04 01:00:00,TIJUANA,252.03
2026-04-04 02:00:00,TIJUANA,191.74
2026-04-04 03:00:00,TIJUANA,146.18
2026-04-04 04:00:00,TIJUANA,145.85
2026-04-04 05:00:00,TIJUANA,145.8
2026-04-04 06:00:00,TIJUANA,0.0
2026-04-04 07:00:00,TIJUANA,64.79
2026-04-04 08:00:00,TIJUANA,65.39
2026-04-04 09:00:00,TIJUANA,65.67
2026-04-04 10:00:00,TIJUANA,66.38
2026-04-04 11:00:00,TIJUANA,66.66
2026-04-04 12:00:00,TIJUANA,66.88
2026-04-04 13:00:00,TIJUANA,159.94
2026-04-04 14:00:00,TIJUANA,146.12
2026-04-04 15:00:00,TIJUANA,148.3
2026-04-04 16:00:00,TIJUANA,162.09
2026-04-04 17:00:00,TIJUANA,228.55
2026-04-04 18:00:00,TIJUANA,688.22
2026-04-04 19:00:00,TIJUANA,690.13
2026-04-04 20:00:00,TIJUANA,766.73
2026-04-04 21:00:00,TIJUANA,756.26
2026-04-04 22:00:00,TIJUANA,735.43
2026-04-04 23:00:00,TIJUANA,724.41
2026-04-05 00:00:00,ENSENADA,494.43
2026-04-05 01:00:00,ENSENADA,227.4
2026-04-05 02:00:00,ENSENADA,200.59
2026-04-05 03:00:00,ENSENADA,208.27
2026-04-05 04:00:00,ENSENADA,205.9
2026-04-05 05:00:00,ENSENADA,204.8
2026-04-05 06:00:00,ENSENADA,167.34
2026-04-05 07:00:00,ENSENADA,164.29
2026-04-05 08:00:00,ENSENADA,151.12
2026-04-05 09:00:00,ENSENADA,151.43
2026-04-05 10:00:00,ENSENADA,151.59
2026-04-05 11:00:00,ENSENADA,151.6
2026-04-05 12:00:00,ENSENADA,151.79
2026-04-05 13:00:00,ENSENADA,189.32
2026-04-05 14:00:00,ENSENADA,230.58
2026-04-05 15:00:00,ENSENADA,423.38
2026-04-05 16:00:00,ENSENADA,698.89
2026-04-05 17:00:00,ENSENADA,689.93
2026-04-05 18:00:00,ENSENADA,699.75
2026-04-05 19:00:00,ENSENADA,711.16
2026-04-05 20:00:00,ENSENADA,766.47
2026-04-05 21:00:00,ENSENADA,756.29
2026-04-05 22:00:00,ENSENADA,721.6
2026-04-05 23:00:00,ENSENADA,703.49
2026-04-05 00:00:00,MEXICALI,477.03
2026-04-05 01:00:00,MEXICALI,219.62
2026-04-05 02:00:00,MEXICALI,193.54
2026-04-05 03:00:00,MEXICALI,203.46
2026-04-05 04:00:00,MEXICALI,201.94
2026-04-05 05:00:00,MEXICALI,199.95
2026-04-05 06:00:00,MEXICALI,162.34
2026-04-05 07:00:00,MEXICALI,157.1
2026-04-05 08:00:00,MEXICALI,143.25
2026-04-05 09:00:00,MEXICALI,143.07
2026-04-05 10:00:00,MEXICALI,143.06
2026-04-05 11:00:00,MEXICALI,142.86
2026-04-05 12:00:00,MEXICALI,143.42
2026-04-05 13:00:00,MEXICALI,179.88
2026-04-05 14:00:00,MEXICALI,220.24
2026-04-05 15:00:00,MEXICALI,403.85
2026-04-05 16:00:00,MEXICALI,664.43
2026-04-05 17:00:00,MEXICALI,664.12
2026-04-05 18:00:00,MEXICALI,677.06
2026-04-05 19:00:00,MEXICALI,682.84
2026-04-05 20:00:00,MEXICALI,734.06
2026-04-05 21:00:00,MEXICALI,725.21
2026-04-05 22:00:00,MEXICALI,698.45
2026-04-05 23:00:00,MEXICALI,689.25
2026-04-05 00:00:00,SANLUIS,479.51
2026-04-05 01:00:00,SANLUIS,220.65
2026-04-05 02:00:00,SANLUIS,194.32
2026-04-05 03:00:00,SANLUIS,204.3
2026-04-05 04:00:00,SANLUIS,202.75
2026-04-05 05:00:00,SANLUIS,200.71
2026-04-05 06:00:00,SANLUIS,162.87
2026-04-05 07:00:00,SANLUIS,157.54
2026-04-05 08:00:00,SANLUIS,143.69
2026-04-05 09:00:00,SANLUIS,143.57
2026-04-05 10:00:00,SANLUIS,143.66
2026-04-05 11:00:00,SANLUIS,143.57
2026-04-05 12:00:00,SANLUIS,144.28
2026-04-05 13:00:00,SANLUIS,181.17
2026-04-05 14:00:00,SANLUIS,222.08
2026-04-05 15:00:00,SANLUIS,406.51
2026-04-05 16:00:00,SANLUIS,668.63
2026-04-05 17:00:00,SANLUIS,668.1
2026-04-05 18:00:00,SANLUIS,682.2
2026-04-05 19:00:00,SANLUIS,687.9
2026-04-05 20:00:00,SANLUIS,739.54
2026-04-05 21:00:00,SANLUIS,730.25
2026-04-05 22:00:00,SANLUIS,702.81
2026-04-05 23:00:00,SANLUIS,693.65
2026-04-05 00:00:00,TIJUANA,479.46
2026-04-05 01:00:00,TIJUANA,221.07
2026-04-05 02:00:00,TIJUANA,195.32
2026-04-05 03:00:00,TIJUANA,204.34
2026-04-05 04:00:00,TIJUANA,202.51
2026-04-05 05:00:00,TIJUANA,200.73
2026-04-05 06:00:00,TIJUANA,163.54
2026-04-05 07:00:00,TIJUANA,159.73
2026-04-05 08:00:00,TIJUANA,145.94
2026-04-05 09:00:00,TIJUANA,145.84
2026-04-05 10:00:00,TIJUANA,145.85
2026-04-05 11:00:00,TIJUANA,145.75
2026-04-05 12:00:00,TIJUANA,146.06
2026-04-05 13:00:00,TIJUANA,182.47
2026-04-05 14:00:00,TIJUANA,222.38
2026-04-05 15:00:00,TIJUANA,408.58
2026-04-05 16:00:00,TIJUANA,679.93
2026-04-05 17:00:00,TIJUANA,678.01
2026-04-05 18:00:00,TIJUANA,688.75
2026-04-05 19:00:00,TIJUANA,698.79
2026-04-05 20:00:00,TIJUANA,753.45
2026-04-05 21:00:00,TIJUANA,743.41
2026-04-05 22:00:00,TIJUANA,712.4
2026-04-05 23:00:00,TIJUANA,696.17
2026-04-06 00:00:00,ENSENADA,720.6
2026-04-06 01:00:00,ENSENADA,715.63
2026-04-06 02:00:00,ENSENADA,696.86
2026-04-06 03:00:00,ENSENADA,216.18
2026-04-06 04:00:00,ENSENADA,219.09
2026-04-06 05:00:00,ENSENADA,674.57
2026-04-06 06:00:00,ENSENADA,694.15
2026-04-06 07:00:00,ENSENADA,671.55
2026-04-06 08:00:00,ENSENADA,689.1
2026-04-06 09:00:00,ENSENADA,705.92
2026-04-06 10:00:00,ENSENADA,704.34
2026-04-06 11:00:00,ENSENADA,709.59
2026-04-06 12:00:00,ENSENADA,710.98
2026-04-06 13:00:00,ENSENADA,340.25
2026-04-06 14:00:00,ENSENADA,678.37
2026-04-06 15:00:00,ENSENADA,687.05
2026-04-06 16:00:00,ENSENADA,712.0
2026-04-06 17:00:00,ENSENADA,721.22
2026-04-06 18:00:00,ENSENADA,832.71
2026-04-06 19:00:00,ENSENADA,835.65
2026-04-06 20:00:00,ENSENADA,834.9
2026-04-06 21:00:00,ENSENADA,832.19
2026-04-06 22:00:00,ENSENADA,807.03
2026-04-06 23:00:00,ENSENADA,715.9
2026-04-06 00:00:00,MEXICALI,706.77
2026-04-06 01:00:00,MEXICALI,707.36
2026-04-06 02:00:00,MEXICALI,693.71
2026-04-06 03:00:00,MEXICALI,217.42
2026-04-06 04:00:00,MEXICALI,218.81
2026-04-06 05:00:00,MEXICALI,671.25
2026-04-06 06:00:00,MEXICALI,680.7
2026-04-06 07:00:00,MEXICALI,651.17
2026-04-06 08:00:00,MEXICALI,663.65
2026-04-06 09:00:00,MEXICALI,670.9
2026-04-06 10:00:00,MEXICALI,670.82
2026-04-06 11:00:00,MEXICALI,676.63
2026-04-06 12:00:00,MEXICALI,677.05
2026-04-06 13:00:00,MEXICALI,327.88
2026-04-06 14:00:00,MEXICALI,651.58
2026-04-06 15:00:00,MEXICALI,657.88
2026-04-06 16:00:00,MEXICALI,676.6
2026-04-06 17:00:00,MEXICALI,683.54
2026-04-06 18:00:00,MEXICALI,793.92
2026-04-06 19:00:00,MEXICALI,793.36
2026-04-06 20:00:00,MEXICALI,793.81
2026-04-06 21:00:00,MEXICALI,793.78
2026-04-06 22:00:00,MEXICALI,776.79
2026-04-06 23:00:00,MEXICALI,689.92
2026-04-06 00:00:00,SANLUIS,711.02
2026-04-06 01:00:00,SANLUIS,711.43
2026-04-06 02:00:00,SANLUIS,697.55
2026-04-06 03:00:00,SANLUIS,218.61
2026-04-06 04:00:00,SANLUIS,219.91
2026-04-06 05:00:00,SANLUIS,674.6
2026-04-06 06:00:00,SANLUIS,683.32
2026-04-06 07:00:00,SANLUIS,651.76
2026-04-06 08:00:00,SANLUIS,664.52
2026-04-06 09:00:00,SANLUIS,672.21
2026-04-06 10:00:00,SANLUIS,672.93
2026-04-06 11:00:00,SANLUIS,679.28
2026-04-06 12:00:00,SANLUIS,680.21
2026-04-06 13:00:00,SANLUIS,329.52
2026-04-06 14:00:00,SANLUIS,655.29
2026-04-06 15:00:00,SANLUIS,662.0
2026-04-06 16:00:00,SANLUIS,681.16
2026-04-06 17:00:00,SANLUIS,687.89
2026-04-06 18:00:00,SANLUIS,800.49
2026-04-06 19:00:00,SANLUIS,799.74
2026-04-06 20:00:00,SANLUIS,800.2
2026-04-06 21:00:00,SANLUIS,799.77
2026-04-06 22:00:00,SANLUIS,782.09
2026-04-06 23:00:00,SANLUIS,693.94
2026-04-06 00:00:00,TIJUANA,712.52
2026-04-06 01:00:00,TIJUANA,709.89
2026-04-06 02:00:00,TIJUANA,692.25
2026-04-06 03:00:00,TIJUANA,214.81
2026-04-06 04:00:00,TIJUANA,216.78
2026-04-06 05:00:00,TIJUANA,666.15
2026-04-06 06:00:00,TIJUANA,683.2
2026-04-06 07:00:00,TIJUANA,657.9
2026-04-06 08:00:00,TIJUANA,674.87
2026-04-06 09:00:00,TIJUANA,689.92
2026-04-06 10:00:00,TIJUANA,685.9
2026-04-06 11:00:00,TIJUANA,691.41
2026-04-06 12:00:00,TIJUANA,693.69
2026-04-06 13:00:00,TIJUANA,331.98
2026-04-06 14:00:00,TIJUANA,661.33
2026-04-06 15:00:00,TIJUANA,669.88
2026-04-06 16:00:00,TIJUANA,693.66
2026-04-06 17:00:00,TIJUANA,703.41
2026-04-06 18:00:00,TIJUANA,815.46
2026-04-06 19:00:00,TIJUANA,816.65
2026-04-06 20:00:00,TIJUANA,816.51
2026-04-06 21:00:00,TIJUANA,816.02
2026-04-06 22:00:00,TIJUANA,794.19
2026-04-06 23:00:00,TIJUANA,705.25
2026-04-07 00:00:00,ENSENADA,667.23
2026-04-07 01:00:00,ENSENADA,433.14
2026-04-07 02:00:00,ENSENADA,279.3
2026-04-07 03:00:00,ENSENADA,261.19
2026-04-07 04:00:00,ENSENADA,258.4
2026-04-07 05:00:00,ENSENADA,258.52
2026-04-07 06:00:00,ENSENADA,237.2
2026-04-07 07:00:00,ENSENADA,67.41
2026-04-07 08:00:00,ENSENADA,153.04
2026-04-07 09:00:00,ENSENADA,166.4
2026-04-07 10:00:00,ENSENADA,266.39
2026-04-07 11:00:00,ENSENADA,311.9
2026-04-07 12:00:00,ENSENADA,412.66
2026-04-07 13:00:00,ENSENADA,490.24
2026-04-07 14:00:00,ENSENADA,694.99
2026-04-07 15:00:00,ENSENADA,692.31
2026-04-07 16:00:00,ENSENADA,698.31
2026-04-07 17:00:00,ENSENADA,717.94
2026-04-07 18:00:00,ENSENADA,744.93
2026-04-07 19:00:00,ENSENADA,742.05
2026-04-07 20:00:00,ENSENADA,843.76
2026-04-07 21:00:00,ENSENADA,828.53
2026-04-07 22:00:00,ENSENADA,819.36
2026-04-07 23:00:00,ENSENADA,723.2
2026-04-07 00:00:00,MEXICALI,657.1
2026-04-07 01:00:00,MEXICALI,428.85
2026-04-07 02:00:00,MEXICALI,275.26
2026-04-07 03:00:00,MEXICALI,256.7
2026-04-07 04:00:00,MEXICALI,253.54
2026-04-07 05:00:00,MEXICALI,253.6
2026-04-07 06:00:00,MEXICALI,231.19
2026-04-07 07:00:00,MEXICALI,64.25
2026-04-07 08:00:00,MEXICALI,143.09
2026-04-07 09:00:00,MEXICALI,153.74
2026-04-07 10:00:00,MEXICALI,247.47
2026-04-07 11:00:00,MEXICALI,293.39
2026-04-07 12:00:00,MEXICALI,390.28
2026-04-07 13:00:00,MEXICALI,465.72
2026-04-07 14:00:00,MEXICALI,662.94
2026-04-07 15:00:00,MEXICALI,662.92
2026-04-07 16:00:00,MEXICALI,670.25
2026-04-07 17:00:00,MEXICALI,686.55
2026-04-07 18:00:00,MEXICALI,717.96
2026-04-07 19:00:00,MEXICALI,717.82
2026-04-07 20:00:00,MEXICALI,815.14
2026-04-07 21:00:00,MEXICALI,804.14
2026-04-07 22:00:00,MEXICALI,798.82
2026-04-07 23:00:00,MEXICALI,709.43
2026-04-07 00:00:00,SANLUIS,660.94
2026-04-07 01:00:00,SANLUIS,431.14
2026-04-07 02:00:00,SANLUIS,276.55
2026-04-07 03:00:00,SANLUIS,257.79
2026-04-07 04:00:00,SANLUIS,254.5
2026-04-07 05:00:00,SANLUIS,254.56
2026-04-07 06:00:00,SANLUIS,231.98
2026-04-07 07:00:00,SANLUIS,64.46
2026-04-07 08:00:00,SANLUIS,143.54
2026-04-07 09:00:00,SANLUIS,154.3
2026-04-07 10:00:00,SANLUIS,248.66
2026-04-07 11:00:00,SANLUIS,295.09
2026-04-07 12:00:00,SANLUIS,392.26
2026-04-07 13:00:00,SANLUIS,468.7
2026-04-07 14:00:00,SANLUIS,667.88
2026-04-07 15:00:00,SANLUIS,668.56
2026-04-07 16:00:00,SANLUIS,676.35
2026-04-07 17:00:00,SANLUIS,692.94
2026-04-07 18:00:00,SANLUIS,725.93
2026-04-07 19:00:00,SANLUIS,725.47
2026-04-07 20:00:00,SANLUIS,823.76
2026-04-07 21:00:00,SANLUIS,811.81
2026-04-07 22:00:00,SANLUIS,805.71
2026-04-07 23:00:00,SANLUIS,714.69
2026-04-07 00:00:00,TIJUANA,659.87
2026-04-07 01:00:00,TIJUANA,428.73
2026-04-07 02:00:00,TIJUANA,276.17
2026-04-07 03:00:00,TIJUANA,258.51
2026-04-07 04:00:00,TIJUANA,255.87
2026-04-07 05:00:00,TIJUANA,255.94
2026-04-07 06:00:00,TIJUANA,234.73
2026-04-07 07:00:00,TIJUANA,66.07
2026-04-07 08:00:00,TIJUANA,148.78
2026-04-07 09:00:00,TIJUANA,160.57
2026-04-07 10:00:00,TIJUANA,256.69
2026-04-07 11:00:00,TIJUANA,300.68
2026-04-07 12:00:00,TIJUANA,398.15
2026-04-07 13:00:00,TIJUANA,472.49
2026-04-07 14:00:00,TIJUANA,669.81
2026-04-07 15:00:00,TIJUANA,670.1
2026-04-07 16:00:00,TIJUANA,678.31
2026-04-07 17:00:00,TIJUANA,697.23
2026-04-07 18:00:00,TIJUANA,728.65
2026-04-07 19:00:00,TIJUANA,727.32
2026-04-07 20:00:00,TIJUANA,827.51
2026-04-07 21:00:00,TIJUANA,815.31
2026-04-07 22:00:00,TIJUANA,809.88
2026-04-07 23:00:00,TIJUANA,716.87
2026-04-08 00:00:00,ENSENADA,675.52
2026-04-08 01:00:00,ENSENADA,323.55
2026-04-08 02:00:00,ENSENADA,277.71
2026-04-08 03:00:00,ENSENADA,201.15
2026-04-08 04:00:00,ENSENADA,185.36
2026-04-08 05:00:00,ENSENADA,185.49
2026-04-08 06:00:00,ENSENADA,66.24
2026-04-08 07:00:00,ENSENADA,183.16
2026-04-08 08:00:00,ENSENADA,68.6
2026-04-08 09:00:00,ENSENADA,69.83
2026-04-08 10:00:00,ENSENADA,187.0
2026-04-08 11:00:00,ENSENADA,203.65
2026-04-08 12:00:00,ENSENADA,315.84
2026-04-08 13:00:00,ENSENADA,335.38
2026-04-08 14:00:00,ENSENADA,343.76
2026-04-08 15:00:00,ENSENADA,341.73
2026-04-08 16:00:00,ENSENADA,318.87
2026-04-08 17:00:00,ENSENADA,314.4
2026-04-08 18:00:00,ENSENADA,523.62
2026-04-08 19:00:00,ENSENADA,498.87
2026-04-08 20:00:00,ENSENADA,693.75
2026-04-08 21:00:00,ENSENADA,729.34
2026-04-08 22:00:00,ENSENADA,693.75
2026-04-08 23:00:00,ENSENADA,330.59
2026-04-08 00:00:00,MEXICALI,669.48
2026-04-08 01:00:00,MEXICALI,320.39
2026-04-08 02:00:00,MEXICALI,273.5
2026-04-08 03:00:00,MEXICALI,197.33
2026-04-08 04:00:00,MEXICALI,180.73
2026-04-08 05:00:00,MEXICALI,180.05
2026-04-08 06:00:00,MEXICALI,63.88
2026-04-08 07:00:00,MEXICALI,174.81
2026-04-08 08:00:00,MEXICALI,64.79
2026-04-08 09:00:00,MEXICALI,65.35
2026-04-08 10:00:00,MEXICALI,174.18
2026-04-08 11:00:00,MEXICALI,187.53
2026-04-08 12:00:00,MEXICALI,291.36
2026-04-08 13:00:00,MEXICALI,309.79
2026-04-08 14:00:00,MEXICALI,321.54
2026-04-08 15:00:00,MEXICALI,324.64
2026-04-08 16:00:00,MEXICALI,304.14
2026-04-08 17:00:00,MEXICALI,302.44
2026-04-08 18:00:00,MEXICALI,514.11
2026-04-08 19:00:00,MEXICALI,490.43
2026-04-08 20:00:00,MEXICALI,681.4
2026-04-08 21:00:00,MEXICALI,710.55
2026-04-08 22:00:00,MEXICALI,681.75
2026-04-08 23:00:00,MEXICALI,325.55
2026-04-08 00:00:00,SANLUIS,674.39
2026-04-08 01:00:00,SANLUIS,322.48
2026-04-08 02:00:00,SANLUIS,275.08
2026-04-08 03:00:00,SANLUIS,198.34
2026-04-08 04:00:00,SANLUIS,181.58
2026-04-08 05:00:00,SANLUIS,180.86
2026-04-08 06:00:00,SANLUIS,64.13
2026-04-08 07:00:00,SANLUIS,175.49
2026-04-08 08:00:00,SANLUIS,65.08
2026-04-08 09:00:00,SANLUIS,65.68
2026-04-08 10:00:00,SANLUIS,175.25
2026-04-08 11:00:00,SANLUIS,188.29
2026-04-08 12:00:00,SANLUIS,293.01
2026-04-08 13:00:00,SANLUIS,312.0
2026-04-08 14:00:00,SANLUIS,324.53
2026-04-08 15:00:00,SANLUIS,328.04
2026-04-08 16:00:00,SANLUIS,307.36
2026-04-08 17:00:00,SANLUIS,305.75
2026-04-08 18:00:00,SANLUIS,520.58
2026-04-08 19:00:00,SANLUIS,496.26
2026-04-08 20:00:00,SANLUIS,689.32
2026-04-08 21:00:00,SANLUIS,718.12
2026-04-08 22:00:00,SANLUIS,688.18
2026-04-08 23:00:00,SANLUIS,328.28
2026-04-08 00:00:00,TIJUANA,669.5
2026-04-08 01:00:00,TIJUANA,321.31
2026-04-08 02:00:00,TIJUANA,275.68
2026-04-08 03:00:00,TIJUANA,199.47
2026-04-08 04:00:00,TIJUANA,183.45
2026-04-08 05:00:00,TIJUANA,183.65
2026-04-08 06:00:00,TIJUANA,65.47
2026-04-08 07:00:00,TIJUANA,179.96
2026-04-08 08:00:00,TIJUANA,66.93
2026-04-08 09:00:00,TIJUANA,67.59
2026-04-08 10:00:00,TIJUANA,180.1
2026-04-08 11:00:00,TIJUANA,196.21
2026-04-08 12:00:00,TIJUANA,304.04
2026-04-08 13:00:00,TIJUANA,322.37
2026-04-08 14:00:00,TIJUANA,331.91
2026-04-08 15:00:00,TIJUANA,332.26
2026-04-08 16:00:00,TIJUANA,310.82
2026-04-08 17:00:00,TIJUANA,307.55
2026-04-08 18:00:00,TIJUANA,513.45
2026-04-08 19:00:00,TIJUANA,489.54
2026-04-08 20:00:00,TIJUANA,681.58
2026-04-08 21:00:00,TIJUANA,717.21
2026-04-08 22:00:00,TIJUANA,684.63
2026-04-08 23:00:00,TIJUANA,327.06
2026-04-09 00:00:00,ENSENADA,302.32
2026-04-09 01:00:00,ENSENADA,214.41
2026-04-09 02:00:00,ENSENADA,214.35
2026-04-09 03:00:00,ENSENADA,227.21
2026-04-09 04:00:00,ENSENADA,231.25
2026-04-09 05:00:00,ENSENADA,227.61
2026-04-09 06:00:00,ENSENADA,214.62
2026-04-09 07:00:00,ENSENADA,270.87
2026-04-09 08:00:00,ENSENADA,233.53
2026-04-09 09:00:00,ENSENADA,282.06
2026-04-09 10:00:00,ENSENADA,297.43
2026-04-09 11:00:00,ENSENADA,240.36
2026-04-09 12:00:00,ENSENADA,312.32
2026-04-09 13:00:00,ENSENADA,340.81
2026-04-09 14:00:00,ENSENADA,708.4
2026-04-09 15:00:00,ENSENADA,474.93
2026-04-09 16:00:00,ENSENADA,699.54
2026-04-09 17:00:00,ENSENADA,713.8
2026-04-09 18:00:00,ENSENADA,724.16
2026-04-09 19:00:00,ENSENADA,845.75
2026-04-09 20:00:00,ENSENADA,862.84
2026-04-09 21:00:00,ENSENADA,846.3
2026-04-09 22:00:00,ENSENADA,737.5
2026-04-09 23:00:00,ENSENADA,673.39
2026-04-09 00:00:00,MEXICALI,295.56
2026-04-09 01:00:00,MEXICALI,207.3
2026-04-09 02:00:00,MEXICALI,207.79
2026-04-09 03:00:00,MEXICALI,220.32
2026-04-09 04:00:00,MEXICALI,224.75
2026-04-09 05:00:00,MEXICALI,220.66
2026-04-09 06:00:00,MEXICALI,206.6
2026-04-09 07:00:00,MEXICALI,259.82
2026-04-09 08:00:00,MEXICALI,221.26
2026-04-09 09:00:00,MEXICALI,269.26
2026-04-09 10:00:00,MEXICALI,282.29
2026-04-09 11:00:00,MEXICALI,226.04
2026-04-09 12:00:00,MEXICALI,295.96
2026-04-09 13:00:00,MEXICALI,326.08
2026-04-09 14:00:00,MEXICALI,676.6
2026-04-09 15:00:00,MEXICALI,456.73
2026-04-09 16:00:00,MEXICALI,676.57
2026-04-09 17:00:00,MEXICALI,694.57
2026-04-09 18:00:00,MEXICALI,712.66
2026-04-09 19:00:00,MEXICALI,825.47
2026-04-09 20:00:00,MEXICALI,845.04
2026-04-09 21:00:00,MEXICALI,831.67
2026-04-09 22:00:00,MEXICALI,730.91
2026-04-09 23:00:00,MEXICALI,675.76
2026-04-09 00:00:00,SANLUIS,297.79
2026-04-09 01:00:00,SANLUIS,208.65
2026-04-09 02:00:00,SANLUIS,209.11
2026-04-09 03:00:00,SANLUIS,221.59
2026-04-09 04:00:00,SANLUIS,225.92
2026-04-09 05:00:00,SANLUIS,221.75
2026-04-09 06:00:00,SANLUIS,207.45
2026-04-09 07:00:00,SANLUIS,260.84
2026-04-09 08:00:00,SANLUIS,222.14
2026-04-09 09:00:00,SANLUIS,270.62
2026-04-09 10:00:00,SANLUIS,283.71
2026-04-09 11:00:00,SANLUIS,227.42
2026-04-09 12:00:00,SANLUIS,298.2
2026-04-09 13:00:00,SANLUIS,329.31
2026-04-09 14:00:00,SANLUIS,682.56
2026-04-09 15:00:00,SANLUIS,461.17
2026-04-09 16:00:00,SANLUIS,682.78
2026-04-09 17:00:00,SANLUIS,701.09
2026-04-09 18:00:00,SANLUIS,720.75
2026-04-09 19:00:00,SANLUIS,834.68
2026-04-09 20:00:00,SANLUIS,854.42
2026-04-09 21:00:00,SANLUIS,840.39
2026-04-09 22:00:00,SANLUIS,738.04
2026-04-09 23:00:00,SANLUIS,681.7
2026-04-09 00:00:00,TIJUANA,299.51
2026-04-09 01:00:00,TIJUANA,211.98
2026-04-09 02:00:00,TIJUANA,211.81
2026-04-09 03:00:00,TIJUANA,224.74
2026-04-09 04:00:00,TIJUANA,229.19
2026-04-09 05:00:00,TIJUANA,225.1
2026-04-09 06:00:00,TIJUANA,212.02
2026-04-09 07:00:00,TIJUANA,267.15
2026-04-09 08:00:00,TIJUANA,229.29
2026-04-09 09:00:00,TIJUANA,276.43
2026-04-09 10:00:00,TIJUANA,290.06
2026-04-09 11:00:00,TIJUANA,233.2
2026-04-09 12:00:00,TIJUANA,303.41
2026-04-09 13:00:00,TIJUANA,331.66
2026-04-09 14:00:00,TIJUANA,690.07
2026-04-09 15:00:00,TIJUANA,463.21
2026-04-09 16:00:00,TIJUANA,682.39
2026-04-09 17:00:00,TIJUANA,697.49
2026-04-09 18:00:00,TIJUANA,709.26
2026-04-09 19:00:00,TIJUANA,829.11
2026-04-09 20:00:00,TIJUANA,845.95
2026-04-09 21:00:00,TIJUANA,831.7
2026-04-09 22:00:00,TIJUANA,726.87
2026-04-09 23:00:00,TIJUANA,664.9
2026-04-10 00:00:00,ENSENADA,672.56
2026-04-10 01:00:00,ENSENADA,311.5
2026-04-10 02:00:00,ENSENADA,285.07
2026-04-10 03:00:00,ENSENADA,267.56
2026-04-10 04:00:00,ENSENADA,258.95
2026-04-10 05:00:00,ENSENADA,202.18
2026-04-10 06:00:00,ENSENADA,202.9
2026-04-10 07:00:00,ENSENADA,229.12
2026-04-10 08:00:00,ENSENADA,246.6
2026-04-10 09:00:00,ENSENADA,296.25
2026-04-10 10:00:00,ENSENADA,412.99
2026-04-10 11:00:00,ENSENADA,360.62
2026-04-10 12:00:00,ENSENADA,443.79
2026-04-10 13:00:00,ENSENADA,345.29
2026-04-10 14:00:00,ENSENADA,327.62
2026-04-10 15:00:00,ENSENADA,327.3
2026-04-10 16:00:00,ENSENADA,309.88
2026-04-10 17:00:00,ENSENADA,327.91
2026-04-10 18:00:00,ENSENADA,529.46
2026-04-10 19:00:00,ENSENADA,703.64
2026-04-10 20:00:00,ENSENADA,710.71
2026-04-10 21:00:00,ENSENADA,771.1
2026-04-10 22:00:00,ENSENADA,752.92
2026-04-10 23:00:00,ENSENADA,371.25
2026-04-10 00:00:00,MEXICALI,675.47
2026-04-10 01:00:00,MEXICALI,311.83
2026-04-10 02:00:00,MEXICALI,284.34
2026-04-10 03:00:00,MEXICALI,265.25
2026-04-10 04:00:00,MEXICALI,256.32
2026-04-10 05:00:00,MEXICALI,197.09
2026-04-10 06:00:00,MEXICALI,196.74
2026-04-10 07:00:00,MEXICALI,219.13
2026-04-10 08:00:00,MEXICALI,230.74
2026-04-10 09:00:00,MEXICALI,279.1
2026-04-10 10:00:00,MEXICALI,389.23
2026-04-10 11:00:00,MEXICALI,343.01
2026-04-10 12:00:00,MEXICALI,421.18
2026-04-10 13:00:00,MEXICALI,330.07
2026-04-10 14:00:00,MEXICALI,313.1
2026-04-10 15:00:00,MEXICALI,314.63
2026-04-10 16:00:00,MEXICALI,295.76
2026-04-10 17:00:00,MEXICALI,314.37
2026-04-10 18:00:00,MEXICALI,515.42
2026-04-10 19:00:00,MEXICALI,684.06
2026-04-10 20:00:00,MEXICALI,692.95
2026-04-10 21:00:00,MEXICALI,751.09
2026-04-10 22:00:00,MEXICALI,738.44
2026-04-10 23:00:00,MEXICALI,368.07
2026-04-10 00:00:00,SANLUIS,680.76
2026-04-10 01:00:00,SANLUIS,314.2
2026-04-10 02:00:00,SANLUIS,286.3
2026-04-10 03:00:00,SANLUIS,266.91
2026-04-10 04:00:00,SANLUIS,257.8
2026-04-10 05:00:00,SANLUIS,198.11
2026-04-10 06:00:00,SANLUIS,197.71
2026-04-10 07:00:00,SANLUIS,220.12
2026-04-10 08:00:00,SANLUIS,231.78
2026-04-10 09:00:00,SANLUIS,280.66
2026-04-10 10:00:00,SANLUIS,391.97
2026-04-10 11:00:00,SANLUIS,345.66
2026-04-10 12:00:00,SANLUIS,424.85
2026-04-10 13:00:00,SANLUIS,333.27
2026-04-10 14:00:00,SANLUIS,316.46
2026-04-10 15:00:00,SANLUIS,318.35
2026-04-10 16:00:00,SANLUIS,299.42
2026-04-10 17:00:00,SANLUIS,318.31
2026-04-10 18:00:00,SANLUIS,521.31
2026-04-10 19:00:00,SANLUIS,691.7
2026-04-10 20:00:00,SANLUIS,700.68
2026-04-10 21:00:00,SANLUIS,759.34
2026-04-10 22:00:00,SANLUIS,746.09
2026-04-10 23:00:00,SANLUIS,371.63
2026-04-10 00:00:00,TIJUANA,665.69
2026-04-10 01:00:00,TIJUANA,308.35
2026-04-10 02:00:00,TIJUANA,282.21
2026-04-10 03:00:00,TIJUANA,264.77
2026-04-10 04:00:00,TIJUANA,256.26
2026-04-10 05:00:00,TIJUANA,199.23
2026-04-10 06:00:00,TIJUANA,199.57
2026-04-10 07:00:00,TIJUANA,224.13
2026-04-10 08:00:00,TIJUANA,239.98
2026-04-10 09:00:00,TIJUANA,287.47
2026-04-10 10:00:00,TIJUANA,399.0
2026-04-10 11:00:00,TIJUANA,349.45
2026-04-10 12:00:00,TIJUANA,428.5
2026-04-10 13:00:00,TIJUANA,334.8
2026-04-10 14:00:00,TIJUANA,317.74
2026-04-10 15:00:00,TIJUANA,317.8
2026-04-10 16:00:00,TIJUANA,300.47
2026-04-10 17:00:00,TIJUANA,317.44
2026-04-10 18:00:00,TIJUANA,514.09
2026-04-10 19:00:00,TIJUANA,686.71
2026-04-10 20:00:00,TIJUANA,695.89
2026-04-10 21:00:00,TIJUANA,756.83
2026-04-10 22:00:00,TIJUANA,739.82
2026-04-10 23:00:00,TIJUANA,366.25
2026-04-11 00:00:00,ENSENADA,312.89
2026-04-11 01:00:00,ENSENADA,268.83
2026-04-11 02:00:00,ENSENADA,203.79
2026-04-11 03:00:00,ENSENADA,102.99
2026-04-11 04:00:00,ENSENADA,147.2
2026-04-11 05:00:00,ENSENADA,147.19
2026-04-11 06:00:00,ENSENADA,103.85
2026-04-11 07:00:00,ENSENADA,67.46
2026-04-11 08:00:00,ENSENADA,68.95
2026-04-11 09:00:00,ENSENADA,206.53
2026-04-11 10:00:00,ENSENADA,69.45
2026-04-11 11:00:00,ENSENADA,106.59
2026-04-11 12:00:00,ENSENADA,106.61
2026-04-11 13:00:00,ENSENADA,208.32
2026-04-11 14:00:00,ENSENADA,105.05
2026-04-11 15:00:00,ENSENADA,104.77
2026-04-11 16:00:00,ENSENADA,94.09
2026-04-11 17:00:00,ENSENADA,94.66
2026-04-11 18:00:00,ENSENADA,105.75
2026-04-11 19:00:00,ENSENADA,94.28
2026-04-11 20:00:00,ENSENADA,94.08
2026-04-11 21:00:00,ENSENADA,93.68
2026-04-11 22:00:00,ENSENADA,92.71
2026-04-11 23:00:00,ENSENADA,91.93
2026-04-11 00:00:00,MEXICALI,306.02
2026-04-11 01:00:00,MEXICALI,260.47
2026-04-11 02:00:00,MEXICALI,196.42
2026-04-11 03:00:00,MEXICALI,99.28
2026-04-11 04:00:00,MEXICALI,141.38
2026-04-11 05:00:00,MEXICALI,141.32
2026-04-11 06:00:00,MEXICALI,99.24
2026-04-11 07:00:00,MEXICALI,64.09
2026-04-11 08:00:00,MEXICALI,64.66
2026-04-11 09:00:00,MEXICALI,192.97
2026-04-11 10:00:00,MEXICALI,65.05
2026-04-11 11:00:00,MEXICALI,99.14
2026-04-11 12:00:00,MEXICALI,99.22
2026-04-11 13:00:00,MEXICALI,194.78
2026-04-11 14:00:00,MEXICALI,99.4
2026-04-11 15:00:00,MEXICALI,99.4
2026-04-11 16:00:00,MEXICALI,88.98
2026-04-11 17:00:00,MEXICALI,89.18
2026-04-11 18:00:00,MEXICALI,99.17
2026-04-11 19:00:00,MEXICALI,89.09
2026-04-11 20:00:00,MEXICALI,89.02
2026-04-11 21:00:00,MEXICALI,88.87
2026-04-11 22:00:00,MEXICALI,88.66
2026-04-11 23:00:00,MEXICALI,88.52
2026-04-11 00:00:00,SANLUIS,308.6
2026-04-11 01:00:00,SANLUIS,262.35
2026-04-11 02:00:00,SANLUIS,197.65
2026-04-11 03:00:00,SANLUIS,99.81
2026-04-11 04:00:00,SANLUIS,142.05
2026-04-11 05:00:00,SANLUIS,141.96
2026-04-11 06:00:00,SANLUIS,99.63
2026-04-11 07:00:00,SANLUIS,64.36
2026-04-11 08:00:00,SANLUIS,64.96
2026-04-11 09:00:00,SANLUIS,194.04
2026-04-11 10:00:00,SANLUIS,65.45
2026-04-11 11:00:00,SANLUIS,99.81
2026-04-11 12:00:00,SANLUIS,100.0
2026-04-11 13:00:00,SANLUIS,196.57
2026-04-11 14:00:00,SANLUIS,100.42
2026-04-11 15:00:00,SANLUIS,100.46
2026-04-11 16:00:00,SANLUIS,89.93
2026-04-11 17:00:00,SANLUIS,90.11
2026-04-11 18:00:00,SANLUIS,100.16
2026-04-11 19:00:00,SANLUIS,89.94
2026-04-11 20:00:00,SANLUIS,89.86
2026-04-11 21:00:00,SANLUIS,89.65
2026-04-11 22:00:00,SANLUIS,89.34
2026-04-11 23:00:00,SANLUIS,89.13
2026-04-11 00:00:00,TIJUANA,307.93
2026-04-11 01:00:00,TIJUANA,264.62
2026-04-11 02:00:00,TIJUANA,199.94
2026-04-11 03:00:00,TIJUANA,100.96
2026-04-11 04:00:00,TIJUANA,144.25
2026-04-11 05:00:00,TIJUANA,144.31
2026-04-11 06:00:00,TIJUANA,101.72
2026-04-11 07:00:00,TIJUANA,65.81
2026-04-11 08:00:00,TIJUANA,66.73
2026-04-11 09:00:00,TIJUANA,199.38
2026-04-11 10:00:00,TIJUANA,66.93
2026-04-11 11:00:00,TIJUANA,102.1
2026-04-11 12:00:00,TIJUANA,101.99
2026-04-11 13:00:00,TIJUANA,199.34
2026-04-11 14:00:00,TIJUANA,101.31
2026-04-11 15:00:00,TIJUANA,101.16
2026-04-11 16:00:00,TIJUANA,91.06
2026-04-11 17:00:00,TIJUANA,91.91
2026-04-11 18:00:00,TIJUANA,102.65
2026-04-11 19:00:00,TIJUANA,91.41
2026-04-11 20:00:00,TIJUANA,91.19
2026-04-11 21:00:00,TIJUANA,91.1
2026-04-11 22:00:00,TIJUANA,90.5
2026-04-11 23:00:00,TIJUANA,90.01
2026-04-12 00:00:00,ENSENADA,92.22
2026-04-12 01:00:00,ENSENADA,93.12
2026-04-12 02:00:00,ENSENADA,93.16
2026-04-12 03:00:00,ENSENADA,92.69
2026-04-12 04:00:00,ENSENADA,92.62
2026-04-12 05:00:00,ENSENADA,92.63
2026-04-12 06:00:00,ENSENADA,92.71
2026-04-12 07:00:00,ENSENADA,93.48
2026-04-12 08:00:00,ENSENADA,67.09
2026-04-12 09:00:00,ENSENADA,67.33
2026-04-12 10:00:00,ENSENADA,67.5
2026-04-12 11:00:00,ENSENADA,67.85
2026-04-12 12:00:00,ENSENADA,68.74
2026-04-12 13:00:00,ENSENADA,69.01
2026-04-12 14:00:00,ENSENADA,95.01
2026-04-12 15:00:00,ENSENADA,95.12
2026-04-12 16:00:00,ENSENADA,94.64
2026-04-12 17:00:00,ENSENADA,95.09
2026-04-12 18:00:00,ENSENADA,95.27
2026-04-12 19:00:00,ENSENADA,107.55
2026-04-12 20:00:00,ENSENADA,107.69
2026-04-12 21:00:00,ENSENADA,107.19
2026-04-12 22:00:00,ENSENADA,106.26
2026-04-12 23:00:00,ENSENADA,93.52
2026-04-12 00:00:00,MEXICALI,88.51
2026-04-12 01:00:00,MEXICALI,88.55
2026-04-12 02:00:00,MEXICALI,88.53
2026-04-12 03:00:00,MEXICALI,88.43
2026-04-12 04:00:00,MEXICALI,88.41
2026-04-12 05:00:00,MEXICALI,88.4
2026-04-12 06:00:00,MEXICALI,88.4
2026-04-12 07:00:00,MEXICALI,88.42
2026-04-12 08:00:00,MEXICALI,63.76
2026-04-12 09:00:00,MEXICALI,64.0
2026-04-12 10:00:00,MEXICALI,64.13
2026-04-12 11:00:00,MEXICALI,64.36
2026-04-12 12:00:00,MEXICALI,64.56
2026-04-12 13:00:00,MEXICALI,64.49
2026-04-12 14:00:00,MEXICALI,88.37
2026-04-12 15:00:00,MEXICALI,88.44
2026-04-12 16:00:00,MEXICALI,88.71
2026-04-12 17:00:00,MEXICALI,88.99
2026-04-12 18:00:00,MEXICALI,88.99
2026-04-12 19:00:00,MEXICALI,100.05
2026-04-12 20:00:00,MEXICALI,100.16
2026-04-12 21:00:00,MEXICALI,100.09
2026-04-12 22:00:00,MEXICALI,99.86
2026-04-12 23:00:00,MEXICALI,88.72
2026-04-12 00:00:00,SANLUIS,89.04
2026-04-12 01:00:00,SANLUIS,89.0
2026-04-12 02:00:00,SANLUIS,88.9
2026-04-12 03:00:00,SANLUIS,88.76
2026-04-12 04:00:00,SANLUIS,88.7
2026-04-12 05:00:00,SANLUIS,88.67
2026-04-12 06:00:00,SANLUIS,88.64
2026-04-12 07:00:00,SANLUIS,88.63
2026-04-12 08:00:00,SANLUIS,63.94
2026-04-12 09:00:00,SANLUIS,64.22
2026-04-12 10:00:00,SANLUIS,64.35
2026-04-12 11:00:00,SANLUIS,64.57
2026-04-12 12:00:00,SANLUIS,64.77
2026-04-12 13:00:00,SANLUIS,64.72
2026-04-12 14:00:00,SANLUIS,88.71
2026-04-12 15:00:00,SANLUIS,88.81
2026-04-12 16:00:00,SANLUIS,89.13
2026-04-12 17:00:00,SANLUIS,89.41
2026-04-12 18:00:00,SANLUIS,89.37
2026-04-12 19:00:00,SANLUIS,100.57
2026-04-12 20:00:00,SANLUIS,100.73
2026-04-12 21:00:00,SANLUIS,100.63
2026-04-12 22:00:00,SANLUIS,100.35
2026-04-12 23:00:00,SANLUIS,89.11
2026-04-12 00:00:00,TIJUANA,90.35
2026-04-12 01:00:00,TIJUANA,91.1
2026-04-12 02:00:00,TIJUANA,91.26
2026-04-12 03:00:00,TIJUANA,90.99
2026-04-12 04:00:00,TIJUANA,90.97
2026-04-12 05:00:00,TIJUANA,90.91
2026-04-12 06:00:00,TIJUANA,90.96
2026-04-12 07:00:00,TIJUANA,91.53
2026-04-12 08:00:00,TIJUANA,65.61
2026-04-12 09:00:00,TIJUANA,65.76
2026-04-12 10:00:00,TIJUANA,65.86
2026-04-12 11:00:00,TIJUANA,66.24
2026-04-12 12:00:00,TIJUANA,66.68
2026-04-12 13:00:00,TIJUANA,66.7
2026-04-12 14:00:00,TIJUANA,91.68
2026-04-12 15:00:00,TIJUANA,91.89
2026-04-12 16:00:00,TIJUANA,92.2
2026-04-12 17:00:00,TIJUANA,92.98
2026-04-12 18:00:00,TIJUANA,93.07
2026-04-12 19:00:00,TIJUANA,104.95
2026-04-12 20:00:00,TIJUANA,104.98
2026-04-12 21:00:00,TIJUANA,104.73
2026-04-12 22:00:00,TIJUANA,104.0
2026-04-12 23:00:00,TIJUANA,91.65
2026-04-13 00:00:00,ENSENADA,93.13
2026-04-13 01:00:00,ENSENADA,93.25
2026-04-13 02:00:00,ENSENADA,93.06
2026-04-13 03:00:00,ENSENADA,92.93
2026-04-13 04:00:00,ENSENADA,93.17
2026-04-13 05:00:00,ENSENADA,93.16
2026-04-13 06:00:00,ENSENADA,94.21
2026-04-13 07:00:00,ENSENADA,96.24
2026-04-13 08:00:00,ENSENADA,97.18
2026-04-13 09:00:00,ENSENADA,97.51
2026-04-13 10:00:00,ENSENADA,98.56
2026-04-13 11:00:00,ENSENADA,97.94
2026-04-13 12:00:00,ENSENADA,96.02
2026-04-13 13:00:00,ENSENADA,95.68
2026-04-13 14:00:00,ENSENADA,94.87
2026-04-13 15:00:00,ENSENADA,94.36
2026-04-13 16:00:00,ENSENADA,94.92
2026-04-13 17:00:00,ENSENADA,94.63
2026-04-13 18:00:00,ENSENADA,95.58
2026-04-13 19:00:00,ENSENADA,105.83
2026-04-13 20:00:00,ENSENADA,107.41
2026-04-13 21:00:00,ENSENADA,104.81
2026-04-13 22:00:00,ENSENADA,98.88
2026-04-13 23:00:00,ENSENADA,93.29
2026-04-13 00:00:00,MEXICALI,88.63
2026-04-13 01:00:00,MEXICALI,88.63
2026-04-13 02:00:00,MEXICALI,88.57
2026-04-13 03:00:00,MEXICALI,88.51
2026-04-13 04:00:00,MEXICALI,88.56
2026-04-13 05:00:00,MEXICALI,88.55
2026-04-13 06:00:00,MEXICALI,88.78
2026-04-13 07:00:00,MEXICALI,88.86
2026-04-13 08:00:00,MEXICALI,88.75
2026-04-13 09:00:00,MEXICALI,88.71
2026-04-13 10:00:00,MEXICALI,88.92
2026-04-13 11:00:00,MEXICALI,88.92
2026-04-13 12:00:00,MEXICALI,88.87
2026-04-13 13:00:00,MEXICALI,89.01
2026-04-13 14:00:00,MEXICALI,88.92
2026-04-13 15:00:00,MEXICALI,89.1
2026-04-13 16:00:00,MEXICALI,89.14
2026-04-13 17:00:00,MEXICALI,88.97
2026-04-13 18:00:00,MEXICALI,89.06
2026-04-13 19:00:00,MEXICALI,98.44
2026-04-13 20:00:00,MEXICALI,100.35
2026-04-13 21:00:00,MEXICALI,98.76
2026-04-13 22:00:00,MEXICALI,93.91
2026-04-13 23:00:00,MEXICALI,89.07
2026-04-13 00:00:00,SANLUIS,88.91
2026-04-13 01:00:00,SANLUIS,88.85
2026-04-13 02:00:00,SANLUIS,88.76
2026-04-13 03:00:00,SANLUIS,88.68
2026-04-13 04:00:00,SANLUIS,88.71
2026-04-13 05:00:00,SANLUIS,88.73
2026-04-13 06:00:00,SANLUIS,88.93
2026-04-13 07:00:00,SANLUIS,88.95
2026-04-13 08:00:00,SANLUIS,88.86
2026-04-13 09:00:00,SANLUIS,88.86
2026-04-13 10:00:00,SANLUIS,89.08
2026-04-13 11:00:00,SANLUIS,89.06
2026-04-13 12:00:00,SANLUIS,89.11
2026-04-13 13:00:00,SANLUIS,89.43
2026-04-13 14:00:00,SANLUIS,89.4
2026-04-13 15:00:00,SANLUIS,89.67
2026-04-13 16:00:00,SANLUIS,89.7
2026-04-13 17:00:00,SANLUIS,89.47
2026-04-13 18:00:00,SANLUIS,89.49
2026-04-13 19:00:00,SANLUIS,98.95
2026-04-13 20:00:00,SANLUIS,100.9
2026-04-13 21:00:00,SANLUIS,99.26
2026-04-13 22:00:00,SANLUIS,94.29
2026-04-13 23:00:00,SANLUIS,89.36
2026-04-13 00:00:00,TIJUANA,91.39
2026-04-13 01:00:00,TIJUANA,91.59
2026-04-13 02:00:00,TIJUANA,91.4
2026-04-13 03:00:00,TIJUANA,91.25
2026-04-13 04:00:00,TIJUANA,91.39
2026-04-13 05:00:00,TIJUANA,91.37
2026-04-13 06:00:00,TIJUANA,92.18
2026-04-13 07:00:00,TIJUANA,93.39
2026-04-13 08:00:00,TIJUANA,93.61
2026-04-13 09:00:00,TIJUANA,93.79
2026-04-13 10:00:00,TIJUANA,94.66
2026-04-13 11:00:00,TIJUANA,94.65
2026-04-13 12:00:00,TIJUANA,93.26
2026-04-13 13:00:00,TIJUANA,93.0
2026-04-13 14:00:00,TIJUANA,92.42
2026-04-13 15:00:00,TIJUANA,91.86
2026-04-13 16:00:00,TIJUANA,92.27
2026-04-13 17:00:00,TIJUANA,91.9
2026-04-13 18:00:00,TIJUANA,92.36
2026-04-13 19:00:00,TIJUANA,102.49
2026-04-13 20:00:00,TIJUANA,104.69
2026-04-13 21:00:00,TIJUANA,102.53
2026-04-13 22:00:00,TIJUANA,96.99
2026-04-13 23:00:00,TIJUANA,91.6
2026-04-14 00:00:00,ENSENADA,93.15
2026-04-14 01:00:00,ENSENADA,92.33
2026-04-14 02:00:00,ENSENADA,92.06
2026-04-14 03:00:00,ENSENADA,92.06
2026-04-14 04:00:00,ENSENADA,91.73
2026-04-14 05:00:00,ENSENADA,92.22
2026-04-14 06:00:00,ENSENADA,66.86
2026-04-14 07:00:00,ENSENADA,94.55
2026-04-14 08:00:00,ENSENADA,95.08
2026-04-14 09:00:00,ENSENADA,96.99
2026-04-14 10:00:00,ENSENADA,95.9
2026-04-14 11:00:00,ENSENADA,96.13
2026-04-14 12:00:00,ENSENADA,105.93
2026-04-14 13:00:00,ENSENADA,245.53
2026-04-14 14:00:00,ENSENADA,253.18
2026-04-14 15:00:00,ENSENADA,97.96
2026-04-14 16:00:00,ENSENADA,107.08
2026-04-14 17:00:00,ENSENADA,250.63
2026-04-14 18:00:00,ENSENADA,284.72
2026-04-14 19:00:00,ENSENADA,388.58
2026-04-14 20:00:00,ENSENADA,414.22
2026-04-14 21:00:00,ENSENADA,298.36
2026-04-14 22:00:00,ENSENADA,273.71
2026-04-14 23:00:00,ENSENADA,250.04
2026-04-14 00:00:00,MEXICALI,88.79
2026-04-14 01:00:00,MEXICALI,88.52
2026-04-14 02:00:00,MEXICALI,88.49
2026-04-14 03:00:00,MEXICALI,88.5
2026-04-14 04:00:00,MEXICALI,88.54
2026-04-14 05:00:00,MEXICALI,88.51
2026-04-14 06:00:00,MEXICALI,63.85
2026-04-14 07:00:00,MEXICALI,88.58
2026-04-14 08:00:00,MEXICALI,88.6
2026-04-14 09:00:00,MEXICALI,88.76
2026-04-14 10:00:00,MEXICALI,88.54
2026-04-14 11:00:00,MEXICALI,89.03
2026-04-14 12:00:00,MEXICALI,98.28
2026-04-14 13:00:00,MEXICALI,227.58
2026-04-14 14:00:00,MEXICALI,234.31
2026-04-14 15:00:00,MEXICALI,90.01
2026-04-14 16:00:00,MEXICALI,98.27
2026-04-14 17:00:00,MEXICALI,228.35
2026-04-14 18:00:00,MEXICALI,265.93
2026-04-14 19:00:00,MEXICALI,364.48
2026-04-14 20:00:00,MEXICALI,392.38
2026-04-14 21:00:00,MEXICALI,282.57
2026-04-14 22:00:00,MEXICALI,258.41
2026-04-14 23:00:00,MEXICALI,234.79
2026-04-14 00:00:00,SANLUIS,89.01
2026-04-14 01:00:00,SANLUIS,88.69
2026-04-14 02:00:00,SANLUIS,88.64
2026-04-14 03:00:00,SANLUIS,88.64
2026-04-14 04:00:00,SANLUIS,88.71
2026-04-14 05:00:00,SANLUIS,88.65
2026-04-14 06:00:00,SANLUIS,63.94
2026-04-14 07:00:00,SANLUIS,88.59
2026-04-14 08:00:00,SANLUIS,88.7
2026-04-14 09:00:00,SANLUIS,88.83
2026-04-14 10:00:00,SANLUIS,88.69
2026-04-14 11:00:00,SANLUIS,89.37
2026-04-14 12:00:00,SANLUIS,98.76
2026-04-14 13:00:00,SANLUIS,228.91
2026-04-14 14:00:00,SANLUIS,235.83
2026-04-14 15:00:00,SANLUIS,90.55
2026-04-14 16:00:00,SANLUIS,98.88
2026-04-14 17:00:00,SANLUIS,229.89
2026-04-14 18:00:00,SANLUIS,267.75
2026-04-14 19:00:00,SANLUIS,367.07
2026-04-14 20:00:00,SANLUIS,395.33
2026-04-14 21:00:00,SANLUIS,284.53
2026-04-14 22:00:00,SANLUIS,259.89
2026-04-14 23:00:00,SANLUIS,235.84
2026-04-14 00:00:00,TIJUANA,91.32
2026-04-14 01:00:00,TIJUANA,90.61
2026-04-14 02:00:00,TIJUANA,90.31
2026-04-14 03:00:00,TIJUANA,90.28
2026-04-14 04:00:00,TIJUANA,90.11
2026-04-14 05:00:00,TIJUANA,90.49
2026-04-14 06:00:00,TIJUANA,65.56
2026-04-14 07:00:00,TIJUANA,92.12
2026-04-14 08:00:00,TIJUANA,91.83
2026-04-14 09:00:00,TIJUANA,92.83
2026-04-14 10:00:00,TIJUANA,91.72
2026-04-14 11:00:00,TIJUANA,91.97
2026-04-14 12:00:00,TIJUANA,101.32
2026-04-14 13:00:00,TIJUANA,234.62
2026-04-14 14:00:00,TIJUANA,241.97
2026-04-14 15:00:00,TIJUANA,93.63
2026-04-14 16:00:00,TIJUANA,102.42
2026-04-14 17:00:00,TIJUANA,239.7
2026-04-14 18:00:00,TIJUANA,272.67
2026-04-14 19:00:00,TIJUANA,371.88
2026-04-14 20:00:00,TIJUANA,399.27
2026-04-14 21:00:00,TIJUANA,288.01
2026-04-14 22:00:00,TIJUANA,264.3
2026-04-14 23:00:00,TIJUANA,241.46
2026-04-15 00:00:00,ENSENADA,105.36
2026-04-15 01:00:00,ENSENADA,95.2
2026-04-15 02:00:00,ENSENADA,93.93
2026-04-15 03:00:00,ENSENADA,93.62
2026-04-15 04:00:00,ENSENADA,93.81
2026-04-15 05:00:00,ENSENADA,94.26
2026-04-15 06:00:00,ENSENADA,105.68
2026-04-15 07:00:00,ENSENADA,97.47
2026-04-15 08:00:00,ENSENADA,97.47
2026-04-15 09:00:00,ENSENADA,97.16
2026-04-15 10:00:00,ENSENADA,97.33
2026-04-15 11:00:00,ENSENADA,106.83
2026-04-15 12:00:00,ENSENADA,209.99
2026-04-15 13:00:00,ENSENADA,202.95
2026-04-15 14:00:00,ENSENADA,109.09
2026-04-15 15:00:00,ENSENADA,322.72
2026-04-15 16:00:00,ENSENADA,413.83
2026-04-15 17:00:00,ENSENADA,218.51
2026-04-15 18:00:00,ENSENADA,221.53
2026-04-15 19:00:00,ENSENADA,224.65
2026-04-15 20:00:00,ENSENADA,263.43
2026-04-15 21:00:00,ENSENADA,369.06
2026-04-15 22:00:00,ENSENADA,257.09
2026-04-15 23:00:00,ENSENADA,193.81
2026-04-15 00:00:00,MEXICALI,99.15
2026-04-15 01:00:00,MEXICALI,90.04
2026-04-15 02:00:00,MEXICALI,89.02
2026-04-15 03:00:00,MEXICALI,88.92
2026-04-15 04:00:00,MEXICALI,88.93
2026-04-15 05:00:00,MEXICALI,89.1
2026-04-15 06:00:00,MEXICALI,98.93
2026-04-15 07:00:00,MEXICALI,89.05
2026-04-15 08:00:00,MEXICALI,88.65
2026-04-15 09:00:00,MEXICALI,88.66
2026-04-15 10:00:00,MEXICALI,88.71
2026-04-15 11:00:00,MEXICALI,98.45
2026-04-15 12:00:00,MEXICALI,195.1
2026-04-15 13:00:00,MEXICALI,185.84
2026-04-15 14:00:00,MEXICALI,99.47
2026-04-15 15:00:00,MEXICALI,295.9
2026-04-15 16:00:00,MEXICALI,381.8
2026-04-15 17:00:00,MEXICALI,201.05
2026-04-15 18:00:00,MEXICALI,208.91
2026-04-15 19:00:00,MEXICALI,211.88
2026-04-15 20:00:00,MEXICALI,249.68
2026-04-15 21:00:00,MEXICALI,353.21
2026-04-15 22:00:00,MEXICALI,244.74
2026-04-15 23:00:00,MEXICALI,183.93
2026-04-15 00:00:00,SANLUIS,99.53
2026-04-15 01:00:00,SANLUIS,90.34
2026-04-15 02:00:00,SANLUIS,89.28
2026-04-15 03:00:00,SANLUIS,89.16
2026-04-15 04:00:00,SANLUIS,89.15
2026-04-15 05:00:00,SANLUIS,89.34
2026-04-15 06:00:00,SANLUIS,99.14
2026-04-15 07:00:00,SANLUIS,89.18
2026-04-15 08:00:00,SANLUIS,88.78
2026-04-15 09:00:00,SANLUIS,88.86
2026-04-15 10:00:00,SANLUIS,88.99
2026-04-15 11:00:00,SANLUIS,99.09
2026-04-15 12:00:00,SANLUIS,196.48
2026-04-15 13:00:00,SANLUIS,187.17
2026-04-15 14:00:00,SANLUIS,100.2
2026-04-15 15:00:00,SANLUIS,297.99
2026-04-15 16:00:00,SANLUIS,384.71
2026-04-15 17:00:00,SANLUIS,202.69
2026-04-15 18:00:00,SANLUIS,210.67
2026-04-15 19:00:00,SANLUIS,213.55
2026-04-15 20:00:00,SANLUIS,251.8
2026-04-15 21:00:00,SANLUIS,356.11
2026-04-15 22:00:00,SANLUIS,246.5
2026-04-15 23:00:00,SANLUIS,185.03
2026-04-15 00:00:00,TIJUANA,101.77
2026-04-15 01:00:00,TIJUANA,91.88
2026-04-15 02:00:00,TIJUANA,90.73
2026-04-15 03:00:00,TIJUANA,90.49
2026-04-15 04:00:00,TIJUANA,90.66
2026-04-15 05:00:00,TIJUANA,91.01
2026-04-15 06:00:00,TIJUANA,101.97
2026-04-15 07:00:00,TIJUANA,93.59
2026-04-15 08:00:00,TIJUANA,93.33
2026-04-15 09:00:00,TIJUANA,93.07
2026-04-15 10:00:00,TIJUANA,93.1
2026-04-15 11:00:00,TIJUANA,102.11
2026-04-15 12:00:00,TIJUANA,200.7
2026-04-15 13:00:00,TIJUANA,193.42
2026-04-15 14:00:00,TIJUANA,104.02
2026-04-15 15:00:00,TIJUANA,308.15
2026-04-15 16:00:00,TIJUANA,396.11
2026-04-15 17:00:00,TIJUANA,209.04
2026-04-15 18:00:00,TIJUANA,213.48
2026-04-15 19:00:00,TIJUANA,217.68
2026-04-15 20:00:00,TIJUANA,255.47
2026-04-15 21:00:00,TIJUANA,358.75
2026-04-15 22:00:00,TIJUANA,250.2
2026-04-15 23:00:00,TIJUANA,188.92
2026-04-16 00:00:00,ENSENADA,105.29
2026-04-16 01:00:00,ENSENADA,104.09
2026-04-16 02:00:00,ENSENADA,94.03
2026-04-16 03:00:00,ENSENADA,94.16
2026-04-16 04:00:00,ENSENADA,94.37
2026-04-16 05:00:00,ENSENADA,95.24
2026-04-16 06:00:00,ENSENADA,96.04
2026-04-16 07:00:00,ENSENADA,96.7
2026-04-16 08:00:00,ENSENADA,96.48
2026-04-16 09:00:00,ENSENADA,96.37
2026-04-16 10:00:00,ENSENADA,96.55
2026-04-16 11:00:00,ENSENADA,97.35
2026-04-16 12:00:00,ENSENADA,259.85
2026-04-16 13:00:00,ENSENADA,332.96
2026-04-16 14:00:00,ENSENADA,668.78
2026-04-16 15:00:00,ENSENADA,671.05
2026-04-16 16:00:00,ENSENADA,658.5
2026-04-16 17:00:00,ENSENADA,658.06
2026-04-16 18:00:00,ENSENADA,457.94
2026-04-16 19:00:00,ENSENADA,432.93
2026-04-16 20:00:00,ENSENADA,742.35
2026-04-16 21:00:00,ENSENADA,722.72
2026-04-16 22:00:00,ENSENADA,202.53
2026-04-16 23:00:00,ENSENADA,182.59
2026-04-16 00:00:00,MEXICALI,99.83
2026-04-16 01:00:00,MEXICALI,99.23
2026-04-16 02:00:00,MEXICALI,89.22
2026-04-16 03:00:00,MEXICALI,89.15
2026-04-16 04:00:00,MEXICALI,89.15
2026-04-16 05:00:00,MEXICALI,89.22
2026-04-16 06:00:00,MEXICALI,89.24
2026-04-16 07:00:00,MEXICALI,89.08
2026-04-16 08:00:00,MEXICALI,88.92
2026-04-16 09:00:00,MEXICALI,88.74
2026-04-16 10:00:00,MEXICALI,88.67
2026-04-16 11:00:00,MEXICALI,89.04
2026-04-16 12:00:00,MEXICALI,243.36
2026-04-16 13:00:00,MEXICALI,312.97
2026-04-16 14:00:00,MEXICALI,638.78
2026-04-16 15:00:00,MEXICALI,644.55
2026-04-16 16:00:00,MEXICALI,638.92
2026-04-16 17:00:00,MEXICALI,638.44
2026-04-16 18:00:00,MEXICALI,443.09
2026-04-16 19:00:00,MEXICALI,417.0
2026-04-16 20:00:00,MEXICALI,711.4
2026-04-16 21:00:00,MEXICALI,699.5
2026-04-16 22:00:00,MEXICALI,193.77
2026-04-16 23:00:00,MEXICALI,174.53
2026-04-16 00:00:00,SANLUIS,100.32
2026-04-16 01:00:00,SANLUIS,99.64
2026-04-16 02:00:00,SANLUIS,89.54
2026-04-16 03:00:00,SANLUIS,89.46
2026-04-16 04:00:00,SANLUIS,89.45
2026-04-16 05:00:00,SANLUIS,89.51
2026-04-16 06:00:00,SANLUIS,89.49
2026-04-16 07:00:00,SANLUIS,89.26
2026-04-16 08:00:00,SANLUIS,89.08
2026-04-16 09:00:00,SANLUIS,88.94
2026-04-16 10:00:00,SANLUIS,88.94
2026-04-16 11:00:00,SANLUIS,89.43
2026-04-16 12:00:00,SANLUIS,244.69
2026-04-16 13:00:00,SANLUIS,315.03
2026-04-16 14:00:00,SANLUIS,643.53
2026-04-16 15:00:00,SANLUIS,649.82
2026-04-16 16:00:00,SANLUIS,644.28
2026-04-16 17:00:00,SANLUIS,643.82
2026-04-16 18:00:00,SANLUIS,446.65
2026-04-16 19:00:00,SANLUIS,420.27
2026-04-16 20:00:00,SANLUIS,716.99
2026-04-16 21:00:00,SANLUIS,705.13
2026-04-16 22:00:00,SANLUIS,195.11
2026-04-16 23:00:00,SANLUIS,175.56
2026-04-16 00:00:00,TIJUANA,102.72
2026-04-16 01:00:00,TIJUANA,101.47
2026-04-16 02:00:00,TIJUANA,91.47
2026-04-16 03:00:00,TIJUANA,91.51
2026-04-16 04:00:00,TIJUANA,91.62
2026-04-16 05:00:00,TIJUANA,92.14
2026-04-16 06:00:00,TIJUANA,92.78
2026-04-16 07:00:00,TIJUANA,93.23
2026-04-16 08:00:00,TIJUANA,93.26
2026-04-16 09:00:00,TIJUANA,93.18
2026-04-16 10:00:00,TIJUANA,92.91
2026-04-16 11:00:00,TIJUANA,93.29
2026-04-16 12:00:00,TIJUANA,249.43
2026-04-16 13:00:00,TIJUANA,320.26
2026-04-16 14:00:00,TIJUANA,644.82
2026-04-16 15:00:00,TIJUANA,650.58
2026-04-16 16:00:00,TIJUANA,638.5
2026-04-16 17:00:00,TIJUANA,637.91
2026-04-16 18:00:00,TIJUANA,444.21
2026-04-16 19:00:00,TIJUANA,419.66
2026-04-16 20:00:00,TIJUANA,719.45
2026-04-16 21:00:00,TIJUANA,702.2
2026-04-16 22:00:00,TIJUANA,197.07
2026-04-16 23:00:00,TIJUANA,177.89
2026-04-17 00:00:00,ENSENADA,104.65
2026-04-17 01:00:00,ENSENADA,92.31
2026-04-17 02:00:00,ENSENADA,91.92
2026-04-17 03:00:00,ENSENADA,91.78
2026-04-17 04:00:00,ENSENADA,91.7
2026-04-17 05:00:00,ENSENADA,92.23
2026-04-17 06:00:00,ENSENADA,92.95
2026-04-17 07:00:00,ENSENADA,94.76
2026-04-17 08:00:00,ENSENADA,95.73
2026-04-17 09:00:00,ENSENADA,95.81
2026-04-17 10:00:00,ENSENADA,94.26
2026-04-17 11:00:00,ENSENADA,93.76
2026-04-17 12:00:00,ENSENADA,94.71
2026-04-17 13:00:00,ENSENADA,105.11
2026-04-17 14:00:00,ENSENADA,105.49
2026-04-17 15:00:00,ENSENADA,95.46
2026-04-17 16:00:00,ENSENADA,105.13
2026-04-17 17:00:00,ENSENADA,205.95
2026-04-17 18:00:00,ENSENADA,369.61
2026-04-17 19:00:00,ENSENADA,225.91
2026-04-17 20:00:00,ENSENADA,254.1
2026-04-17 21:00:00,ENSENADA,200.46
2026-04-17 22:00:00,ENSENADA,209.96
2026-04-17 23:00:00,ENSENADA,384.82
2026-04-17 00:00:00,MEXICALI,100.37
2026-04-17 01:00:00,MEXICALI,89.23
2026-04-17 02:00:00,MEXICALI,89.02
2026-04-17 03:00:00,MEXICALI,88.83
2026-04-17 04:00:00,MEXICALI,88.78
2026-04-17 05:00:00,MEXICALI,88.88
2026-04-17 06:00:00,MEXICALI,89.02
2026-04-17 07:00:00,MEXICALI,88.95
2026-04-17 08:00:00,MEXICALI,88.77
2026-04-17 09:00:00,MEXICALI,88.79
2026-04-17 10:00:00,MEXICALI,88.75
2026-04-17 11:00:00,MEXICALI,88.91
2026-04-17 12:00:00,MEXICALI,89.18
2026-04-17 13:00:00,MEXICALI,98.5
2026-04-17 14:00:00,MEXICALI,98.31
2026-04-17 15:00:00,MEXICALI,89.18
2026-04-17 16:00:00,MEXICALI,98.58
2026-04-17 17:00:00,MEXICALI,193.82
2026-04-17 18:00:00,MEXICALI,356.94
2026-04-17 19:00:00,MEXICALI,214.34
2026-04-17 20:00:00,MEXICALI,241.53
2026-04-17 21:00:00,MEXICALI,188.21
2026-04-17 22:00:00,MEXICALI,199.4
2026-04-17 23:00:00,MEXICALI,379.61
2026-04-17 00:00:00,SANLUIS,100.86
2026-04-17 01:00:00,SANLUIS,89.63
2026-04-17 02:00:00,SANLUIS,89.37
2026-04-17 03:00:00,SANLUIS,89.12
2026-04-17 04:00:00,SANLUIS,89.02
2026-04-17 05:00:00,SANLUIS,89.14
2026-04-17 06:00:00,SANLUIS,89.27
2026-04-17 07:00:00,SANLUIS,89.16
2026-04-17 08:00:00,SANLUIS,89.0
2026-04-17 09:00:00,SANLUIS,89.04
2026-04-17 10:00:00,SANLUIS,89.12
2026-04-17 11:00:00,SANLUIS,89.32
2026-04-17 12:00:00,SANLUIS,89.64
2026-04-17 13:00:00,SANLUIS,99.05
2026-04-17 14:00:00,SANLUIS,98.91
2026-04-17 15:00:00,SANLUIS,89.77
2026-04-17 16:00:00,SANLUIS,99.15
2026-04-17 17:00:00,SANLUIS,195.42
2026-04-17 18:00:00,SANLUIS,360.16
2026-04-17 19:00:00,SANLUIS,216.12
2026-04-17 20:00:00,SANLUIS,243.58
2026-04-17 21:00:00,SANLUIS,189.65
2026-04-17 22:00:00,SANLUIS,200.67
2026-04-17 23:00:00,SANLUIS,382.4
2026-04-17 00:00:00,TIJUANA,102.04
2026-04-17 01:00:00,TIJUANA,90.13
2026-04-17 02:00:00,TIJUANA,89.76
2026-04-17 03:00:00,TIJUANA,89.58
2026-04-17 04:00:00,TIJUANA,89.59
2026-04-17 05:00:00,TIJUANA,90.04
2026-04-17 06:00:00,TIJUANA,90.64
2026-04-17 07:00:00,TIJUANA,91.83
2026-04-17 08:00:00,TIJUANA,91.77
2026-04-17 09:00:00,TIJUANA,91.53
2026-04-17 10:00:00,TIJUANA,90.21
2026-04-17 11:00:00,TIJUANA,90.09
2026-04-17 12:00:00,TIJUANA,90.86
2026-04-17 13:00:00,TIJUANA,100.47
2026-04-17 14:00:00,TIJUANA,100.77
2026-04-17 15:00:00,TIJUANA,91.25
2026-04-17 16:00:00,TIJUANA,100.82
2026-04-17 17:00:00,TIJUANA,197.04
2026-04-17 18:00:00,TIJUANA,354.4
2026-04-17 19:00:00,TIJUANA,216.41
2026-04-17 20:00:00,TIJUANA,243.72
2026-04-17 21:00:00,TIJUANA,192.25
2026-04-17 22:00:00,TIJUANA,201.55
2026-04-17 23:00:00,TIJUANA,370.99
2026-04-18 00:00:00,ENSENADA,431.46
2026-04-18 01:00:00,ENSENADA,373.57
2026-04-18 02:00:00,ENSENADA,262.89
2026-04-18 03:00:00,ENSENADA,229.17
2026-04-18 04:00:00,ENSENADA,228.31
2026-04-18 05:00:00,ENSENADA,223.3
2026-04-18 06:00:00,ENSENADA,277.03
2026-04-18 07:00:00,ENSENADA,267.36
2026-04-18 08:00:00,ENSENADA,103.82
2026-04-18 09:00:00,ENSENADA,104.93
2026-04-18 10:00:00,ENSENADA,197.21
2026-04-18 11:00:00,ENSENADA,93.45
2026-04-18 12:00:00,ENSENADA,93.58
2026-04-18 13:00:00,ENSENADA,103.39
2026-04-18 14:00:00,ENSENADA,105.08
2026-04-18 15:00:00,ENSENADA,105.73
2026-04-18 16:00:00,ENSENADA,106.88
2026-04-18 17:00:00,ENSENADA,207.03
2026-04-18 18:00:00,ENSENADA,386.29
2026-04-18 19:00:00,ENSENADA,389.23
2026-04-18 20:00:00,ENSENADA,753.37
2026-04-18 21:00:00,ENSENADA,382.74
2026-04-18 22:00:00,ENSENADA,270.77
2026-04-18 23:00:00,ENSENADA,207.26
2026-04-18 00:00:00,MEXICALI,427.22
2026-04-18 01:00:00,MEXICALI,370.72
2026-04-18 02:00:00,MEXICALI,259.48
2026-04-18 03:00:00,MEXICALI,225.88
2026-04-18 04:00:00,MEXICALI,224.59
2026-04-18 05:00:00,MEXICALI,219.04
2026-04-18 06:00:00,MEXICALI,270.84
2026-04-18 07:00:00,MEXICALI,256.71
2026-04-18 08:00:00,MEXICALI,98.74
2026-04-18 09:00:00,MEXICALI,99.62
2026-04-18 10:00:00,MEXICALI,186.91
2026-04-18 11:00:00,MEXICALI,89.51
2026-04-18 12:00:00,MEXICALI,89.56
2026-04-18 13:00:00,MEXICALI,98.87
2026-04-18 14:00:00,MEXICALI,100.52
2026-04-18 15:00:00,MEXICALI,100.69
2026-04-18 16:00:00,MEXICALI,100.92
2026-04-18 17:00:00,MEXICALI,194.56
2026-04-18 18:00:00,MEXICALI,370.64
2026-04-18 19:00:00,MEXICALI,376.5
2026-04-18 20:00:00,MEXICALI,720.52
2026-04-18 21:00:00,MEXICALI,371.34
2026-04-18 22:00:00,MEXICALI,264.18
2026-04-18 23:00:00,MEXICALI,201.28
2026-04-18 00:00:00,SANLUIS,430.19
2026-04-18 01:00:00,SANLUIS,373.09
2026-04-18 02:00:00,SANLUIS,260.98
2026-04-18 03:00:00,SANLUIS,227.13
2026-04-18 04:00:00,SANLUIS,225.78
2026-04-18 05:00:00,SANLUIS,220.18
2026-04-18 06:00:00,SANLUIS,272.22
2026-04-18 07:00:00,SANLUIS,258.03
2026-04-18 08:00:00,SANLUIS,99.46
2026-04-18 09:00:00,SANLUIS,100.42
2026-04-18 10:00:00,SANLUIS,188.56
2026-04-18 11:00:00,SANLUIS,90.37
2026-04-18 12:00:00,SANLUIS,90.5
2026-04-18 13:00:00,SANLUIS,99.93
2026-04-18 14:00:00,SANLUIS,101.68
2026-04-18 15:00:00,SANLUIS,101.93
2026-04-18 16:00:00,SANLUIS,102.21
2026-04-18 17:00:00,SANLUIS,197.1
2026-04-18 18:00:00,SANLUIS,375.36
2026-04-18 19:00:00,SANLUIS,380.15
2026-04-18 20:00:00,SANLUIS,727.53
2026-04-18 21:00:00,SANLUIS,374.85
2026-04-18 22:00:00,SANLUIS,266.51
2026-04-18 23:00:00,SANLUIS,202.91
2026-04-18 00:00:00,TIJUANA,416.52
2026-04-18 01:00:00,TIJUANA,361.07
2026-04-18 02:00:00,TIJUANA,254.01
2026-04-18 03:00:00,TIJUANA,221.33
2026-04-18 04:00:00,TIJUANA,220.47
2026-04-18 05:00:00,TIJUANA,215.43
2026-04-18 06:00:00,TIJUANA,267.19
2026-04-18 07:00:00,TIJUANA,256.29
2026-04-18 08:00:00,TIJUANA,99.05
2026-04-18 09:00:00,TIJUANA,99.92
2026-04-18 10:00:00,TIJUANA,187.72
2026-04-18 11:00:00,TIJUANA,88.99
2026-04-18 12:00:00,TIJUANA,89.04
2026-04-18 13:00:00,TIJUANA,98.2
2026-04-18 14:00:00,TIJUANA,99.75
2026-04-18 15:00:00,TIJUANA,100.44
2026-04-18 16:00:00,TIJUANA,101.58
2026-04-18 17:00:00,TIJUANA,196.72
2026-04-18 18:00:00,TIJUANA,368.69
2026-04-18 19:00:00,TIJUANA,373.93
2026-04-18 20:00:00,TIJUANA,723.3
2026-04-18 21:00:00,TIJUANA,369.31
2026-04-18 22:00:00,TIJUANA,261.96
2026-04-18 23:00:00,TIJUANA,200.57
2026-04-19 00:00:00,ENSENADA,205.53
2026-04-19 01:00:00,ENSENADA,194.25
2026-04-19 02:00:00,ENSENADA,187.4
2026-04-19 03:00:00,ENSENADA,178.41
2026-04-19 04:00:00,ENSENADA,177.85
2026-04-19 05:00:00,ENSENADA,104.37
2026-04-19 06:00:00,ENSENADA,103.63
2026-04-19 07:00:00,ENSENADA,103.04
2026-04-19 08:00:00,ENSENADA,5768.73
2026-04-19 09:00:00,ENSENADA,5772.19
2026-04-19 10:00:00,ENSENADA,5775.14
2026-04-19 11:00:00,ENSENADA,5783.23
2026-04-19 12:00:00,ENSENADA,5790.18
2026-04-19 13:00:00,ENSENADA,5786.61
2026-04-19 14:00:00,ENSENADA,5793.17
2026-04-19 15:00:00,ENSENADA,211.11
2026-04-19 16:00:00,ENSENADA,204.64
2026-04-19 17:00:00,ENSENADA,218.53
2026-04-19 18:00:00,ENSENADA,431.03
2026-04-19 19:00:00,ENSENADA,723.64
2026-04-19 20:00:00,ENSENADA,735.01
2026-04-19 21:00:00,ENSENADA,725.99
2026-04-19 22:00:00,ENSENADA,716.69
2026-04-19 23:00:00,ENSENADA,222.76
2026-04-19 00:00:00,MEXICALI,199.76
2026-04-19 01:00:00,MEXICALI,187.3
2026-04-19 02:00:00,MEXICALI,179.03
2026-04-19 03:00:00,MEXICALI,170.82
2026-04-19 04:00:00,MEXICALI,170.61
2026-04-19 05:00:00,MEXICALI,100.94
2026-04-19 06:00:00,MEXICALI,100.02
2026-04-19 07:00:00,MEXICALI,99.01
2026-04-19 08:00:00,MEXICALI,99.67
2026-04-19 09:00:00,MEXICALI,99.72
2026-04-19 10:00:00,MEXICALI,99.71
2026-04-19 11:00:00,MEXICALI,204.15
2026-04-19 12:00:00,MEXICALI,217.45
2026-04-19 13:00:00,MEXICALI,207.8
2026-04-19 14:00:00,MEXICALI,332.08
2026-04-19 15:00:00,MEXICALI,201.62
2026-04-19 16:00:00,MEXICALI,195.5
2026-04-19 17:00:00,MEXICALI,210.28
2026-04-19 18:00:00,MEXICALI,422.56
2026-04-19 19:00:00,MEXICALI,707.45
2026-04-19 20:00:00,MEXICALI,720.68
2026-04-19 21:00:00,MEXICALI,714.13
2026-04-19 22:00:00,MEXICALI,707.47
2026-04-19 23:00:00,MEXICALI,219.68
2026-04-19 00:00:00,SANLUIS,201.27
2026-04-19 01:00:00,SANLUIS,188.62
2026-04-19 02:00:00,SANLUIS,180.21
2026-04-19 03:00:00,SANLUIS,171.89
2026-04-19 04:00:00,SANLUIS,171.63
2026-04-19 05:00:00,SANLUIS,101.53
2026-04-19 06:00:00,SANLUIS,100.54
2026-04-19 07:00:00,SANLUIS,99.54
2026-04-19 08:00:00,SANLUIS,100.4
2026-04-19 09:00:00,SANLUIS,100.53
2026-04-19 10:00:00,SANLUIS,100.63
2026-04-19 11:00:00,SANLUIS,206.38
2026-04-19 12:00:00,SANLUIS,219.87
2026-04-19 13:00:00,SANLUIS,210.35
2026-04-19 14:00:00,SANLUIS,335.38
2026-04-19 15:00:00,SANLUIS,203.67
2026-04-19 16:00:00,SANLUIS,197.56
2026-04-19 17:00:00,SANLUIS,212.54
2026-04-19 18:00:00,SANLUIS,426.9
2026-04-19 19:00:00,SANLUIS,714.7
2026-04-19 20:00:00,SANLUIS,728.39
2026-04-19 21:00:00,SANLUIS,721.34
2026-04-19 22:00:00,SANLUIS,714.18
2026-04-19 23:00:00,SANLUIS,221.58
2026-04-19 00:00:00,TIJUANA,199.42
2026-04-19 01:00:00,TIJUANA,187.22
2026-04-19 02:00:00,TIJUANA,178.87
2026-04-19 03:00:00,TIJUANA,170.0
2026-04-19 04:00:00,TIJUANA,169.52
2026-04-19 05:00:00,TIJUANA,100.07
2026-04-19 06:00:00,TIJUANA,99.38
2026-04-19 07:00:00,TIJUANA,98.97
2026-04-19 08:00:00,TIJUANA,302.13
2026-04-19 09:00:00,TIJUANA,312.57
2026-04-19 10:00:00,TIJUANA,308.76
2026-04-19 11:00:00,TIJUANA,398.4
2026-04-19 12:00:00,TIJUANA,405.81
2026-04-19 13:00:00,TIJUANA,388.43
2026-04-19 14:00:00,TIJUANA,504.51
2026-04-19 15:00:00,TIJUANA,201.69
2026-04-19 16:00:00,TIJUANA,196.66
2026-04-19 17:00:00,TIJUANA,210.58
2026-04-19 18:00:00,TIJUANA,416.6
2026-04-19 19:00:00,TIJUANA,699.21
2026-04-19 20:00:00,TIJUANA,712.99
2026-04-19 21:00:00,TIJUANA,705.75
2026-04-19 22:00:00,TIJUANA,697.89
2026-04-19 23:00:00,TIJUANA,217.15
2026-04-20 00:00:00,ENSENADA,203.73
2026-04-20 01:00:00,ENSENADA,192.08
2026-04-20 02:00:00,ENSENADA,187.96
2026-04-20 03:00:00,ENSENADA,172.39
2026-04-20 04:00:00,ENSENADA,171.38
2026-04-20 05:00:00,ENSENADA,100.3
2026-04-20 06:00:00,ENSENADA,120.77
2026-04-20 07:00:00,ENSENADA,169.08
2026-04-20 08:00:00,ENSENADA,153.87
2026-04-20 09:00:00,ENSENADA,169.08
2026-04-20 10:00:00,ENSENADA,171.98
2026-04-20 11:00:00,ENSENADA,187.32
2026-04-20 12:00:00,ENSENADA,194.6
2026-04-20 13:00:00,ENSENADA,209.03
2026-04-20 14:00:00,ENSENADA,363.51
2026-04-20 15:00:00,ENSENADA,386.95
2026-04-20 16:00:00,ENSENADA,648.57
2026-04-20 17:00:00,ENSENADA,702.59
2026-04-20 18:00:00,ENSENADA,439.01
2026-04-20 19:00:00,ENSENADA,435.44
2026-04-20 20:00:00,ENSENADA,706.56
2026-04-20 21:00:00,ENSENADA,406.02
2026-04-20 22:00:00,ENSENADA,295.33
2026-04-20 23:00:00,ENSENADA,219.4
2026-04-20 00:00:00,MEXICALI,200.61
2026-04-20 01:00:00,MEXICALI,188.78
2026-04-20 02:00:00,MEXICALI,185.12
2026-04-20 03:00:00,MEXICALI,170.77
2026-04-20 04:00:00,MEXICALI,170.66
2026-04-20 05:00:00,MEXICALI,100.25
2026-04-20 06:00:00,MEXICALI,119.94
2026-04-20 07:00:00,MEXICALI,166.52
2026-04-20 08:00:00,MEXICALI,148.2
2026-04-20 09:00:00,MEXICALI,161.93
2026-04-20 10:00:00,MEXICALI,163.7
2026-04-20 11:00:00,MEXICALI,178.8
2026-04-20 12:00:00,MEXICALI,187.2
2026-04-20 13:00:00,MEXICALI,202.08
2026-04-20 14:00:00,MEXICALI,354.54
2026-04-20 15:00:00,MEXICALI,379.13
2026-04-20 16:00:00,MEXICALI,651.91
2026-04-20 17:00:00,MEXICALI,707.26
2026-04-20 18:00:00,MEXICALI,443.48
2026-04-20 19:00:00,MEXICALI,438.01
2026-04-20 20:00:00,MEXICALI,706.9
2026-04-20 21:00:00,MEXICALI,410.1
2026-04-20 22:00:00,MEXICALI,295.39
2026-04-20 23:00:00,MEXICALI,216.93
2026-04-20 00:00:00,SANLUIS,202.21
2026-04-20 01:00:00,SANLUIS,190.16
2026-04-20 02:00:00,SANLUIS,186.38
2026-04-20 03:00:00,SANLUIS,171.87
2026-04-20 04:00:00,SANLUIS,171.73
2026-04-20 05:00:00,SANLUIS,100.87
2026-04-20 06:00:00,SANLUIS,120.6
2026-04-20 07:00:00,SANLUIS,167.42
2026-04-20 08:00:00,SANLUIS,149.34
2026-04-20 09:00:00,SANLUIS,163.31
2026-04-20 10:00:00,SANLUIS,165.36
2026-04-20 11:00:00,SANLUIS,180.69
2026-04-20 12:00:00,SANLUIS,189.36
2026-04-20 13:00:00,SANLUIS,204.63
2026-04-20 14:00:00,SANLUIS,359.39
2026-04-20 15:00:00,SANLUIS,384.52
2026-04-20 16:00:00,SANLUIS,661.6
2026-04-20 17:00:00,SANLUIS,717.24
2026-04-20 18:00:00,SANLUIS,447.87
2026-04-20 19:00:00,SANLUIS,442.26
2026-04-20 20:00:00,SANLUIS,713.98
2026-04-20 21:00:00,SANLUIS,414.05
2026-04-20 22:00:00,SANLUIS,298.06
2026-04-20 23:00:00,SANLUIS,218.82
2026-04-20 00:00:00,TIJUANA,199.2
2026-04-20 01:00:00,TIJUANA,187.91
2026-04-20 02:00:00,TIJUANA,183.94
2026-04-20 03:00:00,TIJUANA,168.96
2026-04-20 04:00:00,TIJUANA,168.35
2026-04-20 05:00:00,TIJUANA,99.01
2026-04-20 06:00:00,TIJUANA,119.14
2026-04-20 07:00:00,TIJUANA,166.5
2026-04-20 08:00:00,TIJUANA,149.81
2026-04-20 09:00:00,TIJUANA,163.87
2026-04-20 10:00:00,TIJUANA,166.08
2026-04-20 11:00:00,TIJUANA,181.23
2026-04-20 12:00:00,TIJUANA,188.23
2026-04-20 13:00:00,TIJUANA,202.17
2026-04-20 14:00:00,TIJUANA,353.36
2026-04-20 15:00:00,TIJUANA,378.58
2026-04-20 16:00:00,TIJUANA,639.53
2026-04-20 17:00:00,TIJUANA,694.24
2026-04-20 18:00:00,TIJUANA,434.18
2026-04-20 19:00:00,TIJUANA,429.57
2026-04-20 20:00:00,TIJUANA,696.14
2026-04-20 21:00:00,TIJUANA,400.85
2026-04-20 22:00:00,TIJUANA,291.54
2026-04-20 23:00:00,TIJUANA,216.09
2026-04-21 00:00:00,ENSENADA,241.93
2026-04-21 01:00:00,ENSENADA,190.27
2026-04-21 02:00:00,ENSENADA,181.55
2026-04-21 03:00:00,ENSENADA,171.43
2026-04-21 04:00:00,ENSENADA,168.83
2026-04-21 05:00:00,ENSENADA,173.5
2026-04-21 06:00:00,ENSENADA,200.24
2026-04-21 07:00:00,ENSENADA,208.6
2026-04-21 08:00:00,ENSENADA,153.2
2026-04-21 09:00:00,ENSENADA,193.68
2026-04-21 10:00:00,ENSENADA,214.0
2026-04-21 11:00:00,ENSENADA,222.3
2026-04-21 12:00:00,ENSENADA,261.93
2026-04-21 13:00:00,ENSENADA,284.45
2026-04-21 14:00:00,ENSENADA,311.66
2026-04-21 15:00:00,ENSENADA,406.81
2026-04-21 16:00:00,ENSENADA,717.67
2026-04-21 17:00:00,ENSENADA,690.08
2026-04-21 18:00:00,ENSENADA,731.6
2026-04-21 19:00:00,ENSENADA,688.33
2026-04-21 20:00:00,ENSENADA,707.14
2026-04-21 21:00:00,ENSENADA,686.46
2026-04-21 22:00:00,ENSENADA,398.89
2026-04-21 23:00:00,ENSENADA,398.37
2026-04-21 00:00:00,MEXICALI,238.27
2026-04-21 01:00:00,MEXICALI,187.77
2026-04-21 02:00:00,MEXICALI,179.5
2026-04-21 03:00:00,MEXICALI,169.62
2026-04-21 04:00:00,MEXICALI,166.67
2026-04-21 05:00:00,MEXICALI,171.34
2026-04-21 06:00:00,MEXICALI,195.01
2026-04-21 07:00:00,MEXICALI,201.43
2026-04-21 08:00:00,MEXICALI,142.47
2026-04-21 09:00:00,MEXICALI,182.52
2026-04-21 10:00:00,MEXICALI,200.65
2026-04-21 11:00:00,MEXICALI,208.96
2026-04-21 12:00:00,MEXICALI,246.45
2026-04-21 13:00:00,MEXICALI,272.32
2026-04-21 14:00:00,MEXICALI,299.86
2026-04-21 15:00:00,MEXICALI,397.52
2026-04-21 16:00:00,MEXICALI,703.19
2026-04-21 17:00:00,MEXICALI,686.04
2026-04-21 18:00:00,MEXICALI,711.16
2026-04-21 19:00:00,MEXICALI,677.9
2026-04-21 20:00:00,MEXICALI,694.15
2026-04-21 21:00:00,MEXICALI,677.89
2026-04-21 22:00:00,MEXICALI,395.34
2026-04-21 23:00:00,MEXICALI,394.96
2026-04-21 00:00:00,SANLUIS,240.14
2026-04-21 01:00:00,SANLUIS,189.07
2026-04-21 02:00:00,SANLUIS,180.69
2026-04-21 03:00:00,SANLUIS,170.61
2026-04-21 04:00:00,SANLUIS,167.57
2026-04-21 05:00:00,SANLUIS,172.29
2026-04-21 06:00:00,SANLUIS,195.96
2026-04-21 07:00:00,SANLUIS,202.45
2026-04-21 08:00:00,SANLUIS,143.22
2026-04-21 09:00:00,SANLUIS,183.64
2026-04-21 10:00:00,SANLUIS,202.06
2026-04-21 11:00:00,SANLUIS,210.49
2026-04-21 12:00:00,SANLUIS,248.46
2026-04-21 13:00:00,SANLUIS,274.81
2026-04-21 14:00:00,SANLUIS,302.89
2026-04-21 15:00:00,SANLUIS,401.55
2026-04-21 16:00:00,SANLUIS,710.97
2026-04-21 17:00:00,SANLUIS,693.67
2026-04-21 18:00:00,SANLUIS,718.93
2026-04-21 19:00:00,SANLUIS,684.88
2026-04-21 20:00:00,SANLUIS,701.13
2026-04-21 21:00:00,SANLUIS,684.28
2026-04-21 22:00:00,SANLUIS,398.79
2026-04-21 23:00:00,SANLUIS,398.06
2026-04-21 00:00:00,TIJUANA,238.85
2026-04-21 01:00:00,TIJUANA,188.01
2026-04-21 02:00:00,TIJUANA,179.42
2026-04-21 03:00:00,TIJUANA,169.43
2026-04-21 04:00:00,TIJUANA,166.81
2026-04-21 05:00:00,TIJUANA,171.57
2026-04-21 06:00:00,TIJUANA,197.53
2026-04-21 07:00:00,TIJUANA,205.02
2026-04-21 08:00:00,TIJUANA,149.83
2026-04-21 09:00:00,TIJUANA,189.71
2026-04-21 10:00:00,TIJUANA,209.14
2026-04-21 11:00:00,TIJUANA,217.48
2026-04-21 12:00:00,TIJUANA,255.89
2026-04-21 13:00:00,TIJUANA,278.52
2026-04-21 14:00:00,TIJUANA,305.35
2026-04-21 15:00:00,TIJUANA,399.94
2026-04-21 16:00:00,TIJUANA,705.77
2026-04-21 17:00:00,TIJUANA,680.55
2026-04-21 18:00:00,TIJUANA,718.92
2026-04-21 19:00:00,TIJUANA,676.51
2026-04-21 20:00:00,TIJUANA,693.52
2026-04-21 21:00:00,TIJUANA,675.06
2026-04-21 22:00:00,TIJUANA,394.49
2026-04-21 23:00:00,TIJUANA,394.09
2026-04-22 00:00:00,ENSENADA,393.61
2026-04-22 01:00:00,ENSENADA,271.72
2026-04-22 02:00:00,ENSENADA,248.78
2026-04-22 03:00:00,ENSENADA,245.78
2026-04-22 04:00:00,ENSENADA,241.07
2026-04-22 05:00:00,ENSENADA,246.8
2026-04-22 06:00:00,ENSENADA,260.73
2026-04-22 07:00:00,ENSENADA,224.03
2026-04-22 08:00:00,ENSENADA,684.04
2026-04-22 09:00:00,ENSENADA,264.32
2026-04-22 10:00:00,ENSENADA,254.71
2026-04-22 11:00:00,ENSENADA,253.93
2026-04-22 12:00:00,ENSENADA,254.37
2026-04-22 13:00:00,ENSENADA,241.84
2026-04-22 14:00:00,ENSENADA,253.05
2026-04-22 15:00:00,ENSENADA,260.57
2026-04-22 16:00:00,ENSENADA,685.15
2026-04-22 17:00:00,ENSENADA,412.72
2026-04-22 18:00:00,ENSENADA,690.42
2026-04-22 19:00:00,ENSENADA,713.71
2026-04-22 20:00:00,ENSENADA,702.73
2026-04-22 21:00:00,ENSENADA,743.06
2026-04-22 22:00:00,ENSENADA,703.62
2026-04-22 23:00:00,ENSENADA,394.91
2026-04-22 00:00:00,MEXICALI,391.44
2026-04-22 01:00:00,MEXICALI,269.05
2026-04-22 02:00:00,MEXICALI,244.92
2026-04-22 03:00:00,MEXICALI,242.2
2026-04-22 04:00:00,MEXICALI,237.32
2026-04-22 05:00:00,MEXICALI,242.38
2026-04-22 06:00:00,MEXICALI,257.36
2026-04-22 07:00:00,MEXICALI,219.48
2026-04-22 08:00:00,MEXICALI,669.05
2026-04-22 09:00:00,MEXICALI,251.81
2026-04-22 10:00:00,MEXICALI,241.43
2026-04-22 11:00:00,MEXICALI,241.87
2026-04-22 12:00:00,MEXICALI,242.3
2026-04-22 13:00:00,MEXICALI,229.16
2026-04-22 14:00:00,MEXICALI,242.2
2026-04-22 15:00:00,MEXICALI,249.32
2026-04-22 16:00:00,MEXICALI,669.36
2026-04-22 17:00:00,MEXICALI,410.48
2026-04-22 18:00:00,MEXICALI,693.36
2026-04-22 19:00:00,MEXICALI,712.68
2026-04-22 20:00:00,MEXICALI,703.56
2026-04-22 21:00:00,MEXICALI,734.4
2026-04-22 22:00:00,MEXICALI,704.26
2026-04-22 23:00:00,MEXICALI,402.22
2026-04-22 00:00:00,SANLUIS,394.21
2026-04-22 01:00:00,SANLUIS,270.77
2026-04-22 02:00:00,SANLUIS,246.37
2026-04-22 03:00:00,SANLUIS,243.53
2026-04-22 04:00:00,SANLUIS,238.57
2026-04-22 05:00:00,SANLUIS,243.61
2026-04-22 06:00:00,SANLUIS,258.58
2026-04-22 07:00:00,SANLUIS,220.47
2026-04-22 08:00:00,SANLUIS,671.95
2026-04-22 09:00:00,SANLUIS,252.18
2026-04-22 10:00:00,SANLUIS,241.83
2026-04-22 11:00:00,SANLUIS,242.46
2026-04-22 12:00:00,SANLUIS,243.1
2026-04-22 13:00:00,SANLUIS,230.07
2026-04-22 14:00:00,SANLUIS,243.38
2026-04-22 15:00:00,SANLUIS,250.64
2026-04-22 16:00:00,SANLUIS,673.49
2026-04-22 17:00:00,SANLUIS,413.44
2026-04-22 18:00:00,SANLUIS,699.29
2026-04-22 19:00:00,SANLUIS,718.74
2026-04-22 20:00:00,SANLUIS,709.93
2026-04-22 21:00:00,SANLUIS,741.04
2026-04-22 22:00:00,SANLUIS,710.26
2026-04-22 23:00:00,SANLUIS,405.34
2026-04-22 00:00:00,TIJUANA,389.51
2026-04-22 01:00:00,TIJUANA,268.83
2026-04-22 02:00:00,TIJUANA,245.96
2026-04-22 03:00:00,TIJUANA,243.06
2026-04-22 04:00:00,TIJUANA,238.36
2026-04-22 05:00:00,TIJUANA,244.02
2026-04-22 06:00:00,TIJUANA,258.07
2026-04-22 07:00:00,TIJUANA,220.38
2026-04-22 08:00:00,TIJUANA,671.26
2026-04-22 09:00:00,TIJUANA,257.23
2026-04-22 10:00:00,TIJUANA,247.57
2026-04-22 11:00:00,TIJUANA,246.89
2026-04-22 12:00:00,TIJUANA,247.15
2026-04-22 13:00:00,TIJUANA,234.96
2026-04-22 14:00:00,TIJUANA,247.0
2026-04-22 15:00:00,TIJUANA,254.76
2026-04-22 16:00:00,TIJUANA,671.8
2026-04-22 17:00:00,TIJUANA,405.1
2026-04-22 18:00:00,TIJUANA,679.13
2026-04-22 19:00:00,TIJUANA,701.79
2026-04-22 20:00:00,TIJUANA,690.63
2026-04-22 21:00:00,TIJUANA,731.26
2026-04-22 22:00:00,TIJUANA,695.43
2026-04-22 23:00:00,TIJUANA,393.07
2026-04-23 00:00:00,ENSENADA,333.99
2026-04-23 01:00:00,ENSENADA,277.88
2026-04-23 02:00:00,ENSENADA,244.54
2026-04-23 03:00:00,ENSENADA,239.46
2026-04-23 04:00:00,ENSENADA,239.5
2026-04-23 05:00:00,ENSENADA,247.25
2026-04-23 06:00:00,ENSENADA,262.95
2026-04-23 07:00:00,ENSENADA,239.86
2026-04-23 08:00:00,ENSENADA,215.74
2026-04-23 09:00:00,ENSENADA,226.44
2026-04-23 10:00:00,ENSENADA,215.06
2026-04-23 11:00:00,ENSENADA,263.91
2026-04-23 12:00:00,ENSENADA,235.94
2026-04-23 13:00:00,ENSENADA,294.43
2026-04-23 14:00:00,ENSENADA,293.75
2026-04-23 15:00:00,ENSENADA,357.96
2026-04-23 16:00:00,ENSENADA,401.38
2026-04-23 17:00:00,ENSENADA,667.73
2026-04-23 18:00:00,ENSENADA,711.99
2026-04-23 19:00:00,ENSENADA,674.06
2026-04-23 20:00:00,ENSENADA,692.21
2026-04-23 21:00:00,ENSENADA,674.73
2026-04-23 22:00:00,ENSENADA,653.45
2026-04-23 23:00:00,ENSENADA,384.75
2026-04-23 00:00:00,MEXICALI,338.69
2026-04-23 01:00:00,MEXICALI,277.7
2026-04-23 02:00:00,MEXICALI,242.17
2026-04-23 03:00:00,MEXICALI,237.06
2026-04-23 04:00:00,MEXICALI,237.01
2026-04-23 05:00:00,MEXICALI,244.85
2026-04-23 06:00:00,MEXICALI,260.41
2026-04-23 07:00:00,MEXICALI,231.27
2026-04-23 08:00:00,MEXICALI,206.14
2026-04-23 09:00:00,MEXICALI,214.81
2026-04-23 10:00:00,MEXICALI,205.25
2026-04-23 11:00:00,MEXICALI,254.39
2026-04-23 12:00:00,MEXICALI,223.97
2026-04-23 13:00:00,MEXICALI,284.4
2026-04-23 14:00:00,MEXICALI,284.18
2026-04-23 15:00:00,MEXICALI,351.11
2026-04-23 16:00:00,MEXICALI,395.1
2026-04-23 17:00:00,MEXICALI,660.69
2026-04-23 18:00:00,MEXICALI,699.7
2026-04-23 19:00:00,MEXICALI,675.77
2026-04-23 20:00:00,MEXICALI,691.15
2026-04-23 21:00:00,MEXICALI,675.71
2026-04-23 22:00:00,MEXICALI,660.57
2026-04-23 23:00:00,MEXICALI,390.73
2026-04-23 00:00:00,SANLUIS,341.11
2026-04-23 01:00:00,SANLUIS,279.46
2026-04-23 02:00:00,SANLUIS,243.53
2026-04-23 03:00:00,SANLUIS,238.34
2026-04-23 04:00:00,SANLUIS,238.26
2026-04-23 05:00:00,SANLUIS,246.13
2026-04-23 06:00:00,SANLUIS,261.58
2026-04-23 07:00:00,SANLUIS,231.97
2026-04-23 08:00:00,SANLUIS,206.34
2026-04-23 09:00:00,SANLUIS,215.12
2026-04-23 10:00:00,SANLUIS,205.74
2026-04-23 11:00:00,SANLUIS,255.14
2026-04-23 12:00:00,SANLUIS,224.61
2026-04-23 13:00:00,SANLUIS,285.41
2026-04-23 14:00:00,SANLUIS,285.35
2026-04-23 15:00:00,SANLUIS,353.34
2026-04-23 16:00:00,SANLUIS,398.02
2026-04-23 17:00:00,SANLUIS,666.18
2026-04-23 18:00:00,SANLUIS,705.56
2026-04-23 19:00:00,SANLUIS,681.74
2026-04-23 20:00:00,SANLUIS,697.4
2026-04-23 21:00:00,SANLUIS,681.57
2026-04-23 22:00:00,SANLUIS,666.01
2026-04-23 23:00:00,SANLUIS,393.64
2026-04-23 00:00:00,TIJUANA,332.54
2026-04-23 01:00:00,TIJUANA,275.68
2026-04-23 02:00:00,TIJUANA,242.27
2026-04-23 03:00:00,TIJUANA,237.29
2026-04-23 04:00:00,TIJUANA,237.32
2026-04-23 05:00:00,TIJUANA,245.1
2026-04-23 06:00:00,TIJUANA,260.65
2026-04-23 07:00:00,TIJUANA,235.49
2026-04-23 08:00:00,TIJUANA,210.01
2026-04-23 09:00:00,TIJUANA,219.68
2026-04-23 10:00:00,TIJUANA,208.23
2026-04-23 11:00:00,TIJUANA,255.6
2026-04-23 12:00:00,TIJUANA,228.16
2026-04-23 13:00:00,TIJUANA,285.18
2026-04-23 14:00:00,TIJUANA,284.69
2026-04-23 15:00:00,TIJUANA,348.39
2026-04-23 16:00:00,TIJUANA,391.34
2026-04-23 17:00:00,TIJUANA,651.83
2026-04-23 18:00:00,TIJUANA,698.7
2026-04-23 19:00:00,TIJUANA,666.82
2026-04-23 20:00:00,TIJUANA,684.29
2026-04-23 21:00:00,TIJUANA,668.41
2026-04-23 22:00:00,TIJUANA,649.48
2026-04-23 23:00:00,TIJUANA,383.27
2026-04-24 00:00:00,ENSENADA,300.91
2026-04-24 01:00:00,ENSENADA,238.64
2026-04-24 02:00:00,ENSENADA,227.95
2026-04-24 03:00:00,ENSENADA,220.49
2026-04-24 04:00:00,ENSENADA,212.83
2026-04-24 05:00:00,ENSENADA,225.23
2026-04-24 06:00:00,ENSENADA,222.44
2026-04-24 07:00:00,ENSENADA,194.94
2026-04-24 08:00:00,ENSENADA,215.8
2026-04-24 09:00:00,ENSENADA,223.17
2026-04-24 10:00:00,ENSENADA,230.32
2026-04-24 11:00:00,ENSENADA,276.34
2026-04-24 12:00:00,ENSENADA,256.97
2026-04-24 13:00:00,ENSENADA,247.81
2026-04-24 14:00:00,ENSENADA,234.71
2026-04-24 15:00:00,ENSENADA,255.46
2026-04-24 16:00:00,ENSENADA,386.91
2026-04-24 17:00:00,ENSENADA,663.14
2026-04-24 18:00:00,ENSENADA,674.44
2026-04-24 19:00:00,ENSENADA,684.81
2026-04-24 20:00:00,ENSENADA,731.06
2026-04-24 21:00:00,ENSENADA,709.64
2026-04-24 22:00:00,ENSENADA,693.43
2026-04-24 23:00:00,ENSENADA,681.65
2026-04-24 00:00:00,MEXICALI,301.7
2026-04-24 01:00:00,MEXICALI,236.31
2026-04-24 02:00:00,MEXICALI,225.78
2026-04-24 03:00:00,MEXICALI,217.83
2026-04-24 04:00:00,MEXICALI,209.42
2026-04-24 05:00:00,MEXICALI,221.38
2026-04-24 06:00:00,MEXICALI,217.93
2026-04-24 07:00:00,MEXICALI,188.19
2026-04-24 08:00:00,MEXICALI,209.59
2026-04-24 09:00:00,MEXICALI,215.09
2026-04-24 10:00:00,MEXICALI,221.11
2026-04-24 11:00:00,MEXICALI,267.94
2026-04-24 12:00:00,MEXICALI,248.13
2026-04-24 13:00:00,MEXICALI,240.85
2026-04-24 14:00:00,MEXICALI,229.71
2026-04-24 15:00:00,MEXICALI,251.17
2026-04-24 16:00:00,MEXICALI,387.37
2026-04-24 17:00:00,MEXICALI,662.23
2026-04-24 18:00:00,MEXICALI,670.08
2026-04-24 19:00:00,MEXICALI,677.02
2026-04-24 20:00:00,MEXICALI,722.0
2026-04-24 21:00:00,MEXICALI,702.58
2026-04-24 22:00:00,MEXICALI,692.23
2026-04-24 23:00:00,MEXICALI,682.34
2026-04-24 00:00:00,SANLUIS,303.66
2026-04-24 01:00:00,SANLUIS,237.65
2026-04-24 02:00:00,SANLUIS,226.98
2026-04-24 03:00:00,SANLUIS,218.9
2026-04-24 04:00:00,SANLUIS,210.43
2026-04-24 05:00:00,SANLUIS,222.45
2026-04-24 06:00:00,SANLUIS,218.81
2026-04-24 07:00:00,SANLUIS,188.93
2026-04-24 08:00:00,SANLUIS,210.56
2026-04-24 09:00:00,SANLUIS,216.03
2026-04-24 10:00:00,SANLUIS,222.71
2026-04-24 11:00:00,SANLUIS,269.54
2026-04-24 12:00:00,SANLUIS,249.72
2026-04-24 13:00:00,SANLUIS,242.54
2026-04-24 14:00:00,SANLUIS,231.63
2026-04-24 15:00:00,SANLUIS,254.28
2026-04-24 16:00:00,SANLUIS,392.5
2026-04-24 17:00:00,SANLUIS,671.39
2026-04-24 18:00:00,SANLUIS,679.32
2026-04-24 19:00:00,SANLUIS,685.93
2026-04-24 20:00:00,SANLUIS,731.51
2026-04-24 21:00:00,SANLUIS,711.6
2026-04-24 22:00:00,SANLUIS,701.09
2026-04-24 23:00:00,SANLUIS,690.28
2026-04-24 00:00:00,TIJUANA,299.3
2026-04-24 01:00:00,TIJUANA,236.59
2026-04-24 02:00:00,TIJUANA,226.0
2026-04-24 03:00:00,TIJUANA,218.45
2026-04-24 04:00:00,TIJUANA,210.79
2026-04-24 05:00:00,TIJUANA,223.04
2026-04-24 06:00:00,TIJUANA,220.12
2026-04-24 07:00:00,TIJUANA,191.47
2026-04-24 08:00:00,TIJUANA,211.41
2026-04-24 09:00:00,TIJUANA,217.59
2026-04-24 10:00:00,TIJUANA,223.77
2026-04-24 11:00:00,TIJUANA,268.69
2026-04-24 12:00:00,TIJUANA,250.38
2026-04-24 13:00:00,TIJUANA,242.57
2026-04-24 14:00:00,TIJUANA,230.36
2026-04-24 15:00:00,TIJUANA,250.78
2026-04-24 16:00:00,TIJUANA,382.14
2026-04-24 17:00:00,TIJUANA,655.38
2026-04-24 18:00:00,TIJUANA,666.68
2026-04-24 19:00:00,TIJUANA,676.58
2026-04-24 20:00:00,TIJUANA,721.53
2026-04-24 21:00:00,TIJUANA,701.38
2026-04-24 22:00:00,TIJUANA,687.83
2026-04-24 23:00:00,TIJUANA,676.34
2026-04-25 00:00:00,ENSENADA,712.69
2026-04-25 01:00:00,ENSENADA,239.72
2026-04-25 02:00:00,ENSENADA,215.8
2026-04-25 03:00:00,ENSENADA,210.91
2026-04-25 04:00:00,ENSENADA,205.62
2026-04-25 05:00:00,ENSENADA,205.68
2026-04-25 06:00:00,ENSENADA,194.25
2026-04-25 07:00:00,ENSENADA,191.67
2026-04-25 08:00:00,ENSENADA,192.24
2026-04-25 09:00:00,ENSENADA,198.05
2026-04-25 10:00:00,ENSENADA,204.53
2026-04-25 11:00:00,ENSENADA,216.32
2026-04-25 12:00:00,ENSENADA,218.66
2026-04-25 13:00:00,ENSENADA,219.52
2026-04-25 14:00:00,ENSENADA,220.02
2026-04-25 15:00:00,ENSENADA,332.05
2026-04-25 16:00:00,ENSENADA,356.98
2026-04-25 17:00:00,ENSENADA,215.26
2026-04-25 18:00:00,ENSENADA,224.85
2026-04-25 19:00:00,ENSENADA,224.71
2026-04-25 20:00:00,ENSENADA,329.23
2026-04-25 21:00:00,ENSENADA,333.79
2026-04-25 22:00:00,ENSENADA,230.84
2026-04-25 23:00:00,ENSENADA,212.46
2026-04-25 00:00:00,MEXICALI,708.22
2026-04-25 01:00:00,MEXICALI,238.03
2026-04-25 02:00:00,MEXICALI,213.56
2026-04-25 03:00:00,MEXICALI,208.99
2026-04-25 04:00:00,MEXICALI,203.78
2026-04-25 05:00:00,MEXICALI,203.68
2026-04-25 06:00:00,MEXICALI,190.55
2026-04-25 07:00:00,MEXICALI,185.33
2026-04-25 08:00:00,MEXICALI,184.66
2026-04-25 09:00:00,MEXICALI,189.98
2026-04-25 10:00:00,MEXICALI,195.22
2026-04-25 11:00:00,MEXICALI,204.43
2026-04-25 12:00:00,MEXICALI,205.54
2026-04-25 13:00:00,MEXICALI,206.53
2026-04-25 14:00:00,MEXICALI,209.09
2026-04-25 15:00:00,MEXICALI,319.08
2026-04-25 16:00:00,MEXICALI,344.44
2026-04-25 17:00:00,MEXICALI,206.83
2026-04-25 18:00:00,MEXICALI,216.99
2026-04-25 19:00:00,MEXICALI,216.05
2026-04-25 20:00:00,MEXICALI,316.58
2026-04-25 21:00:00,MEXICALI,322.65
2026-04-25 22:00:00,MEXICALI,224.53
2026-04-25 23:00:00,MEXICALI,206.52
2026-04-25 00:00:00,SANLUIS,715.33
2026-04-25 01:00:00,SANLUIS,240.21
2026-04-25 02:00:00,SANLUIS,215.35
2026-04-25 03:00:00,SANLUIS,210.59
2026-04-25 04:00:00,SANLUIS,205.31
2026-04-25 05:00:00,SANLUIS,205.16
2026-04-25 06:00:00,SANLUIS,191.78
2026-04-25 07:00:00,SANLUIS,186.4
2026-04-25 08:00:00,SANLUIS,185.73
2026-04-25 09:00:00,SANLUIS,191.12
2026-04-25 10:00:00,SANLUIS,196.47
2026-04-25 11:00:00,SANLUIS,205.83
2026-04-25 12:00:00,SANLUIS,207.11
2026-04-25 13:00:00,SANLUIS,208.27
2026-04-25 14:00:00,SANLUIS,211.03
2026-04-25 15:00:00,SANLUIS,322.46
2026-04-25 16:00:00,SANLUIS,348.39
2026-04-25 17:00:00,SANLUIS,209.13
2026-04-25 18:00:00,SANLUIS,219.44
2026-04-25 19:00:00,SANLUIS,218.39
2026-04-25 20:00:00,SANLUIS,319.99
2026-04-25 21:00:00,SANLUIS,325.86
2026-04-25 22:00:00,SANLUIS,226.54
2026-04-25 23:00:00,SANLUIS,208.2
2026-04-25 00:00:00,TIJUANA,707.38
2026-04-25 01:00:00,TIJUANA,237.53
2026-04-25 02:00:00,TIJUANA,213.59
2026-04-25 03:00:00,TIJUANA,208.74
2026-04-25 04:00:00,TIJUANA,203.55
2026-04-25 05:00:00,TIJUANA,203.55
2026-04-25 06:00:00,TIJUANA,191.95
2026-04-25 07:00:00,TIJUANA,188.17
2026-04-25 08:00:00,TIJUANA,188.26
2026-04-25 09:00:00,TIJUANA,193.7
2026-04-25 10:00:00,TIJUANA,198.92
2026-04-25 11:00:00,TIJUANA,209.16
2026-04-25 12:00:00,TIJUANA,210.9
2026-04-25 13:00:00,TIJUANA,211.69
2026-04-25 14:00:00,TIJUANA,214.29
2026-04-25 15:00:00,TIJUANA,324.93
2026-04-25 16:00:00,TIJUANA,349.75
2026-04-25 17:00:00,TIJUANA,210.46
2026-04-25 18:00:00,TIJUANA,219.94
2026-04-25 19:00:00,TIJUANA,219.69
2026-04-25 20:00:00,TIJUANA,320.65
2026-04-25 21:00:00,TIJUANA,325.62
2026-04-25 22:00:00,TIJUANA,226.66
2026-04-25 23:00:00,TIJUANA,208.95
2026-04-26 00:00:00,ENSENADA,193.0
2026-04-26 01:00:00,ENSENADA,184.45
2026-04-26 02:00:00,ENSENADA,175.51
2026-04-26 03:00:00,ENSENADA,168.27
2026-04-26 04:00:00,ENSENADA,154.45
2026-04-26 05:00:00,ENSENADA,154.42
2026-04-26 06:00:00,ENSENADA,122.79
2026-04-26 07:00:00,ENSENADA,154.72
2026-04-26 08:00:00,ENSENADA,102.93
2026-04-26 09:00:00,ENSENADA,102.99
2026-04-26 10:00:00,ENSENADA,102.27
2026-04-26 11:00:00,ENSENADA,101.91
2026-04-26 12:00:00,ENSENADA,101.25
2026-04-26 13:00:00,ENSENADA,101.32
2026-04-26 14:00:00,ENSENADA,91.16
2026-04-26 15:00:00,ENSENADA,91.43
2026-04-26 16:00:00,ENSENADA,92.2
2026-04-26 17:00:00,ENSENADA,101.26
2026-04-26 18:00:00,ENSENADA,167.91
2026-04-26 19:00:00,ENSENADA,173.85
2026-04-26 20:00:00,ENSENADA,191.36
2026-04-26 21:00:00,ENSENADA,187.3
2026-04-26 22:00:00,ENSENADA,172.84
2026-04-26 23:00:00,ENSENADA,120.82
2026-04-26 00:00:00,MEXICALI,187.18
2026-04-26 01:00:00,MEXICALI,178.95
2026-04-26 02:00:00,MEXICALI,170.68
2026-04-26 03:00:00,MEXICALI,163.04
2026-04-26 04:00:00,MEXICALI,149.25
2026-04-26 05:00:00,MEXICALI,149.27
2026-04-26 06:00:00,MEXICALI,117.97
2026-04-26 07:00:00,MEXICALI,148.88
2026-04-26 08:00:00,MEXICALI,98.27
2026-04-26 09:00:00,MEXICALI,98.26
2026-04-26 10:00:00,MEXICALI,98.01
2026-04-26 11:00:00,MEXICALI,98.2
2026-04-26 12:00:00,MEXICALI,98.24
2026-04-26 13:00:00,MEXICALI,98.29
2026-04-26 14:00:00,MEXICALI,89.42
2026-04-26 15:00:00,MEXICALI,89.42
2026-04-26 16:00:00,MEXICALI,89.76
2026-04-26 17:00:00,MEXICALI,98.75
2026-04-26 18:00:00,MEXICALI,164.81
2026-04-26 19:00:00,MEXICALI,170.23
2026-04-26 20:00:00,MEXICALI,186.49
2026-04-26 21:00:00,MEXICALI,182.05
2026-04-26 22:00:00,MEXICALI,170.11
2026-04-26 23:00:00,MEXICALI,119.2
2026-04-26 00:00:00,SANLUIS,188.46
2026-04-26 01:00:00,SANLUIS,180.03
2026-04-26 02:00:00,SANLUIS,171.63
2026-04-26 03:00:00,SANLUIS,163.89
2026-04-26 04:00:00,SANLUIS,149.99
2026-04-26 05:00:00,SANLUIS,149.98
2026-04-26 06:00:00,SANLUIS,118.44
2026-04-26 07:00:00,SANLUIS,149.42
2026-04-26 08:00:00,SANLUIS,98.6
2026-04-26 09:00:00,SANLUIS,98.64
2026-04-26 10:00:00,SANLUIS,98.46
2026-04-26 11:00:00,SANLUIS,98.73
2026-04-26 12:00:00,SANLUIS,98.83
2026-04-26 13:00:00,SANLUIS,98.93
2026-04-26 14:00:00,SANLUIS,90.08
2026-04-26 15:00:00,SANLUIS,90.1
2026-04-26 16:00:00,SANLUIS,90.45
2026-04-26 17:00:00,SANLUIS,99.54
2026-04-26 18:00:00,SANLUIS,166.12
2026-04-26 19:00:00,SANLUIS,171.61
2026-04-26 20:00:00,SANLUIS,188.13
2026-04-26 21:00:00,SANLUIS,183.57
2026-04-26 22:00:00,SANLUIS,171.42
2026-04-26 23:00:00,SANLUIS,120.01
2026-04-26 00:00:00,TIJUANA,189.97
2026-04-26 01:00:00,TIJUANA,181.84
2026-04-26 02:00:00,TIJUANA,172.63
2026-04-26 03:00:00,TIJUANA,164.96
2026-04-26 04:00:00,TIJUANA,151.11
2026-04-26 05:00:00,TIJUANA,150.98
2026-04-26 06:00:00,TIJUANA,119.71
2026-04-26 07:00:00,TIJUANA,151.03
2026-04-26 08:00:00,TIJUANA,100.11
2026-04-26 09:00:00,TIJUANA,100.33
2026-04-26 10:00:00,TIJUANA,99.72
2026-04-26 11:00:00,TIJUANA,99.45
2026-04-26 12:00:00,TIJUANA,99.16
2026-04-26 13:00:00,TIJUANA,99.01
2026-04-26 14:00:00,TIJUANA,89.24
2026-04-26 15:00:00,TIJUANA,89.64
2026-04-26 16:00:00,TIJUANA,90.47
2026-04-26 17:00:00,TIJUANA,99.74
2026-04-26 18:00:00,TIJUANA,166.04
2026-04-26 19:00:00,TIJUANA,171.3
2026-04-26 20:00:00,TIJUANA,188.24
2026-04-26 21:00:00,TIJUANA,183.68
2026-04-26 22:00:00,TIJUANA,170.1
2026-04-26 23:00:00,TIJUANA,119.14
2026-04-27 00:00:00,ENSENADA,99.75
2026-04-27 01:00:00,ENSENADA,93.95
2026-04-27 02:00:00,ENSENADA,90.6
2026-04-27 03:00:00,ENSENADA,90.44
2026-04-27 04:00:00,ENSENADA,93.87
2026-04-27 05:00:00,ENSENADA,99.68
2026-04-27 06:00:00,ENSENADA,121.14
2026-04-27 07:00:00,ENSENADA,122.57
2026-04-27 08:00:00,ENSENADA,103.97
2026-04-27 09:00:00,ENSENADA,104.02
2026-04-27 10:00:00,ENSENADA,105.27
2026-04-27 11:00:00,ENSENADA,105.51
2026-04-27 12:00:00,ENSENADA,97.48
2026-04-27 13:00:00,ENSENADA,97.31
2026-04-27 14:00:00,ENSENADA,97.86
2026-04-27 15:00:00,ENSENADA,97.78
2026-04-27 16:00:00,ENSENADA,103.16
2026-04-27 17:00:00,ENSENADA,187.8
2026-04-27 18:00:00,ENSENADA,204.54
2026-04-27 19:00:00,ENSENADA,218.72
2026-04-27 20:00:00,ENSENADA,315.21
2026-04-27 21:00:00,ENSENADA,304.91
2026-04-27 22:00:00,ENSENADA,201.53
2026-04-27 23:00:00,ENSENADA,191.49
2026-04-27 00:00:00,MEXICALI,98.67
2026-04-27 01:00:00,MEXICALI,92.88
2026-04-27 02:00:00,MEXICALI,89.87
2026-04-27 03:00:00,MEXICALI,89.84
2026-04-27 04:00:00,MEXICALI,92.84
2026-04-27 05:00:00,MEXICALI,98.61
2026-04-27 06:00:00,MEXICALI,118.55
2026-04-27 07:00:00,MEXICALI,117.78
2026-04-27 08:00:00,MEXICALI,98.64
2026-04-27 09:00:00,MEXICALI,98.67
2026-04-27 10:00:00,MEXICALI,98.9
2026-04-27 11:00:00,MEXICALI,98.96
2026-04-27 12:00:00,MEXICALI,92.66
2026-04-27 13:00:00,MEXICALI,92.71
2026-04-27 14:00:00,MEXICALI,94.14
2026-04-27 15:00:00,MEXICALI,94.46
2026-04-27 16:00:00,MEXICALI,99.47
2026-04-27 17:00:00,MEXICALI,181.92
2026-04-27 18:00:00,MEXICALI,201.55
2026-04-27 19:00:00,MEXICALI,216.36
2026-04-27 20:00:00,MEXICALI,314.28
2026-04-27 21:00:00,MEXICALI,305.11
2026-04-27 22:00:00,MEXICALI,200.83
2026-04-27 23:00:00,MEXICALI,188.94
2026-04-27 00:00:00,SANLUIS,99.29
2026-04-27 01:00:00,SANLUIS,93.42
2026-04-27 02:00:00,SANLUIS,90.37
2026-04-27 03:00:00,SANLUIS,90.32
2026-04-27 04:00:00,SANLUIS,93.33
2026-04-27 05:00:00,SANLUIS,99.14
2026-04-27 06:00:00,SANLUIS,119.09
2026-04-27 07:00:00,SANLUIS,118.24
2026-04-27 08:00:00,SANLUIS,98.95
2026-04-27 09:00:00,SANLUIS,99.0
2026-04-27 10:00:00,SANLUIS,99.28
2026-04-27 11:00:00,SANLUIS,99.41
2026-04-27 12:00:00,SANLUIS,93.17
2026-04-27 13:00:00,SANLUIS,93.3
2026-04-27 14:00:00,SANLUIS,94.83
2026-04-27 15:00:00,SANLUIS,95.24
2026-04-27 16:00:00,SANLUIS,100.35
2026-04-27 17:00:00,SANLUIS,183.68
2026-04-27 18:00:00,SANLUIS,203.6
2026-04-27 19:00:00,SANLUIS,218.65
2026-04-27 20:00:00,SANLUIS,317.81
2026-04-27 21:00:00,SANLUIS,308.47
2026-04-27 22:00:00,SANLUIS,202.73
2026-04-27 23:00:00,SANLUIS,190.49
2026-04-27 00:00:00,TIJUANA,98.42
2026-04-27 01:00:00,TIJUANA,92.63
2026-04-27 02:00:00,TIJUANA,89.38
2026-04-27 03:00:00,TIJUANA,89.26
2026-04-27 04:00:00,TIJUANA,92.64
2026-04-27 05:00:00,TIJUANA,98.52
2026-04-27 06:00:00,TIJUANA,119.79
2026-04-27 07:00:00,TIJUANA,120.64
2026-04-27 08:00:00,TIJUANA,101.54
2026-04-27 09:00:00,TIJUANA,101.38
2026-04-27 10:00:00,TIJUANA,101.95
2026-04-27 11:00:00,TIJUANA,101.89
2026-04-27 12:00:00,TIJUANA,94.04
2026-04-27 13:00:00,TIJUANA,93.66
2026-04-27 14:00:00,TIJUANA,94.96
2026-04-27 15:00:00,TIJUANA,95.35
2026-04-27 16:00:00,TIJUANA,100.68
2026-04-27 17:00:00,TIJUANA,184.08
2026-04-27 18:00:00,TIJUANA,201.62
2026-04-27 19:00:00,TIJUANA,215.49
2026-04-27 20:00:00,TIJUANA,311.08
2026-04-27 21:00:00,TIJUANA,301.34
2026-04-27 22:00:00,TIJUANA,199.54
2026-04-27 23:00:00,TIJUANA,188.85
2026-04-28 00:00:00,ENSENADA,198.05
2026-04-28 01:00:00,ENSENADA,182.21
2026-04-28 02:00:00,ENSENADA,174.07
2026-04-28 03:00:00,ENSENADA,169.93
2026-04-28 04:00:00,ENSENADA,175.13
2026-04-28 05:00:00,ENSENADA,175.94
2026-04-28 06:00:00,ENSENADA,194.17
2026-04-28 07:00:00,ENSENADA,208.04
2026-04-28 08:00:00,ENSENADA,169.41
2026-04-28 09:00:00,ENSENADA,174.4
2026-04-28 10:00:00,ENSENADA,188.31
2026-04-28 11:00:00,ENSENADA,207.9
2026-04-28 12:00:00,ENSENADA,208.47
2026-04-28 13:00:00,ENSENADA,221.3
2026-04-28 14:00:00,ENSENADA,222.55
2026-04-28 15:00:00,ENSENADA,232.39
2026-04-28 16:00:00,ENSENADA,264.27
2026-04-28 17:00:00,ENSENADA,373.61
2026-04-28 18:00:00,ENSENADA,665.79
2026-04-28 19:00:00,ENSENADA,663.17
2026-04-28 20:00:00,ENSENADA,677.46
2026-04-28 21:00:00,ENSENADA,663.86
2026-04-28 22:00:00,ENSENADA,366.52
2026-04-28 23:00:00,ENSENADA,245.98
2026-04-28 00:00:00,MEXICALI,194.9
2026-04-28 01:00:00,MEXICALI,179.21
2026-04-28 02:00:00,MEXICALI,170.97
2026-04-28 03:00:00,MEXICALI,166.28
2026-04-28 04:00:00,MEXICALI,170.89
2026-04-28 05:00:00,MEXICALI,171.14
2026-04-28 06:00:00,MEXICALI,187.46
2026-04-28 07:00:00,MEXICALI,196.85
2026-04-28 08:00:00,MEXICALI,158.68
2026-04-28 09:00:00,MEXICALI,164.26
2026-04-28 10:00:00,MEXICALI,177.35
2026-04-28 11:00:00,MEXICALI,195.97
2026-04-28 12:00:00,MEXICALI,197.62
2026-04-28 13:00:00,MEXICALI,210.73
2026-04-28 14:00:00,MEXICALI,213.11
2026-04-28 15:00:00,MEXICALI,223.06
2026-04-28 16:00:00,MEXICALI,255.72
2026-04-28 17:00:00,MEXICALI,365.85
2026-04-28 18:00:00,MEXICALI,653.32
2026-04-28 19:00:00,MEXICALI,653.41
2026-04-28 20:00:00,MEXICALI,668.0
2026-04-28 21:00:00,MEXICALI,660.63
2026-04-28 22:00:00,MEXICALI,368.45
2026-04-28 23:00:00,MEXICALI,244.86
2026-04-28 00:00:00,SANLUIS,196.28
2026-04-28 01:00:00,SANLUIS,180.37
2026-04-28 02:00:00,SANLUIS,172.02
2026-04-28 03:00:00,SANLUIS,167.24
2026-04-28 04:00:00,SANLUIS,171.87
2026-04-28 05:00:00,SANLUIS,172.15
2026-04-28 06:00:00,SANLUIS,188.52
2026-04-28 07:00:00,SANLUIS,197.89
2026-04-28 08:00:00,SANLUIS,159.39
2026-04-28 09:00:00,SANLUIS,165.1
2026-04-28 10:00:00,SANLUIS,178.33
2026-04-28 11:00:00,SANLUIS,197.22
2026-04-28 12:00:00,SANLUIS,199.04
2026-04-28 13:00:00,SANLUIS,212.4
2026-04-28 14:00:00,SANLUIS,215.13
2026-04-28 15:00:00,SANLUIS,225.28
2026-04-28 16:00:00,SANLUIS,258.5
2026-04-28 17:00:00,SANLUIS,370.01
2026-04-28 18:00:00,SANLUIS,660.6
2026-04-28 19:00:00,SANLUIS,660.43
2026-04-28 20:00:00,SANLUIS,675.37
2026-04-28 21:00:00,SANLUIS,667.83
2026-04-28 22:00:00,SANLUIS,372.16
2026-04-28 23:00:00,SANLUIS,246.99
2026-04-28 00:00:00,TIJUANA,195.48
2026-04-28 01:00:00,TIJUANA,179.41
2026-04-28 02:00:00,TIJUANA,170.95
2026-04-28 03:00:00,TIJUANA,166.4
2026-04-28 04:00:00,TIJUANA,171.0
2026-04-28 05:00:00,TIJUANA,171.69
2026-04-28 06:00:00,TIJUANA,189.36
2026-04-28 07:00:00,TIJUANA,201.6
2026-04-28 08:00:00,TIJUANA,163.38
2026-04-28 09:00:00,TIJUANA,168.15
2026-04-28 10:00:00,TIJUANA,181.27
2026-04-28 11:00:00,TIJUANA,200.14
2026-04-28 12:00:00,TIJUANA,200.88
2026-04-28 13:00:00,TIJUANA,213.12
2026-04-28 14:00:00,TIJUANA,214.5
2026-04-28 15:00:00,TIJUANA,224.71
2026-04-28 16:00:00,TIJUANA,256.22
2026-04-28 17:00:00,TIJUANA,363.83
2026-04-28 18:00:00,TIJUANA,648.64
2026-04-28 19:00:00,TIJUANA,649.44
2026-04-28 20:00:00,TIJUANA,665.49
2026-04-28 21:00:00,TIJUANA,655.09
2026-04-28 22:00:00,TIJUANA,363.0
2026-04-28 23:00:00,TIJUANA,242.63
2026-04-29 00:00:00,ENSENADA,238.68
2026-04-29 01:00:00,ENSENADA,225.96
2026-04-29 02:00:00,ENSENADA,203.52
2026-04-29 03:00:00,ENSENADA,191.96
2026-04-29 04:00:00,ENSENADA,192.43
2026-04-29 05:00:00,ENSENADA,193.94
2026-04-29 06:00:00,ENSENADA,219.2
2026-04-29 07:00:00,ENSENADA,235.44
2026-04-29 08:00:00,ENSENADA,225.26
2026-04-29 09:00:00,ENSENADA,245.91
2026-04-29 10:00:00,ENSENADA,262.92
2026-04-29 11:00:00,ENSENADA,212.03
2026-04-29 12:00:00,ENSENADA,283.65
2026-04-29 13:00:00,ENSENADA,299.63
2026-04-29 14:00:00,ENSENADA,290.62
2026-04-29 15:00:00,ENSENADA,268.47
2026-04-29 16:00:00,ENSENADA,231.15
2026-04-29 17:00:00,ENSENADA,228.46
2026-04-29 18:00:00,ENSENADA,208.08
2026-04-29 19:00:00,ENSENADA,279.71
2026-04-29 20:00:00,ENSENADA,332.86
2026-04-29 21:00:00,ENSENADA,287.83
2026-04-29 22:00:00,ENSENADA,251.32
2026-04-29 23:00:00,ENSENADA,217.03
2026-04-29 00:00:00,MEXICALI,235.61
2026-04-29 01:00:00,MEXICALI,222.5
2026-04-29 02:00:00,MEXICALI,201.07
2026-04-29 03:00:00,MEXICALI,189.86
2026-04-29 04:00:00,MEXICALI,189.77
2026-04-29 05:00:00,MEXICALI,189.98
2026-04-29 06:00:00,MEXICALI,212.38
2026-04-29 07:00:00,MEXICALI,222.63
2026-04-29 08:00:00,MEXICALI,211.5
2026-04-29 09:00:00,MEXICALI,231.83
2026-04-29 10:00:00,MEXICALI,249.12
2026-04-29 11:00:00,MEXICALI,200.48
2026-04-29 12:00:00,MEXICALI,269.0
2026-04-29 13:00:00,MEXICALI,286.57
2026-04-29 14:00:00,MEXICALI,279.76
2026-04-29 15:00:00,MEXICALI,258.43
2026-04-29 16:00:00,MEXICALI,223.0
2026-04-29 17:00:00,MEXICALI,220.34
2026-04-29 18:00:00,MEXICALI,200.49
2026-04-29 19:00:00,MEXICALI,269.3
2026-04-29 20:00:00,MEXICALI,325.25
2026-04-29 21:00:00,MEXICALI,280.93
2026-04-29 22:00:00,MEXICALI,243.26
2026-04-29 23:00:00,MEXICALI,211.27
2026-04-29 00:00:00,SANLUIS,237.38
2026-04-29 01:00:00,SANLUIS,224.05
2026-04-29 02:00:00,SANLUIS,202.29
2026-04-29 03:00:00,SANLUIS,190.98
2026-04-29 04:00:00,SANLUIS,190.83
2026-04-29 05:00:00,SANLUIS,191.06
2026-04-29 06:00:00,SANLUIS,213.45
2026-04-29 07:00:00,SANLUIS,223.69
2026-04-29 08:00:00,SANLUIS,212.46
2026-04-29 09:00:00,SANLUIS,233.15
2026-04-29 10:00:00,SANLUIS,250.78
2026-04-29 11:00:00,SANLUIS,202.0
2026-04-29 12:00:00,SANLUIS,271.36
2026-04-29 13:00:00,SANLUIS,289.36
2026-04-29 14:00:00,SANLUIS,282.83
2026-04-29 15:00:00,SANLUIS,261.78
2026-04-29 16:00:00,SANLUIS,225.84
2026-04-29 17:00:00,SANLUIS,223.24
2026-04-29 18:00:00,SANLUIS,203.0
2026-04-29 19:00:00,SANLUIS,272.66
2026-04-29 20:00:00,SANLUIS,329.49
2026-04-29 21:00:00,SANLUIS,284.54
2026-04-29 22:00:00,SANLUIS,246.17
2026-04-29 23:00:00,SANLUIS,213.55
2026-04-29 00:00:00,TIJUANA,235.03
2026-04-29 01:00:00,TIJUANA,222.01
2026-04-29 02:00:00,TIJUANA,200.22
2026-04-29 03:00:00,TIJUANA,189.15
2026-04-29 04:00:00,TIJUANA,188.9
2026-04-29 05:00:00,TIJUANA,190.26
2026-04-29 06:00:00,TIJUANA,214.42
2026-04-29 07:00:00,TIJUANA,228.36
2026-04-29 08:00:00,TIJUANA,217.84
2026-04-29 09:00:00,TIJUANA,237.18
2026-04-29 10:00:00,TIJUANA,253.44
2026-04-29 11:00:00,TIJUANA,204.08
2026-04-29 12:00:00,TIJUANA,273.55
2026-04-29 13:00:00,TIJUANA,289.11
2026-04-29 14:00:00,TIJUANA,280.95
2026-04-29 15:00:00,TIJUANA,260.9
2026-04-29 16:00:00,TIJUANA,225.34
2026-04-29 17:00:00,TIJUANA,222.82
2026-04-29 18:00:00,TIJUANA,203.01
2026-04-29 19:00:00,TIJUANA,273.43
2026-04-29 20:00:00,TIJUANA,326.79
2026-04-29 21:00:00,TIJUANA,282.48
2026-04-29 22:00:00,TIJUANA,246.25
2026-04-29 23:00:00,TIJUANA,213.0
2026-04-30 00:00:00,ENSENADA,185.06
2026-04-30 01:00:00,ENSENADA,103.27
2026-04-30 02:00:00,ENSENADA,102.32
2026-04-30 03:00:00,ENSENADA,96.08
2026-04-30 04:00:00,ENSENADA,93.67
2026-04-30 05:00:00,ENSENADA,97.35
2026-04-30 06:00:00,ENSENADA,103.21
2026-04-30 07:00:00,ENSENADA,183.93
2026-04-30 08:00:00,ENSENADA,105.42
2026-04-30 09:00:00,ENSENADA,94.55
2026-04-30 10:00:00,ENSENADA,94.97
2026-04-30 11:00:00,ENSENADA,94.63
2026-04-30 12:00:00,ENSENADA,97.92
2026-04-30 13:00:00,ENSENADA,104.3
2026-04-30 14:00:00,ENSENADA,198.51
2026-04-30 15:00:00,ENSENADA,198.62
2026-04-30 16:00:00,ENSENADA,230.73
2026-04-30 17:00:00,ENSENADA,274.68
2026-04-30 18:00:00,ENSENADA,263.24
2026-04-30 19:00:00,ENSENADA,263.55
2026-04-30 20:00:00,ENSENADA,361.0
2026-04-30 21:00:00,ENSENADA,266.22
2026-04-30 22:00:00,ENSENADA,250.53
2026-04-30 23:00:00,ENSENADA,264.57
2026-04-30 00:00:00,MEXICALI,180.12
2026-04-30 01:00:00,MEXICALI,99.95
2026-04-30 02:00:00,MEXICALI,98.98
2026-04-30 03:00:00,MEXICALI,93.68
2026-04-30 04:00:00,MEXICALI,91.31
2026-04-30 05:00:00,MEXICALI,94.32
2026-04-30 06:00:00,MEXICALI,98.96
2026-04-30 07:00:00,MEXICALI,172.86
2026-04-30 08:00:00,MEXICALI,98.7
2026-04-30 09:00:00,MEXICALI,89.76
2026-04-30 10:00:00,MEXICALI,89.68
2026-04-30 11:00:00,MEXICALI,89.53
2026-04-30 12:00:00,MEXICALI,93.05
2026-04-30 13:00:00,MEXICALI,99.01
2026-04-30 14:00:00,MEXICALI,188.83
2026-04-30 15:00:00,MEXICALI,188.83
2026-04-30 16:00:00,MEXICALI,220.33
2026-04-30 17:00:00,MEXICALI,268.51
2026-04-30 18:00:00,MEXICALI,258.17
2026-04-30 19:00:00,MEXICALI,258.18
2026-04-30 20:00:00,MEXICALI,356.07
2026-04-30 21:00:00,MEXICALI,261.13
2026-04-30 22:00:00,MEXICALI,243.27
2026-04-30 23:00:00,MEXICALI,262.94
2026-04-30 00:00:00,SANLUIS,181.89
2026-04-30 01:00:00,SANLUIS,100.82
2026-04-30 02:00:00,SANLUIS,99.8
2026-04-30 03:00:00,SANLUIS,94.42
2026-04-30 04:00:00,SANLUIS,92.01
2026-04-30 05:00:00,SANLUIS,95.02
2026-04-30 06:00:00,SANLUIS,99.65
2026-04-30 07:00:00,SANLUIS,174.1
2026-04-30 08:00:00,SANLUIS,99.36
2026-04-30 09:00:00,SANLUIS,90.36
2026-04-30 10:00:00,SANLUIS,90.47
2026-04-30 11:00:00,SANLUIS,90.43
2026-04-30 12:00:00,SANLUIS,94.06
2026-04-30 13:00:00,SANLUIS,100.18
2026-04-30 14:00:00,SANLUIS,191.3
2026-04-30 15:00:00,SANLUIS,191.41
2026-04-30 16:00:00,SANLUIS,223.22
2026-04-30 17:00:00,SANLUIS,271.81
2026-04-30 18:00:00,SANLUIS,261.21
2026-04-30 19:00:00,SANLUIS,261.17
2026-04-30 20:00:00,SANLUIS,360.39
2026-04-30 21:00:00,SANLUIS,264.14
2026-04-30 22:00:00,SANLUIS,245.87
2026-04-30 23:00:00,SANLUIS,265.53
2026-04-30 00:00:00,TIJUANA,181.49
2026-04-30 01:00:00,TIJUANA,101.08
2026-04-30 02:00:00,TIJUANA,99.89
2026-04-30 03:00:00,TIJUANA,94.3
2026-04-30 04:00:00,TIJUANA,91.98
2026-04-30 05:00:00,TIJUANA,95.45
2026-04-30 06:00:00,TIJUANA,100.99
2026-04-30 07:00:00,TIJUANA,178.14
2026-04-30 08:00:00,TIJUANA,101.59
2026-04-30 09:00:00,TIJUANA,91.84
2026-04-30 10:00:00,TIJUANA,92.12
2026-04-30 11:00:00,TIJUANA,91.74
2026-04-30 12:00:00,TIJUANA,95.14
2026-04-30 13:00:00,TIJUANA,101.43
2026-04-30 14:00:00,TIJUANA,193.58
2026-04-30 15:00:00,TIJUANA,193.77
2026-04-30 16:00:00,TIJUANA,225.36
2026-04-30 17:00:00,TIJUANA,268.68
2026-04-30 18:00:00,TIJUANA,257.96
2026-04-30 19:00:00,TIJUANA,258.04
2026-04-30 20:00:00,TIJUANA,353.41
2026-04-30 21:00:00,TIJUANA,260.95
2026-04-30 22:00:00,TIJUANA,245.45
2026-04-30 23:00:00,TIJUANA,260.61
