Datetime,Zona de Carga,Precio Zonal ($/MWh),Componente energia ($/MWh),Componente perdidas ($/MWh),Extra1,Extra2,Extra3
2026-04-01 00:00,ENSENADA,748.64,725.57,23.08,0.0,0.0,1.0
2026-04-01 01:00,ENSENADA,725.16,703.11,22.05,0.0,0.0,1.0
2026-04-01 02:00,ENSENADA,702.34,681.77,20.57,0.0,0.0,1.0
2026-04-01 03:00,ENSENADA,553.08,536.79,16.29,0.0,0.0,1.0
2026-04-01 04:00,ENSENADA,691.02,669.2,21.82,0.0,0.0,1.0
2026-04-01 05:00,ENSENADA,689.68,669.31,20.37,0.0,0.0,1.0
2026-04-01 06:00,ENSENADA,693.39,672.69,20.7,0.0,0.0,1.0
2026-04-01 07:00,ENSENADA,692.26,669.53,22.73,0.0,0.0,1.0
2026-04-01 08:00,ENSENADA,709.09,682.86,26.23,0.0,0.0,1.0
2026-04-01 09:00,ENSENADA,701.02,671.14,29.89,0.0,0.0,1.0
2026-04-01 10:00,ENSENADA,332.77,315.06,17.71,0.0,0.0,1.0
2026-04-01 11:00,ENSENADA,481.88,454.92,26.96,0.0,0.0,1.0
2026-04-01 12:00,ENSENADA,489.98,464.59,25.39,0.0,0.0,1.0
2026-04-01 13:00,ENSENADA,361.8,344.51,17.29,0.0,0.0,1.0
2026-04-01 14:00,ENSENADA,711.7,675.29,36.4,0.0,0.0,1.0
2026-04-01 15:00,ENSENADA,528.86,503.35,25.51,0.0,0.0,1.0
2026-04-01 16:00,ENSENADA,341.65,325.51,16.15,0.0,0.0,1.0
2026-04-01 17:00,ENSENADA,319.95,306.14,13.81,0.0,0.0,1.0
2026-04-01 18:00,ENSENADA,309.3,296.4,12.9,0.0,0.0,1.0
2026-04-01 19:00,ENSENADA,485.73,464.6,21.13,0.0,0.0,1.0
2026-04-01 20:00,ENSENADA,711.64,682.24,29.4,0.0,0.0,1.0
2026-04-01 21:00,ENSENADA,701.87,674.64,27.23,0.0,0.0,1.0
2026-04-01 22:00,ENSENADA,462.94,446.06,16.88,0.0,0.0,1.0
2026-04-01 23:00,ENSENADA,714.99,691.14,23.85,0.0,0.0,1.0
2026-04-01 00:00,MEXICALI,738.95,725.57,13.39,0.0,0.0,1.0
2026-04-01 01:00,MEXICALI,718.05,703.11,14.94,0.0,0.0,1.0
2026-04-01 02:00,MEXICALI,697.58,681.77,15.81,0.0,0.0,1.0
2026-04-01 03:00,MEXICALI,551.65,536.79,14.86,0.0,0.0,1.0
2026-04-01 04:00,MEXICALI,687.19,669.2,17.99,0.0,0.0,1.0
2026-04-01 05:00,MEXICALI,687.49,669.31,18.18,0.0,0.0,1.0
2026-04-01 06:00,MEXICALI,687.93,672.69,15.24,0.0,0.0,1.0
2026-04-01 07:00,MEXICALI,676.51,669.53,6.98,0.0,0.0,1.0
2026-04-01 08:00,MEXICALI,684.51,682.86,1.65,0.0,0.0,1.0
2026-04-01 09:00,MEXICALI,675.91,671.14,4.77,0.0,0.0,1.0
2026-04-01 10:00,MEXICALI,313.02,315.06,-2.04,0.0,0.0,1.0
2026-04-01 11:00,MEXICALI,448.0,454.92,-6.92,0.0,0.0,1.0
2026-04-01 12:00,MEXICALI,460.78,464.59,-3.82,0.0,0.0,1.0
2026-04-01 13:00,MEXICALI,340.86,344.51,-3.65,0.0,0.0,1.0
2026-04-01 14:00,MEXICALI,668.34,675.29,-6.95,0.0,0.0,1.0
2026-04-01 15:00,MEXICALI,500.22,503.35,-3.13,0.0,0.0,1.0
2026-04-01 16:00,MEXICALI,320.37,325.51,-5.14,0.0,0.0,1.0
2026-04-01 17:00,MEXICALI,304.78,306.14,-1.36,0.0,0.0,1.0
2026-04-01 18:00,MEXICALI,298.09,296.4,1.69,0.0,0.0,1.0
2026-04-01 19:00,MEXICALI,471.91,464.6,7.31,0.0,0.0,1.0
2026-04-01 20:00,MEXICALI,693.1,682.24,10.86,0.0,0.0,1.0
2026-04-01 21:00,MEXICALI,684.55,674.64,9.91,0.0,0.0,1.0
2026-04-01 22:00,MEXICALI,446.96,446.06,0.91,0.0,0.0,1.0
2026-04-01 23:00,MEXICALI,701.34,691.14,10.2,0.0,0.0,1.0
2026-04-01 00:00,SANLUIS,745.03,725.57,19.47,0.0,0.0,1.0
2026-04-01 01:00,SANLUIS,723.21,703.11,20.1,0.0,0.0,1.0
2026-04-01 02:00,SANLUIS,702.52,681.77,20.75,0.0,0.0,1.0
2026-04-01 03:00,SANLUIS,555.34,536.79,18.55,0.0,0.0,1.0
2026-04-01 04:00,SANLUIS,691.59,669.2,22.38,0.0,0.0,1.0
2026-04-01 05:00,SANLUIS,691.47,669.31,22.16,0.0,0.0,1.0
2026-04-01 06:00,SANLUIS,691.23,672.69,18.54,0.0,0.0,1.0
2026-04-01 07:00,SANLUIS,678.43,669.53,8.9,0.0,0.0,1.0
2026-04-01 08:00,SANLUIS,687.11,682.86,4.24,0.0,0.0,1.0
2026-04-01 09:00,SANLUIS,678.8,671.14,7.66,0.0,0.0,1.0
2026-04-01 10:00,SANLUIS,314.36,315.06,-0.7,0.0,0.0,1.0
2026-04-01 11:00,SANLUIS,450.44,454.92,-4.48,0.0,0.0,1.0
2026-04-01 12:00,SANLUIS,463.78,464.59,-0.81,0.0,0.0,1.0
2026-04-01 13:00,SANLUIS,343.25,344.51,-1.26,0.0,0.0,1.0
2026-04-01 14:00,SANLUIS,673.35,675.29,-1.95,0.0,0.0,1.0
2026-04-01 15:00,SANLUIS,504.24,503.35,0.89,0.0,0.0,1.0
2026-04-01 16:00,SANLUIS,322.85,325.51,-2.65,0.0,0.0,1.0
2026-04-01 17:00,SANLUIS,307.23,306.14,1.09,0.0,0.0,1.0
2026-04-01 18:00,SANLUIS,300.81,296.4,4.4,0.0,0.0,1.0
2026-04-01 19:00,SANLUIS,476.3,464.6,11.71,0.0,0.0,1.0
2026-04-01 20:00,SANLUIS,699.66,682.24,17.42,0.0,0.0,1.0
2026-04-01 21:00,SANLUIS,690.46,674.64,15.82,0.0,0.0,1.0
2026-04-01 22:00,SANLUIS,450.03,446.06,3.97,0.0,0.0,1.0
2026-04-01 23:00,SANLUIS,706.02,691.14,14.89,0.0,0.0,1.0
2026-04-01 00:00,TIJUANA,738.09,725.57,12.52,0.0,0.0,1.0
2026-04-01 01:00,TIJUANA,714.85,703.11,11.73,0.0,0.0,1.0
2026-04-01 02:00,TIJUANA,692.99,681.77,11.23,0.0,0.0,1.0
2026-04-01 03:00,TIJUANA,545.57,536.79,8.78,0.0,0.0,1.0
2026-04-01 04:00,TIJUANA,680.18,669.2,10.98,0.0,0.0,1.0
2026-04-01 05:00,TIJUANA,680.49,669.31,11.19,0.0,0.0,1.0
2026-04-01 06:00,TIJUANA,684.27,672.69,11.58,0.0,0.0,1.0
2026-04-01 07:00,TIJUANA,681.37,669.53,11.85,0.0,0.0,1.0
2026-04-01 08:00,TIJUANA,695.2,682.86,12.34,0.0,0.0,1.0
2026-04-01 09:00,TIJUANA,683.61,671.14,12.47,0.0,0.0,1.0
2026-04-01 10:00,TIJUANA,320.47,315.06,5.41,0.0,0.0,1.0
2026-04-01 11:00,TIJUANA,463.1,454.92,8.18,0.0,0.0,1.0
2026-04-01 12:00,TIJUANA,473.26,464.59,8.66,0.0,0.0,1.0
2026-04-01 13:00,TIJUANA,350.9,344.51,6.39,0.0,0.0,1.0
2026-04-01 14:00,TIJUANA,688.1,675.29,12.8,0.0,0.0,1.0
2026-04-01 15:00,TIJUANA,513.02,503.35,9.67,0.0,0.0,1.0
2026-04-01 16:00,TIJUANA,331.43,325.51,5.92,0.0,0.0,1.0
2026-04-01 17:00,TIJUANA,311.56,306.14,5.42,0.0,0.0,1.0
2026-04-01 18:00,TIJUANA,301.65,296.4,5.25,0.0,0.0,1.0
2026-04-01 19:00,TIJUANA,473.57,464.6,8.97,0.0,0.0,1.0
2026-04-01 20:00,TIJUANA,695.48,682.24,13.24,0.0,0.0,1.0
2026-04-01 21:00,TIJUANA,687.38,674.64,12.74,0.0,0.0,1.0
2026-04-01 22:00,TIJUANA,453.84,446.06,7.79,0.0,0.0,1.0
2026-04-01 23:00,TIJUANA,703.32,691.14,12.18,0.0,0.0,1.0
2026-04-02 00:00,ENSENADA,683.74,662.52,21.21,0.0,0.0,1.0
2026-04-02 01:00,ENSENADA,696.94,675.61,21.33,0.0,0.0,1.0
2026-04-02 02:00,ENSENADA,715.46,695.35,20.11,0.0,0.0,1.0
2026-04-02 03:00,ENSENADA,702.4,683.32,19.08,0.0,0.0,1.0
2026-04-02 04:00,ENSENADA,692.15,673.06,19.08,0.0,0.0,1.0
2026-04-02 05:00,ENSENADA,475.33,462.16,13.17,0.0,0.0,1.0
2026-04-02 06:00,ENSENADA,279.55,271.93,7.62,0.0,0.0,1.0
2026-04-02 07:00,ENSENADA,257.25,249.18,8.08,0.0,0.0,1.0
2026-04-02 08:00,ENSENADA,259.35,249.09,10.27,0.0,0.0,1.0
2026-04-02 09:00,ENSENADA,191.05,182.73,8.32,0.0,0.0,1.0
2026-04-02 10:00,ENSENADA,267.37,256.61,10.76,0.0,0.0,1.0
2026-04-02 11:00,ENSENADA,210.56,201.73,8.82,0.0,0.0,1.0
2026-04-02 12:00,ENSENADA,276.11,264.25,11.86,0.0,0.0,1.0
2026-04-02 13:00,ENSENADA,467.64,446.87,20.77,0.0,0.0,1.0
2026-04-02 14:00,ENSENADA,693.09,661.98,31.11,0.0,0.0,1.0
2026-04-02 15:00,ENSENADA,699.02,666.87,32.15,0.0,0.0,1.0
2026-04-02 16:00,ENSENADA,691.2,660.1,31.1,0.0,0.0,1.0
2026-04-02 17:00,ENSENADA,691.42,659.67,31.75,0.0,0.0,1.0
2026-04-02 18:00,ENSENADA,719.01,688.37,30.64,0.0,0.0,1.0
2026-04-02 19:00,ENSENADA,672.8,644.67,28.13,0.0,0.0,1.0
2026-04-02 20:00,ENSENADA,661.21,634.89,26.32,0.0,0.0,1.0
2026-04-02 21:00,ENSENADA,664.48,639.85,24.62,0.0,0.0,1.0
2026-04-02 22:00,ENSENADA,452.5,437.16,15.33,0.0,0.0,1.0
2026-04-02 23:00,ENSENADA,668.53,647.8,20.73,0.0,0.0,1.0
2026-04-02 00:00,MEXICALI,675.74,662.52,13.22,0.0,0.0,1.0
2026-04-02 01:00,MEXICALI,684.95,675.61,9.34,0.0,0.0,1.0
2026-04-02 02:00,MEXICALI,702.11,695.35,6.76,0.0,0.0,1.0
2026-04-02 03:00,MEXICALI,693.34,683.32,10.02,0.0,0.0,1.0
2026-04-02 04:00,MEXICALI,684.82,673.06,11.75,0.0,0.0,1.0
2026-04-02 05:00,MEXICALI,474.36,462.16,12.2,0.0,0.0,1.0
2026-04-02 06:00,MEXICALI,277.32,271.93,5.39,0.0,0.0,1.0
2026-04-02 07:00,MEXICALI,251.27,249.18,2.1,0.0,0.0,1.0
2026-04-02 08:00,MEXICALI,247.9,249.09,-1.18,0.0,0.0,1.0
2026-04-02 09:00,MEXICALI,180.62,182.73,-2.11,0.0,0.0,1.0
2026-04-02 10:00,MEXICALI,255.88,256.61,-0.73,0.0,0.0,1.0
2026-04-02 11:00,MEXICALI,200.03,201.73,-1.7,0.0,0.0,1.0
2026-04-02 12:00,MEXICALI,264.94,264.25,0.69,0.0,0.0,1.0
2026-04-02 13:00,MEXICALI,447.18,446.87,0.31,0.0,0.0,1.0
2026-04-02 14:00,MEXICALI,664.29,661.98,2.32,0.0,0.0,1.0
2026-04-02 15:00,MEXICALI,671.96,666.87,5.09,0.0,0.0,1.0
2026-04-02 16:00,MEXICALI,671.93,660.1,11.83,0.0,0.0,1.0
2026-04-02 17:00,MEXICALI,672.11,659.67,12.44,0.0,0.0,1.0
2026-04-02 18:00,MEXICALI,704.15,688.37,15.78,0.0,0.0,1.0
2026-04-02 19:00,MEXICALI,671.33,644.67,26.66,0.0,0.0,1.0
2026-04-02 20:00,MEXICALI,663.08,634.89,28.19,0.0,0.0,1.0
2026-04-02 21:00,MEXICALI,663.25,639.85,23.4,0.0,0.0,1.0
2026-04-02 22:00,MEXICALI,452.76,437.16,15.6,0.0,0.0,1.0
2026-04-02 23:00,MEXICALI,663.42,647.8,15.62,0.0,0.0,1.0
2026-04-02 00:00,SANLUIS,679.69,662.52,17.17,0.0,0.0,1.0
2026-04-02 01:00,SANLUIS,688.58,675.61,12.96,0.0,0.0,1.0
2026-04-02 02:00,SANLUIS,705.18,695.35,9.84,0.0,0.0,1.0
2026-04-02 03:00,SANLUIS,696.32,683.32,13.0,0.0,0.0,1.0
2026-04-02 04:00,SANLUIS,687.8,673.06,14.74,0.0,0.0,1.0
2026-04-02 05:00,SANLUIS,476.57,462.16,14.4,0.0,0.0,1.0
2026-04-02 06:00,SANLUIS,278.47,271.93,6.55,0.0,0.0,1.0
2026-04-02 07:00,SANLUIS,252.2,249.18,3.02,0.0,0.0,1.0
2026-04-02 08:00,SANLUIS,248.71,249.09,-0.38,0.0,0.0,1.0
2026-04-02 09:00,SANLUIS,181.24,182.73,-1.49,0.0,0.0,1.0
2026-04-02 10:00,SANLUIS,257.15,256.61,0.53,0.0,0.0,1.0
2026-04-02 11:00,SANLUIS,201.11,201.73,-0.63,0.0,0.0,1.0
2026-04-02 12:00,SANLUIS,266.63,264.25,2.38,0.0,0.0,1.0
2026-04-02 13:00,SANLUIS,450.3,446.87,3.43,0.0,0.0,1.0
2026-04-02 14:00,SANLUIS,667.96,661.98,5.98,0.0,0.0,1.0
2026-04-02 15:00,SANLUIS,676.09,666.87,9.22,0.0,0.0,1.0
2026-04-02 16:00,SANLUIS,676.37,660.1,16.27,0.0,0.0,1.0
2026-04-02 17:00,SANLUIS,676.78,659.67,17.11,0.0,0.0,1.0
2026-04-02 18:00,SANLUIS,710.05,688.37,21.68,0.0,0.0,1.0
2026-04-02 19:00,SANLUIS,677.11,644.67,32.44,0.0,0.0,1.0
2026-04-02 20:00,SANLUIS,668.86,634.89,33.97,0.0,0.0,1.0
2026-04-02 21:00,SANLUIS,668.61,639.85,28.76,0.0,0.0,1.0
2026-04-02 22:00,SANLUIS,456.06,437.16,18.9,0.0,0.0,1.0
2026-04-02 23:00,SANLUIS,667.97,647.8,20.17,0.0,0.0,1.0
2026-04-02 00:00,TIJUANA,673.94,662.52,11.42,0.0,0.0,1.0
2026-04-02 01:00,TIJUANA,686.39,675.61,10.78,0.0,0.0,1.0
2026-04-02 02:00,TIJUANA,705.54,695.35,10.2,0.0,0.0,1.0
2026-04-02 03:00,TIJUANA,693.28,683.32,9.96,0.0,0.0,1.0
2026-04-02 04:00,TIJUANA,683.15,673.06,10.08,0.0,0.0,1.0
2026-04-02 05:00,TIJUANA,469.79,462.16,7.63,0.0,0.0,1.0
2026-04-02 06:00,TIJUANA,276.46,271.93,4.53,0.0,0.0,1.0
2026-04-02 07:00,TIJUANA,253.33,249.18,4.15,0.0,0.0,1.0
2026-04-02 08:00,TIJUANA,253.15,249.09,4.06,0.0,0.0,1.0
2026-04-02 09:00,TIJUANA,185.58,182.73,2.86,0.0,0.0,1.0
2026-04-02 10:00,TIJUANA,260.98,256.61,4.37,0.0,0.0,1.0
2026-04-02 11:00,TIJUANA,205.13,201.73,3.4,0.0,0.0,1.0
2026-04-02 12:00,TIJUANA,268.95,264.25,4.69,0.0,0.0,1.0
2026-04-02 13:00,TIJUANA,454.91,446.87,8.04,0.0,0.0,1.0
2026-04-02 14:00,TIJUANA,674.23,661.98,12.26,0.0,0.0,1.0
2026-04-02 15:00,TIJUANA,679.11,666.87,12.24,0.0,0.0,1.0
2026-04-02 16:00,TIJUANA,672.37,660.1,12.27,0.0,0.0,1.0
2026-04-02 17:00,TIJUANA,671.64,659.67,11.97,0.0,0.0,1.0
2026-04-02 18:00,TIJUANA,701.44,688.37,13.07,0.0,0.0,1.0
2026-04-02 19:00,TIJUANA,658.16,644.67,13.49,0.0,0.0,1.0
2026-04-02 20:00,TIJUANA,648.34,634.89,13.45,0.0,0.0,1.0
2026-04-02 21:00,TIJUANA,653.09,639.85,13.24,0.0,0.0,1.0
2026-04-02 22:00,TIJUANA,445.97,437.16,8.81,0.0,0.0,1.0
2026-04-02 23:00,TIJUANA,659.57,647.8,11.77,0.0,0.0,1.0
2026-04-03 00:00,ENSENADA,310.57,301.55,9.03,0.0,0.0,1.0
2026-04-03 01:00,ENSENADA,280.0,272.02,7.98,0.0,0.0,1.0
2026-04-03 02:00,ENSENADA,262.73,255.6,7.13,0.0,0.0,1.0
2026-04-03 03:00,ENSENADA,240.22,233.97,6.26,0.0,0.0,1.0
2026-04-03 04:00,ENSENADA,210.37,204.08,6.29,0.0,0.0,1.0
2026-04-03 05:00,ENSENADA,207.82,200.04,7.78,0.0,0.0,1.0
2026-04-03 06:00,ENSENADA,191.93,183.99,7.94,0.0,0.0,1.0
2026-04-03 07:00,ENSENADA,234.45,224.66,9.79,0.0,0.0,1.0
2026-04-03 08:00,ENSENADA,281.79,269.25,12.54,0.0,0.0,1.0
2026-04-03 09:00,ENSENADA,398.34,380.31,18.03,0.0,0.0,1.0
2026-04-03 10:00,ENSENADA,275.97,263.79,12.18,0.0,0.0,1.0
2026-04-03 11:00,ENSENADA,281.66,269.27,12.4,0.0,0.0,1.0
2026-04-03 12:00,ENSENADA,297.66,284.2,13.46,0.0,0.0,1.0
2026-04-03 13:00,ENSENADA,270.64,258.34,12.3,0.0,0.0,1.0
2026-04-03 14:00,ENSENADA,455.06,433.99,21.07,0.0,0.0,1.0
2026-04-03 15:00,ENSENADA,311.4,296.95,14.46,0.0,0.0,1.0
2026-04-03 16:00,ENSENADA,213.62,203.5,10.12,0.0,0.0,1.0
2026-04-03 17:00,ENSENADA,197.25,187.72,9.53,0.0,0.0,1.0
2026-04-03 18:00,ENSENADA,653.09,624.55,28.55,0.0,0.0,1.0
2026-04-03 19:00,ENSENADA,675.27,642.65,32.62,0.0,0.0,1.0
2026-04-03 20:00,ENSENADA,695.53,661.51,34.02,0.0,0.0,1.0
2026-04-03 21:00,ENSENADA,677.65,646.28,31.36,0.0,0.0,1.0
2026-04-03 22:00,ENSENADA,666.59,637.1,29.49,0.0,0.0,1.0
2026-04-03 23:00,ENSENADA,448.34,429.85,18.49,0.0,0.0,1.0
2026-04-03 00:00,MEXICALI,309.61,301.55,8.07,0.0,0.0,1.0
2026-04-03 01:00,MEXICALI,279.22,272.02,7.2,0.0,0.0,1.0
2026-04-03 02:00,MEXICALI,259.74,255.6,4.14,0.0,0.0,1.0
2026-04-03 03:00,MEXICALI,238.03,233.97,4.06,0.0,0.0,1.0
2026-04-03 04:00,MEXICALI,208.01,204.08,3.93,0.0,0.0,1.0
2026-04-03 05:00,MEXICALI,202.56,200.04,2.53,0.0,0.0,1.0
2026-04-03 06:00,MEXICALI,185.29,183.99,1.3,0.0,0.0,1.0
2026-04-03 07:00,MEXICALI,226.13,224.66,1.47,0.0,0.0,1.0
2026-04-03 08:00,MEXICALI,271.94,269.25,2.69,0.0,0.0,1.0
2026-04-03 09:00,MEXICALI,385.72,380.31,5.41,0.0,0.0,1.0
2026-04-03 10:00,MEXICALI,266.22,263.79,2.43,0.0,0.0,1.0
2026-04-03 11:00,MEXICALI,273.51,269.27,4.24,0.0,0.0,1.0
2026-04-03 12:00,MEXICALI,288.62,284.2,4.42,0.0,0.0,1.0
2026-04-03 13:00,MEXICALI,263.27,258.34,4.93,0.0,0.0,1.0
2026-04-03 14:00,MEXICALI,439.23,433.99,5.23,0.0,0.0,1.0
2026-04-03 15:00,MEXICALI,301.13,296.95,4.19,0.0,0.0,1.0
2026-04-03 16:00,MEXICALI,209.54,203.5,6.04,0.0,0.0,1.0
2026-04-03 17:00,MEXICALI,192.5,187.72,4.79,0.0,0.0,1.0
2026-04-03 18:00,MEXICALI,644.55,624.55,20.0,0.0,0.0,1.0
2026-04-03 19:00,MEXICALI,657.34,642.65,14.69,0.0,0.0,1.0
2026-04-03 20:00,MEXICALI,670.2,661.51,8.7,0.0,0.0,1.0
2026-04-03 21:00,MEXICALI,657.48,646.28,11.2,0.0,0.0,1.0
2026-04-03 22:00,MEXICALI,650.66,637.1,13.56,0.0,0.0,1.0
2026-04-03 23:00,MEXICALI,441.04,429.85,11.19,0.0,0.0,1.0
2026-04-03 00:00,SANLUIS,311.56,301.55,10.02,0.0,0.0,1.0
2026-04-03 01:00,SANLUIS,280.83,272.02,8.81,0.0,0.0,1.0
2026-04-03 02:00,SANLUIS,261.04,255.6,5.44,0.0,0.0,1.0
2026-04-03 03:00,SANLUIS,239.12,233.97,5.15,0.0,0.0,1.0
2026-04-03 04:00,SANLUIS,208.97,204.08,4.89,0.0,0.0,1.0
2026-04-03 05:00,SANLUIS,203.39,200.04,3.35,0.0,0.0,1.0
2026-04-03 06:00,SANLUIS,186.01,183.99,2.01,0.0,0.0,1.0
2026-04-03 07:00,SANLUIS,226.86,224.66,2.2,0.0,0.0,1.0
2026-04-03 08:00,SANLUIS,273.15,269.25,3.9,0.0,0.0,1.0
2026-04-03 09:00,SANLUIS,387.25,380.31,6.94,0.0,0.0,1.0
2026-04-03 10:00,SANLUIS,266.46,263.79,2.67,0.0,0.0,1.0
2026-04-03 11:00,SANLUIS,274.6,269.27,5.33,0.0,0.0,1.0
2026-04-03 12:00,SANLUIS,289.95,284.2,5.75,0.0,0.0,1.0
2026-04-03 13:00,SANLUIS,264.77,258.34,6.43,0.0,0.0,1.0
2026-04-03 14:00,SANLUIS,441.73,433.99,7.73,0.0,0.0,1.0
2026-04-03 15:00,SANLUIS,302.34,296.95,5.39,0.0,0.0,1.0
2026-04-03 16:00,SANLUIS,210.86,203.5,7.36,0.0,0.0,1.0
2026-04-03 17:00,SANLUIS,193.58,187.72,5.86,0.0,0.0,1.0
2026-04-03 18:00,SANLUIS,648.12,624.55,23.57,0.0,0.0,1.0
2026-04-03 19:00,SANLUIS,661.17,642.65,18.52,0.0,0.0,1.0
2026-04-03 20:00,SANLUIS,673.99,661.51,12.48,0.0,0.0,1.0
2026-04-03 21:00,SANLUIS,661.13,646.28,14.85,0.0,0.0,1.0
2026-04-03 22:00,SANLUIS,654.01,637.1,16.91,0.0,0.0,1.0
2026-04-03 23:00,SANLUIS,443.43,429.85,13.57,0.0,0.0,1.0
2026-04-03 00:00,TIJUANA,306.78,301.55,5.24,0.0,0.0,1.0
2026-04-03 01:00,TIJUANA,276.5,272.02,4.48,0.0,0.0,1.0
2026-04-03 02:00,TIJUANA,259.54,255.6,3.93,0.0,0.0,1.0
2026-04-03 03:00,TIJUANA,237.47,233.97,3.5,0.0,0.0,1.0
2026-04-03 04:00,TIJUANA,207.08,204.08,3.0,0.0,0.0,1.0
2026-04-03 05:00,TIJUANA,202.85,200.04,2.82,0.0,0.0,1.0
2026-04-03 06:00,TIJUANA,186.44,183.99,2.45,0.0,0.0,1.0
2026-04-03 07:00,TIJUANA,227.81,224.66,3.15,0.0,0.0,1.0
2026-04-03 08:00,TIJUANA,273.2,269.25,3.95,0.0,0.0,1.0
2026-04-03 09:00,TIJUANA,386.1,380.31,5.78,0.0,0.0,1.0
2026-04-03 10:00,TIJUANA,267.74,263.79,3.95,0.0,0.0,1.0
2026-04-03 11:00,TIJUANA,273.49,269.27,4.23,0.0,0.0,1.0
2026-04-03 12:00,TIJUANA,288.68,284.2,4.48,0.0,0.0,1.0
2026-04-03 13:00,TIJUANA,262.37,258.34,4.02,0.0,0.0,1.0
2026-04-03 14:00,TIJUANA,440.88,433.99,6.89,0.0,0.0,1.0
2026-04-03 15:00,TIJUANA,301.69,296.95,4.74,0.0,0.0,1.0
2026-04-03 16:00,TIJUANA,206.88,203.5,3.38,0.0,0.0,1.0
2026-04-03 17:00,TIJUANA,190.76,187.72,3.05,0.0,0.0,1.0
2026-04-03 18:00,TIJUANA,635.44,624.55,10.89,0.0,0.0,1.0
2026-04-03 19:00,TIJUANA,654.01,642.65,11.36,0.0,0.0,1.0
2026-04-03 20:00,TIJUANA,672.99,661.51,11.48,0.0,0.0,1.0
2026-04-03 21:00,TIJUANA,657.35,646.28,11.07,0.0,0.0,1.0
2026-04-03 22:00,TIJUANA,647.62,637.1,10.52,0.0,0.0,1.0
2026-04-03 23:00,TIJUANA,436.49,429.85,6.64,0.0,0.0,1.0
2026-04-04 00:00,ENSENADA,262.0,251.06,10.94,0.0,0.0,1.0
2026-04-04 01:00,ENSENADA,259.15,248.48,10.68,0.0,0.0,1.0
2026-04-04 02:00,ENSENADA,197.2,189.19,8.01,0.0,0.0,1.0
2026-04-04 03:00,ENSENADA,150.66,144.33,6.33,0.0,0.0,1.0
2026-04-04 04:00,ENSENADA,150.34,144.08,6.26,0.0,0.0,1.0
2026-04-04 05:00,ENSENADA,150.34,144.05,6.29,0.0,0.0,1.0
2026-04-04 06:00,ENSENADA,0.0,0.0,0.0,0.0,0.0,1.0
2026-04-04 07:00,ENSENADA,67.22,64.01,3.22,0.0,0.0,1.0
2026-04-04 08:00,ENSENADA,68.24,64.58,3.66,0.0,0.0,1.0
2026-04-04 09:00,ENSENADA,68.56,64.83,3.74,0.0,0.0,1.0
2026-04-04 10:00,ENSENADA,69.25,65.5,3.75,0.0,0.0,1.0
2026-04-04 11:00,ENSENADA,69.45,65.76,3.7,0.0,0.0,1.0
2026-04-04 12:00,ENSENADA,69.72,65.96,3.76,0.0,0.0,1.0
2026-04-04 13:00,ENSENADA,166.67,157.57,9.1,0.0,0.0,1.0
2026-04-04 14:00,ENSENADA,152.56,143.98,8.58,0.0,0.0,1.0
2026-04-04 15:00,ENSENADA,154.49,146.11,8.38,0.0,0.0,1.0
2026-04-04 16:00,ENSENADA,168.83,159.74,9.1,0.0,0.0,1.0
2026-04-04 17:00,ENSENADA,237.88,225.19,12.68,0.0,0.0,1.0
2026-04-04 18:00,ENSENADA,716.27,677.79,38.48,0.0,0.0,1.0
2026-04-04 19:00,ENSENADA,718.58,679.61,38.97,0.0,0.0,1.0
2026-04-04 20:00,ENSENADA,798.51,755.11,43.4,0.0,0.0,1.0
2026-04-04 21:00,ENSENADA,785.28,744.95,40.33,0.0,0.0,1.0
2026-04-04 22:00,ENSENADA,761.03,724.65,36.38,0.0,0.0,1.0
2026-04-04 23:00,ENSENADA,748.49,714.09,34.4,0.0,0.0,1.0
2026-04-04 00:00,MEXICALI,257.69,251.06,6.63,0.0,0.0,1.0
2026-04-04 01:00,MEXICALI,255.08,248.48,6.6,0.0,0.0,1.0
2026-04-04 02:00,MEXICALI,193.78,189.19,4.59,0.0,0.0,1.0
2026-04-04 03:00,MEXICALI,147.29,144.33,2.96,0.0,0.0,1.0
2026-04-04 04:00,MEXICALI,145.38,144.08,1.3,0.0,0.0,1.0
2026-04-04 05:00,MEXICALI,144.86,144.05,0.81,0.0,0.0,1.0
2026-04-04 06:00,MEXICALI,0.0,0.0,0.0,0.0,0.0,1.0
2026-04-04 07:00,MEXICALI,63.9,64.01,-0.11,0.0,0.0,1.0
2026-04-04 08:00,MEXICALI,64.26,64.58,-0.32,0.0,0.0,1.0
2026-04-04 09:00,MEXICALI,64.62,64.83,-0.2,0.0,0.0,1.0
2026-04-04 10:00,MEXICALI,65.14,65.5,-0.37,0.0,0.0,1.0
2026-04-04 11:00,MEXICALI,65.59,65.76,-0.17,0.0,0.0,1.0
2026-04-04 12:00,MEXICALI,65.69,65.96,-0.27,0.0,0.0,1.0
2026-04-04 13:00,MEXICALI,157.96,157.57,0.39,0.0,0.0,1.0
2026-04-04 14:00,MEXICALI,143.51,143.98,-0.47,0.0,0.0,1.0
2026-04-04 15:00,MEXICALI,145.09,146.11,-1.02,0.0,0.0,1.0
2026-04-04 16:00,MEXICALI,157.81,159.74,-1.93,0.0,0.0,1.0
2026-04-04 17:00,MEXICALI,222.71,225.19,-2.49,0.0,0.0,1.0
2026-04-04 18:00,MEXICALI,670.45,677.79,-7.34,0.0,0.0,1.0
2026-04-04 19:00,MEXICALI,670.48,679.61,-9.13,0.0,0.0,1.0
2026-04-04 20:00,MEXICALI,742.59,755.11,-12.52,0.0,0.0,1.0
2026-04-04 21:00,MEXICALI,735.32,744.95,-9.63,0.0,0.0,1.0
2026-04-04 22:00,MEXICALI,720.96,724.65,-3.7,0.0,0.0,1.0
2026-04-04 23:00,MEXICALI,713.83,714.09,-0.26,0.0,0.0,1.0
2026-04-04 00:00,SANLUIS,258.97,251.06,7.91,0.0,0.0,1.0
2026-04-04 01:00,SANLUIS,256.27,248.48,7.79,0.0,0.0,1.0
2026-04-04 02:00,SANLUIS,194.63,189.19,5.44,0.0,0.0,1.0
2026-04-04 03:00,SANLUIS,147.86,144.33,3.54,0.0,0.0,1.0
2026-04-04 04:00,SANLUIS,145.87,144.08,1.79,0.0,0.0,1.0
2026-04-04 05:00,SANLUIS,145.34,144.05,1.29,0.0,0.0,1.0
2026-04-04 06:00,SANLUIS,0.0,0.0,0.0,0.0,0.0,1.0
2026-04-04 07:00,SANLUIS,64.13,64.01,0.12,0.0,0.0,1.0
2026-04-04 08:00,SANLUIS,64.55,64.58,-0.04,0.0,0.0,1.0
2026-04-04 09:00,SANLUIS,64.88,64.83,0.06,0.0,0.0,1.0
2026-04-04 10:00,SANLUIS,65.4,65.5,-0.11,0.0,0.0,1.0
2026-04-04 11:00,SANLUIS,65.87,65.76,0.12,0.0,0.0,1.0
2026-04-04 12:00,SANLUIS,66.02,65.96,0.06,0.0,0.0,1.0
2026-04-04 13:00,SANLUIS,159.01,157.57,1.44,0.0,0.0,1.0
2026-04-04 14:00,SANLUIS,144.47,143.98,0.49,0.0,0.0,1.0
2026-04-04 15:00,SANLUIS,146.15,146.11,0.04,0.0,0.0,1.0
2026-04-04 16:00,SANLUIS,158.91,159.74,-0.83,0.0,0.0,1.0
2026-04-04 17:00,SANLUIS,224.21,225.19,-0.98,0.0,0.0,1.0
2026-04-04 18:00,SANLUIS,674.56,677.79,-3.23,0.0,0.0,1.0
2026-04-04 19:00,SANLUIS,674.46,679.61,-5.14,0.0,0.0,1.0
2026-04-04 20:00,SANLUIS,746.91,755.11,-8.2,0.0,0.0,1.0
2026-04-04 21:00,SANLUIS,739.3,744.95,-5.65,0.0,0.0,1.0
2026-04-04 22:00,SANLUIS,724.57,724.65,-0.08,0.0,0.0,1.0
2026-04-04 23:00,SANLUIS,717.6,714.09,3.51,0.0,0.0,1.0
2026-04-04 00:00,TIJUANA,254.81,251.06,3.75,0.0,0.0,1.0
2026-04-04 01:00,TIJUANA,252.03,248.48,3.55,0.0,0.0,1.0
2026-04-04 02:00,TIJUANA,191.74,189.19,2.55,0.0,0.0,1.0
2026-04-04 03:00,TIJUANA,146.18,144.33,1.85,0.0,0.0,1.0
2026-04-04 04:00,TIJUANA,145.85,144.08,1.77,0.0,0.0,1.0
2026-04-04 05:00,TIJUANA,145.8,144.05,1.75,0.0,0.0,1.0
2026-04-04 06:00,TIJUANA,0.0,0.0,0.0,0.0,0.0,1.0
2026-04-04 07:00,TIJUANA,64.79,64.01,0.79,0.0,0.0,1.0
2026-04-04 08:00,TIJUANA,65.39,64.58,0.81,0.0,0.0,1.0
2026-04-04 09:00,TIJUANA,65.67,64.83,0.84,0.0,0.0,1.0
2026-04-04 10:00,TIJUANA,66.38,65.5,0.87,0.0,0.0,1.0
2026-04-04 11:00,TIJUANA,66.66,65.76,0.9,0.0,0.0,1.0
2026-04-04 12:00,TIJUANA,66.88,65.96,0.92,0.0,0.0,1.0
2026-04-04 13:00,TIJUANA,159.94,157.57,2.36,0.0,0.0,1.0
2026-04-04 14:00,TIJUANA,146.12,143.98,2.14,0.0,0.0,1.0
2026-04-04 15:00,TIJUANA,148.3,146.11,2.18,0.0,0.0,1.0
2026-04-04 16:00,TIJUANA,162.09,159.74,2.35,0.0,0.0,1.0
2026-04-04 17:00,TIJUANA,228.55,225.19,3.36,0.0,0.0,1.0
2026-04-04 18:00,TIJUANA,688.22,677.79,10.44,0.0,0.0,1.0
2026-04-04 19:00,TIJUANA,690.13,679.61,10.53,0.0,0.0,1.0
2026-04-04 20:00,TIJUANA,766.73,755.11,11.62,0.0,0.0,1.0
2026-04-04 21:00,TIJUANA,756.26,744.95,11.31,0.0,0.0,1.0
2026-04-04 22:00,TIJUANA,735.43,724.65,10.77,0.0,0.0,1.0
2026-04-04 23:00,TIJUANA,724.41,714.09,10.32,0.0,0.0,1.0
2026-04-05 00:00,ENSENADA,494.43,472.85,21.57,0.0,0.0,1.0
2026-04-05 01:00,ENSENADA,227.4,218.19,9.21,0.0,0.0,1.0
2026-04-05 02:00,ENSENADA,200.59,192.93,7.66,0.0,0.0,1.0
2026-04-05 03:00,ENSENADA,208.27,201.81,6.46,0.0,0.0,1.0
2026-04-05 04:00,ENSENADA,205.9,200.03,5.88,0.0,0.0,1.0
2026-04-05 05:00,ENSENADA,204.8,198.29,6.51,0.0,0.0,1.0
2026-04-05 06:00,ENSENADA,167.34,161.65,5.69,0.0,0.0,1.0
2026-04-05 07:00,ENSENADA,164.29,157.95,6.34,0.0,0.0,1.0
2026-04-05 08:00,ENSENADA,151.12,144.31,6.81,0.0,0.0,1.0
2026-04-05 09:00,ENSENADA,151.43,144.19,7.24,0.0,0.0,1.0
2026-04-05 10:00,ENSENADA,151.59,144.14,7.45,0.0,0.0,1.0
2026-04-05 11:00,ENSENADA,151.6,143.97,7.64,0.0,0.0,1.0
2026-04-05 12:00,ENSENADA,151.79,144.21,7.58,0.0,0.0,1.0
2026-04-05 13:00,ENSENADA,189.32,180.01,9.31,0.0,0.0,1.0
2026-04-05 14:00,ENSENADA,230.58,219.18,11.4,0.0,0.0,1.0
2026-04-05 15:00,ENSENADA,423.38,402.59,20.79,0.0,0.0,1.0
2026-04-05 16:00,ENSENADA,698.89,669.91,28.98,0.0,0.0,1.0
2026-04-05 17:00,ENSENADA,689.93,667.84,22.1,0.0,0.0,1.0
2026-04-05 18:00,ENSENADA,699.75,678.22,21.53,0.0,0.0,1.0
2026-04-05 19:00,ENSENADA,711.16,687.85,23.31,0.0,0.0,1.0
2026-04-05 20:00,ENSENADA,766.47,741.55,24.92,0.0,0.0,1.0
2026-04-05 21:00,ENSENADA,756.29,731.89,24.4,0.0,0.0,1.0
2026-04-05 22:00,ENSENADA,721.6,701.75,19.86,0.0,0.0,1.0
2026-04-05 23:00,ENSENADA,703.49,686.13,17.36,0.0,0.0,1.0
2026-04-05 00:00,MEXICALI,477.03,472.85,4.18,0.0,0.0,1.0
2026-04-05 01:00,MEXICALI,219.62,218.19,1.43,0.0,0.0,1.0
2026-04-05 02:00,MEXICALI,193.54,192.93,0.6,0.0,0.0,1.0
2026-04-05 03:00,MEXICALI,203.46,201.81,1.66,0.0,0.0,1.0
2026-04-05 04:00,MEXICALI,201.94,200.03,1.91,0.0,0.0,1.0
2026-04-05 05:00,MEXICALI,199.95,198.29,1.66,0.0,0.0,1.0
2026-04-05 06:00,MEXICALI,162.34,161.65,0.7,0.0,0.0,1.0
2026-04-05 07:00,MEXICALI,157.1,157.95,-0.85,0.0,0.0,1.0
2026-04-05 08:00,MEXICALI,143.25,144.31,-1.06,0.0,0.0,1.0
2026-04-05 09:00,MEXICALI,143.07,144.19,-1.12,0.0,0.0,1.0
2026-04-05 10:00,MEXICALI,143.06,144.14,-1.09,0.0,0.0,1.0
2026-04-05 11:00,MEXICALI,142.86,143.97,-1.1,0.0,0.0,1.0
2026-04-05 12:00,MEXICALI,143.42,144.21,-0.79,0.0,0.0,1.0
2026-04-05 13:00,MEXICALI,179.88,180.01,-0.13,0.0,0.0,1.0
2026-04-05 14:00,MEXICALI,220.24,219.18,1.06,0.0,0.0,1.0
2026-04-05 15:00,MEXICALI,403.85,402.59,1.27,0.0,0.0,1.0
2026-04-05 16:00,MEXICALI,664.43,669.91,-5.48,0.0,0.0,1.0
2026-04-05 17:00,MEXICALI,664.12,667.84,-3.72,0.0,0.0,1.0
2026-04-05 18:00,MEXICALI,677.06,678.22,-1.16,0.0,0.0,1.0
2026-04-05 19:00,MEXICALI,682.84,687.85,-5.01,0.0,0.0,1.0
2026-04-05 20:00,MEXICALI,734.06,741.55,-7.49,0.0,0.0,1.0
2026-04-05 21:00,MEXICALI,725.21,731.89,-6.68,0.0,0.0,1.0
2026-04-05 22:00,MEXICALI,698.45,701.75,-3.3,0.0,0.0,1.0
2026-04-05 23:00,MEXICALI,689.25,686.13,3.12,0.0,0.0,1.0
2026-04-05 00:00,SANLUIS,479.51,472.85,6.66,0.0,0.0,1.0
2026-04-05 01:00,SANLUIS,220.65,218.19,2.46,0.0,0.0,1.0
2026-04-05 02:00,SANLUIS,194.32,192.93,1.38,0.0,0.0,1.0
2026-04-05 03:00,SANLUIS,204.3,201.81,2.5,0.0,0.0,1.0
2026-04-05 04:00,SANLUIS,202.75,200.03,2.72,0.0,0.0,1.0
2026-04-05 05:00,SANLUIS,200.71,198.29,2.42,0.0,0.0,1.0
2026-04-05 06:00,SANLUIS,162.87,161.65,1.22,0.0,0.0,1.0
2026-04-05 07:00,SANLUIS,157.54,157.95,-0.4,0.0,0.0,1.0
2026-04-05 08:00,SANLUIS,143.69,144.31,-0.62,0.0,0.0,1.0
2026-04-05 09:00,SANLUIS,143.57,144.19,-0.61,0.0,0.0,1.0
2026-04-05 10:00,SANLUIS,143.66,144.14,-0.48,0.0,0.0,1.0
2026-04-05 11:00,SANLUIS,143.57,143.97,-0.4,0.0,0.0,1.0
2026-04-05 12:00,SANLUIS,144.28,144.21,0.07,0.0,0.0,1.0
2026-04-05 13:00,SANLUIS,181.17,180.01,1.16,0.0,0.0,1.0
2026-04-05 14:00,SANLUIS,222.08,219.18,2.9,0.0,0.0,1.0
2026-04-05 15:00,SANLUIS,406.51,402.59,3.92,0.0,0.0,1.0
2026-04-05 16:00,SANLUIS,668.63,669.91,-1.28,0.0,0.0,1.0
2026-04-05 17:00,SANLUIS,668.1,667.84,0.27,0.0,0.0,1.0
2026-04-05 18:00,SANLUIS,682.2,678.22,3.98,0.0,0.0,1.0
2026-04-05 19:00,SANLUIS,687.9,687.85,0.05,0.0,0.0,1.0
2026-04-05 20:00,SANLUIS,739.54,741.55,-2.01,0.0,0.0,1.0
2026-04-05 21:00,SANLUIS,730.25,731.89,-1.64,0.0,0.0,1.0
2026-04-05 22:00,SANLUIS,702.81,701.75,1.07,0.0,0.0,1.0
2026-04-05 23:00,SANLUIS,693.65,686.13,7.52,0.0,0.0,1.0
2026-04-05 00:00,TIJUANA,479.46,472.85,6.61,0.0,0.0,1.0
2026-04-05 01:00,TIJUANA,221.07,218.19,2.88,0.0,0.0,1.0
2026-04-05 02:00,TIJUANA,195.32,192.93,2.38,0.0,0.0,1.0
2026-04-05 03:00,TIJUANA,204.34,201.81,2.53,0.0,0.0,1.0
2026-04-05 04:00,TIJUANA,202.51,200.03,2.48,0.0,0.0,1.0
2026-04-05 05:00,TIJUANA,200.73,198.29,2.44,0.0,0.0,1.0
2026-04-05 06:00,TIJUANA,163.54,161.65,1.89,0.0,0.0,1.0
2026-04-05 07:00,TIJUANA,159.73,157.95,1.78,0.0,0.0,1.0
2026-04-05 08:00,TIJUANA,145.94,144.31,1.63,0.0,0.0,1.0
2026-04-05 09:00,TIJUANA,145.84,144.19,1.66,0.0,0.0,1.0
2026-04-05 10:00,TIJUANA,145.85,144.14,1.71,0.0,0.0,1.0
2026-04-05 11:00,TIJUANA,145.75,143.97,1.78,0.0,0.0,1.0
2026-04-05 12:00,TIJUANA,146.06,144.21,1.85,0.0,0.0,1.0
2026-04-05 13:00,TIJUANA,182.47,180.01,2.46,0.0,0.0,1.0
2026-04-05 14:00,TIJUANA,222.38,219.18,3.2,0.0,0.0,1.0
2026-04-05 15:00,TIJUANA,408.58,402.59,5.99,0.0,0.0,1.0
2026-04-05 16:00,TIJUANA,679.93,669.91,10.02,0.0,0.0,1.0
2026-04-05 17:00,TIJUANA,678.01,667.84,10.17,0.0,0.0,1.0
2026-04-05 18:00,TIJUANA,688.75,678.22,10.53,0.0,0.0,1.0
2026-04-05 19:00,TIJUANA,698.79,687.85,10.95,0.0,0.0,1.0
2026-04-05 20:00,TIJUANA,753.45,741.55,11.9,0.0,0.0,1.0
2026-04-05 21:00,TIJUANA,743.41,731.89,11.53,0.0,0.0,1.0
2026-04-05 22:00,TIJUANA,712.4,701.75,10.66,0.0,0.0,1.0
2026-04-05 23:00,TIJUANA,696.17,686.13,10.04,0.0,0.0,1.0
2026-04-06 00:00,ENSENADA,720.6,702.75,17.85,0.0,0.0,1.0
2026-04-06 01:00,ENSENADA,715.63,700.3,15.33,0.0,0.0,1.0
2026-04-06 02:00,ENSENADA,696.86,682.81,14.05,0.0,0.0,1.0
2026-04-06 03:00,ENSENADA,216.18,211.71,4.47,0.0,0.0,1.0
2026-04-06 04:00,ENSENADA,219.09,213.62,5.47,0.0,0.0,1.0
2026-04-06 05:00,ENSENADA,674.57,656.09,18.48,0.0,0.0,1.0
2026-04-06 06:00,ENSENADA,694.15,672.38,21.78,0.0,0.0,1.0
2026-04-06 07:00,ENSENADA,671.55,646.78,24.77,0.0,0.0,1.0
2026-04-06 08:00,ENSENADA,689.1,663.07,26.03,0.0,0.0,1.0
2026-04-06 09:00,ENSENADA,705.92,677.61,28.31,0.0,0.0,1.0
2026-04-06 10:00,ENSENADA,704.34,673.42,30.92,0.0,0.0,1.0
2026-04-06 11:00,ENSENADA,709.59,678.15,31.44,0.0,0.0,1.0
2026-04-06 12:00,ENSENADA,710.98,680.63,30.35,0.0,0.0,1.0
2026-04-06 13:00,ENSENADA,340.25,325.59,14.66,0.0,0.0,1.0
2026-04-06 14:00,ENSENADA,678.37,648.55,29.83,0.0,0.0,1.0
2026-04-06 15:00,ENSENADA,687.05,656.78,30.27,0.0,0.0,1.0
2026-04-06 16:00,ENSENADA,712.0,680.28,31.72,0.0,0.0,1.0
2026-04-06 17:00,ENSENADA,721.22,690.27,30.95,0.0,0.0,1.0
2026-04-06 18:00,ENSENADA,832.71,800.36,32.36,0.0,0.0,1.0
2026-04-06 19:00,ENSENADA,835.65,801.39,34.25,0.0,0.0,1.0
2026-04-06 20:00,ENSENADA,834.9,801.17,33.73,0.0,0.0,1.0
2026-04-06 21:00,ENSENADA,832.19,801.16,31.03,0.0,0.0,1.0
2026-04-06 22:00,ENSENADA,807.03,780.23,26.81,0.0,0.0,1.0
2026-04-06 23:00,ENSENADA,715.9,693.78,22.13,0.0,0.0,1.0
2026-04-06 00:00,MEXICALI,706.77,702.75,4.02,0.0,0.0,1.0
2026-04-06 01:00,MEXICALI,707.36,700.3,7.06,0.0,0.0,1.0
2026-04-06 02:00,MEXICALI,693.71,682.81,10.9,0.0,0.0,1.0
2026-04-06 03:00,MEXICALI,217.42,211.71,5.71,0.0,0.0,1.0
2026-04-06 04:00,MEXICALI,218.81,213.62,5.19,0.0,0.0,1.0
2026-04-06 05:00,MEXICALI,671.25,656.09,15.16,0.0,0.0,1.0
2026-04-06 06:00,MEXICALI,680.7,672.38,8.32,0.0,0.0,1.0
2026-04-06 07:00,MEXICALI,651.17,646.78,4.39,0.0,0.0,1.0
2026-04-06 08:00,MEXICALI,663.65,663.07,0.58,0.0,0.0,1.0
2026-04-06 09:00,MEXICALI,670.9,677.61,-6.71,0.0,0.0,1.0
2026-04-06 10:00,MEXICALI,670.82,673.42,-2.6,0.0,0.0,1.0
2026-04-06 11:00,MEXICALI,676.63,678.15,-1.53,0.0,0.0,1.0
2026-04-06 12:00,MEXICALI,677.05,680.63,-3.59,0.0,0.0,1.0
2026-04-06 13:00,MEXICALI,327.88,325.59,2.28,0.0,0.0,1.0
2026-04-06 14:00,MEXICALI,651.58,648.55,3.04,0.0,0.0,1.0
2026-04-06 15:00,MEXICALI,657.88,656.78,1.1,0.0,0.0,1.0
2026-04-06 16:00,MEXICALI,676.6,680.28,-3.68,0.0,0.0,1.0
2026-04-06 17:00,MEXICALI,683.54,690.27,-6.73,0.0,0.0,1.0
2026-04-06 18:00,MEXICALI,793.92,800.36,-6.44,0.0,0.0,1.0
2026-04-06 19:00,MEXICALI,793.36,801.39,-8.03,0.0,0.0,1.0
2026-04-06 20:00,MEXICALI,793.81,801.17,-7.36,0.0,0.0,1.0
2026-04-06 21:00,MEXICALI,793.78,801.16,-7.38,0.0,0.0,1.0
2026-04-06 22:00,MEXICALI,776.79,780.23,-3.44,0.0,0.0,1.0
2026-04-06 23:00,MEXICALI,689.92,693.78,-3.86,0.0,0.0,1.0
2026-04-06 00:00,SANLUIS,711.02,702.75,8.27,0.0,0.0,1.0
2026-04-06 01:00,SANLUIS,711.43,700.3,11.12,0.0,0.0,1.0
2026-04-06 02:00,SANLUIS,697.55,682.81,14.75,0.0,0.0,1.0
2026-04-06 03:00,SANLUIS,218.61,211.71,6.9,0.0,0.0,1.0
2026-04-06 04:00,SANLUIS,219.91,213.62,6.29,0.0,0.0,1.0
2026-04-06 05:00,SANLUIS,674.6,656.09,18.51,0.0,0.0,1.0
2026-04-06 06:00,SANLUIS,683.32,672.38,10.94,0.0,0.0,1.0
2026-04-06 07:00,SANLUIS,651.76,646.78,4.98,0.0,0.0,1.0
2026-04-06 08:00,SANLUIS,664.52,663.07,1.45,0.0,0.0,1.0
2026-04-06 09:00,SANLUIS,672.21,677.61,-5.4,0.0,0.0,1.0
2026-04-06 10:00,SANLUIS,672.93,673.42,-0.48,0.0,0.0,1.0
2026-04-06 11:00,SANLUIS,679.28,678.15,1.13,0.0,0.0,1.0
2026-04-06 12:00,SANLUIS,680.21,680.63,-0.42,0.0,0.0,1.0
2026-04-06 13:00,SANLUIS,329.52,325.59,3.93,0.0,0.0,1.0
2026-04-06 14:00,SANLUIS,655.29,648.55,6.74,0.0,0.0,1.0
2026-04-06 15:00,SANLUIS,662.0,656.78,5.22,0.0,0.0,1.0
2026-04-06 16:00,SANLUIS,681.16,680.28,0.89,0.0,0.0,1.0
2026-04-06 17:00,SANLUIS,687.89,690.27,-2.38,0.0,0.0,1.0
2026-04-06 18:00,SANLUIS,800.49,800.36,0.13,0.0,0.0,1.0
2026-04-06 19:00,SANLUIS,799.74,801.39,-1.66,0.0,0.0,1.0
2026-04-06 20:00,SANLUIS,800.2,801.17,-0.98,0.0,0.0,1.0
2026-04-06 21:00,SANLUIS,799.77,801.16,-1.39,0.0,0.0,1.0
2026-04-06 22:00,SANLUIS,782.09,780.23,1.86,0.0,0.0,1.0
2026-04-06 23:00,SANLUIS,693.94,693.78,0.17,0.0,0.0,1.0
2026-04-06 00:00,TIJUANA,712.52,702.75,9.78,0.0,0.0,1.0
2026-04-06 01:00,TIJUANA,709.89,700.3,9.59,0.0,0.0,1.0
2026-04-06 02:00,TIJUANA,692.25,682.81,9.44,0.0,0.0,1.0
2026-04-06 03:00,TIJUANA,214.81,211.71,3.1,0.0,0.0,1.0
2026-04-06 04:00,TIJUANA,216.78,213.62,3.16,0.0,0.0,1.0
2026-04-06 05:00,TIJUANA,666.15,656.09,10.05,0.0,0.0,1.0
2026-04-06 06:00,TIJUANA,683.2,672.38,10.83,0.0,0.0,1.0
2026-04-06 07:00,TIJUANA,657.9,646.78,11.12,0.0,0.0,1.0
2026-04-06 08:00,TIJUANA,674.87,663.07,11.8,0.0,0.0,1.0
2026-04-06 09:00,TIJUANA,689.92,677.61,12.31,0.0,0.0,1.0
2026-04-06 10:00,TIJUANA,685.9,673.42,12.48,0.0,0.0,1.0
2026-04-06 11:00,TIJUANA,691.41,678.15,13.25,0.0,0.0,1.0
2026-04-06 12:00,TIJUANA,693.69,680.64,13.05,0.0,0.0,1.0
2026-04-06 13:00,TIJUANA,331.98,325.59,6.39,0.0,0.0,1.0
2026-04-06 14:00,TIJUANA,661.33,648.55,12.79,0.0,0.0,1.0
2026-04-06 15:00,TIJUANA,669.88,656.78,13.1,0.0,0.0,1.0
2026-04-06 16:00,TIJUANA,693.66,680.28,13.38,0.0,0.0,1.0
2026-04-06 17:00,TIJUANA,703.41,690.27,13.15,0.0,0.0,1.0
2026-04-06 18:00,TIJUANA,815.46,800.36,15.1,0.0,0.0,1.0
2026-04-06 19:00,TIJUANA,816.65,801.39,15.26,0.0,0.0,1.0
2026-04-06 20:00,TIJUANA,816.51,801.17,15.34,0.0,0.0,1.0
2026-04-06 21:00,TIJUANA,816.02,801.16,14.86,0.0,0.0,1.0
2026-04-06 22:00,TIJUANA,794.19,780.23,13.96,0.0,0.0,1.0
2026-04-06 23:00,TIJUANA,705.25,693.78,11.47,0.0,0.0,1.0
2026-04-07 00:00,ENSENADA,667.23,648.84,18.39,0.0,0.0,1.0
2026-04-07 01:00,ENSENADA,433.14,421.71,11.43,0.0,0.0,1.0
2026-04-07 02:00,ENSENADA,279.3,271.89,7.41,0.0,0.0,1.0
2026-04-07 03:00,ENSENADA,261.19,254.68,6.51,0.0,0.0,1.0
2026-04-07 04:00,ENSENADA,258.4,252.1,6.3,0.0,0.0,1.0
2026-04-07 05:00,ENSENADA,258.52,252.1,6.43,0.0,0.0,1.0
2026-04-07 06:00,ENSENADA,237.2,231.22,5.98,0.0,0.0,1.0
2026-04-07 07:00,ENSENADA,67.41,65.11,2.3,0.0,0.0,1.0
2026-04-07 08:00,ENSENADA,153.04,146.6,6.44,0.0,0.0,1.0
2026-04-07 09:00,ENSENADA,166.4,158.18,8.21,0.0,0.0,1.0
2026-04-07 10:00,ENSENADA,266.39,252.58,13.81,0.0,0.0,1.0
2026-04-07 11:00,ENSENADA,311.9,295.41,16.49,0.0,0.0,1.0
2026-04-07 12:00,ENSENADA,412.66,390.95,21.71,0.0,0.0,1.0
2026-04-07 13:00,ENSENADA,490.24,463.51,26.73,0.0,0.0,1.0
2026-04-07 14:00,ENSENADA,694.99,656.85,38.14,0.0,0.0,1.0
2026-04-07 15:00,ENSENADA,692.31,656.9,35.4,0.0,0.0,1.0
2026-04-07 16:00,ENSENADA,698.31,664.96,33.35,0.0,0.0,1.0
2026-04-07 17:00,ENSENADA,717.94,683.85,34.09,0.0,0.0,1.0
2026-04-07 18:00,ENSENADA,744.93,714.8,30.12,0.0,0.0,1.0
2026-04-07 19:00,ENSENADA,742.05,713.27,28.78,0.0,0.0,1.0
2026-04-07 20:00,ENSENADA,843.76,811.48,32.28,0.0,0.0,1.0
2026-04-07 21:00,ENSENADA,828.53,799.91,28.62,0.0,0.0,1.0
2026-04-07 22:00,ENSENADA,819.36,795.24,24.11,0.0,0.0,1.0
2026-04-07 23:00,ENSENADA,723.2,704.43,18.77,0.0,0.0,1.0
2026-04-07 00:00,MEXICALI,657.1,648.84,8.26,0.0,0.0,1.0
2026-04-07 01:00,MEXICALI,428.85,421.71,7.14,0.0,0.0,1.0
2026-04-07 02:00,MEXICALI,275.26,271.89,3.37,0.0,0.0,1.0
2026-04-07 03:00,MEXICALI,256.7,254.68,2.03,0.0,0.0,1.0
2026-04-07 04:00,MEXICALI,253.54,252.1,1.44,0.0,0.0,1.0
2026-04-07 05:00,MEXICALI,253.6,252.1,1.5,0.0,0.0,1.0
2026-04-07 06:00,MEXICALI,231.19,231.22,-0.03,0.0,0.0,1.0
2026-04-07 07:00,MEXICALI,64.25,65.11,-0.86,0.0,0.0,1.0
2026-04-07 08:00,MEXICALI,143.09,146.6,-3.51,0.0,0.0,1.0
2026-04-07 09:00,MEXICALI,153.74,158.18,-4.45,0.0,0.0,1.0
2026-04-07 10:00,MEXICALI,247.47,252.58,-5.11,0.0,0.0,1.0
2026-04-07 11:00,MEXICALI,293.39,295.41,-2.03,0.0,0.0,1.0
2026-04-07 12:00,MEXICALI,390.28,390.95,-0.67,0.0,0.0,1.0
2026-04-07 13:00,MEXICALI,465.72,463.51,2.21,0.0,0.0,1.0
2026-04-07 14:00,MEXICALI,662.94,656.85,6.09,0.0,0.0,1.0
2026-04-07 15:00,MEXICALI,662.92,656.9,6.01,0.0,0.0,1.0
2026-04-07 16:00,MEXICALI,670.25,664.96,5.3,0.0,0.0,1.0
2026-04-07 17:00,MEXICALI,686.55,683.85,2.7,0.0,0.0,1.0
2026-04-07 18:00,MEXICALI,717.96,714.8,3.16,0.0,0.0,1.0
2026-04-07 19:00,MEXICALI,717.82,713.27,4.55,0.0,0.0,1.0
2026-04-07 20:00,MEXICALI,815.14,811.48,3.66,0.0,0.0,1.0
2026-04-07 21:00,MEXICALI,804.14,799.91,4.23,0.0,0.0,1.0
2026-04-07 22:00,MEXICALI,798.82,795.24,3.57,0.0,0.0,1.0
2026-04-07 23:00,MEXICALI,709.43,704.43,5.0,0.0,0.0,1.0
2026-04-07 00:00,SANLUIS,660.94,648.84,12.1,0.0,0.0,1.0
2026-04-07 01:00,SANLUIS,431.14,421.71,9.43,0.0,0.0,1.0
2026-04-07 02:00,SANLUIS,276.55,271.89,4.66,0.0,0.0,1.0
2026-04-07 03:00,SANLUIS,257.79,254.68,3.11,0.0,0.0,1.0
2026-04-07 04:00,SANLUIS,254.5,252.1,2.41,0.0,0.0,1.0
2026-04-07 05:00,SANLUIS,254.56,252.1,2.46,0.0,0.0,1.0
2026-04-07 06:00,SANLUIS,231.98,231.22,0.76,0.0,0.0,1.0
2026-04-07 07:00,SANLUIS,64.46,65.11,-0.66,0.0,0.0,1.0
2026-04-07 08:00,SANLUIS,143.54,146.6,-3.06,0.0,0.0,1.0
2026-04-07 09:00,SANLUIS,154.3,158.18,-3.89,0.0,0.0,1.0
2026-04-07 10:00,SANLUIS,248.66,252.58,-3.92,0.0,0.0,1.0
2026-04-07 11:00,SANLUIS,295.09,295.41,-0.32,0.0,0.0,1.0
2026-04-07 12:00,SANLUIS,392.26,390.95,1.31,0.0,0.0,1.0
2026-04-07 13:00,SANLUIS,468.7,463.51,5.19,0.0,0.0,1.0
2026-04-07 14:00,SANLUIS,667.88,656.85,11.03,0.0,0.0,1.0
2026-04-07 15:00,SANLUIS,668.56,656.9,11.66,0.0,0.0,1.0
2026-04-07 16:00,SANLUIS,676.35,664.96,11.39,0.0,0.0,1.0
2026-04-07 17:00,SANLUIS,692.94,683.85,9.09,0.0,0.0,1.0
2026-04-07 18:00,SANLUIS,725.93,714.8,11.12,0.0,0.0,1.0
2026-04-07 19:00,SANLUIS,725.47,713.27,12.19,0.0,0.0,1.0
2026-04-07 20:00,SANLUIS,823.76,811.48,12.28,0.0,0.0,1.0
2026-04-07 21:00,SANLUIS,811.81,799.91,11.9,0.0,0.0,1.0
2026-04-07 22:00,SANLUIS,805.71,795.24,10.47,0.0,0.0,1.0
2026-04-07 23:00,SANLUIS,714.69,704.43,10.26,0.0,0.0,1.0
2026-04-07 00:00,TIJUANA,659.87,648.84,11.03,0.0,0.0,1.0
2026-04-07 01:00,TIJUANA,428.73,421.71,7.02,0.0,0.0,1.0
2026-04-07 02:00,TIJUANA,276.17,271.89,4.28,0.0,0.0,1.0
2026-04-07 03:00,TIJUANA,258.51,254.68,3.83,0.0,0.0,1.0
2026-04-07 04:00,TIJUANA,255.87,252.1,3.77,0.0,0.0,1.0
2026-04-07 05:00,TIJUANA,255.94,252.1,3.84,0.0,0.0,1.0
2026-04-07 06:00,TIJUANA,234.73,231.22,3.51,0.0,0.0,1.0
2026-04-07 07:00,TIJUANA,66.07,65.11,0.96,0.0,0.0,1.0
2026-04-07 08:00,TIJUANA,148.78,146.6,2.18,0.0,0.0,1.0
2026-04-07 09:00,TIJUANA,160.57,158.18,2.39,0.0,0.0,1.0
2026-04-07 10:00,TIJUANA,256.69,252.58,4.1,0.0,0.0,1.0
2026-04-07 11:00,TIJUANA,300.68,295.41,5.27,0.0,0.0,1.0
2026-04-07 12:00,TIJUANA,398.15,390.95,7.2,0.0,0.0,1.0
2026-04-07 13:00,TIJUANA,472.49,463.51,8.98,0.0,0.0,1.0
2026-04-07 14:00,TIJUANA,669.81,656.85,12.96,0.0,0.0,1.0
2026-04-07 15:00,TIJUANA,670.1,656.9,13.2,0.0,0.0,1.0
2026-04-07 16:00,TIJUANA,678.31,664.96,13.36,0.0,0.0,1.0
2026-04-07 17:00,TIJUANA,697.23,683.85,13.38,0.0,0.0,1.0
2026-04-07 18:00,TIJUANA,728.65,714.8,13.85,0.0,0.0,1.0
2026-04-07 19:00,TIJUANA,727.32,713.27,14.05,0.0,0.0,1.0
2026-04-07 20:00,TIJUANA,827.51,811.48,16.03,0.0,0.0,1.0
2026-04-07 21:00,TIJUANA,815.31,799.91,15.4,0.0,0.0,1.0
2026-04-07 22:00,TIJUANA,809.88,795.24,14.64,0.0,0.0,1.0
2026-04-07 23:00,TIJUANA,716.87,704.43,12.44,0.0,0.0,1.0
2026-04-08 00:00,ENSENADA,675.52,658.32,17.2,0.0,0.0,1.0
2026-04-08 01:00,ENSENADA,323.55,316.2,7.35,0.0,0.0,1.0
2026-04-08 02:00,ENSENADA,277.71,271.62,6.09,0.0,0.0,1.0
2026-04-08 03:00,ENSENADA,201.15,196.64,4.51,0.0,0.0,1.0
2026-04-08 04:00,ENSENADA,185.36,180.88,4.48,0.0,0.0,1.0
2026-04-08 05:00,ENSENADA,185.49,181.03,4.46,0.0,0.0,1.0
2026-04-08 06:00,ENSENADA,66.24,64.51,1.73,0.0,0.0,1.0
2026-04-08 07:00,ENSENADA,183.16,177.16,5.99,0.0,0.0,1.0
2026-04-08 08:00,ENSENADA,68.6,65.87,2.73,0.0,0.0,1.0
2026-04-08 09:00,ENSENADA,69.83,66.48,3.35,0.0,0.0,1.0
2026-04-08 10:00,ENSENADA,187.0,177.05,9.95,0.0,0.0,1.0
2026-04-08 11:00,ENSENADA,203.65,192.86,10.79,0.0,0.0,1.0
2026-04-08 12:00,ENSENADA,315.84,298.44,17.39,0.0,0.0,1.0
2026-04-08 13:00,ENSENADA,335.38,316.23,19.15,0.0,0.0,1.0
2026-04-08 14:00,ENSENADA,343.76,325.14,18.62,0.0,0.0,1.0
2026-04-08 15:00,ENSENADA,341.73,325.19,16.54,0.0,0.0,1.0
2026-04-08 16:00,ENSENADA,318.87,304.21,14.66,0.0,0.0,1.0
2026-04-08 17:00,ENSENADA,314.4,301.02,13.38,0.0,0.0,1.0
2026-04-08 18:00,ENSENADA,523.62,501.98,21.65,0.0,0.0,1.0
2026-04-08 19:00,ENSENADA,498.87,478.49,20.38,0.0,0.0,1.0
2026-04-08 20:00,ENSENADA,693.75,666.16,27.59,0.0,0.0,1.0
2026-04-08 21:00,ENSENADA,729.34,702.53,26.81,0.0,0.0,1.0
2026-04-08 22:00,ENSENADA,693.75,671.16,22.59,0.0,0.0,1.0
2026-04-08 23:00,ENSENADA,330.59,321.06,9.53,0.0,0.0,1.0
2026-04-08 00:00,MEXICALI,669.48,658.32,11.16,0.0,0.0,1.0
2026-04-08 01:00,MEXICALI,320.39,316.2,4.18,0.0,0.0,1.0
2026-04-08 02:00,MEXICALI,273.5,271.62,1.88,0.0,0.0,1.0
2026-04-08 03:00,MEXICALI,197.33,196.64,0.69,0.0,0.0,1.0
2026-04-08 04:00,MEXICALI,180.73,180.88,-0.15,0.0,0.0,1.0
2026-04-08 05:00,MEXICALI,180.05,181.03,-0.98,0.0,0.0,1.0
2026-04-08 06:00,MEXICALI,63.88,64.51,-0.64,0.0,0.0,1.0
2026-04-08 07:00,MEXICALI,174.81,177.16,-2.36,0.0,0.0,1.0
2026-04-08 08:00,MEXICALI,64.79,65.87,-1.07,0.0,0.0,1.0
2026-04-08 09:00,MEXICALI,65.35,66.48,-1.13,0.0,0.0,1.0
2026-04-08 10:00,MEXICALI,174.18,177.05,-2.87,0.0,0.0,1.0
2026-04-08 11:00,MEXICALI,187.53,192.86,-5.33,0.0,0.0,1.0
2026-04-08 12:00,MEXICALI,291.36,298.44,-7.09,0.0,0.0,1.0
2026-04-08 13:00,MEXICALI,309.79,316.23,-6.44,0.0,0.0,1.0
2026-04-08 14:00,MEXICALI,321.54,325.14,-3.6,0.0,0.0,1.0
2026-04-08 15:00,MEXICALI,324.64,325.19,-0.55,0.0,0.0,1.0
2026-04-08 16:00,MEXICALI,304.14,304.21,-0.07,0.0,0.0,1.0
2026-04-08 17:00,MEXICALI,302.44,301.02,1.42,0.0,0.0,1.0
2026-04-08 18:00,MEXICALI,514.11,501.98,12.13,0.0,0.0,1.0
2026-04-08 19:00,MEXICALI,490.43,478.49,11.94,0.0,0.0,1.0
2026-04-08 20:00,MEXICALI,681.4,666.16,15.23,0.0,0.0,1.0
2026-04-08 21:00,MEXICALI,710.55,702.53,8.02,0.0,0.0,1.0
2026-04-08 22:00,MEXICALI,681.75,671.16,10.59,0.0,0.0,1.0
2026-04-08 23:00,MEXICALI,325.55,321.06,4.49,0.0,0.0,1.0
2026-04-08 00:00,SANLUIS,674.39,658.32,16.08,0.0,0.0,1.0
2026-04-08 01:00,SANLUIS,322.48,316.2,6.27,0.0,0.0,1.0
2026-04-08 02:00,SANLUIS,275.08,271.62,3.46,0.0,0.0,1.0
2026-04-08 03:00,SANLUIS,198.34,196.64,1.7,0.0,0.0,1.0
2026-04-08 04:00,SANLUIS,181.58,180.88,0.7,0.0,0.0,1.0
2026-04-08 05:00,SANLUIS,180.86,181.03,-0.17,0.0,0.0,1.0
2026-04-08 06:00,SANLUIS,64.13,64.51,-0.38,0.0,0.0,1.0
2026-04-08 07:00,SANLUIS,175.49,177.16,-1.67,0.0,0.0,1.0
2026-04-08 08:00,SANLUIS,65.08,65.87,-0.78,0.0,0.0,1.0
2026-04-08 09:00,SANLUIS,65.68,66.48,-0.8,0.0,0.0,1.0
2026-04-08 10:00,SANLUIS,175.25,177.05,-1.8,0.0,0.0,1.0
2026-04-08 11:00,SANLUIS,188.29,192.86,-4.57,0.0,0.0,1.0
2026-04-08 12:00,SANLUIS,293.01,298.44,-5.43,0.0,0.0,1.0
2026-04-08 13:00,SANLUIS,312.0,316.23,-4.22,0.0,0.0,1.0
2026-04-08 14:00,SANLUIS,324.53,325.14,-0.61,0.0,0.0,1.0
2026-04-08 15:00,SANLUIS,328.04,325.19,2.85,0.0,0.0,1.0
2026-04-08 16:00,SANLUIS,307.36,304.21,3.15,0.0,0.0,1.0
2026-04-08 17:00,SANLUIS,305.75,301.02,4.73,0.0,0.0,1.0
2026-04-08 18:00,SANLUIS,520.58,501.98,18.61,0.0,0.0,1.0
2026-04-08 19:00,SANLUIS,496.26,478.49,17.77,0.0,0.0,1.0
2026-04-08 20:00,SANLUIS,689.32,666.16,23.15,0.0,0.0,1.0
2026-04-08 21:00,SANLUIS,718.12,702.53,15.59,0.0,0.0,1.0
2026-04-08 22:00,SANLUIS,688.18,671.16,17.02,0.0,0.0,1.0
2026-04-08 23:00,SANLUIS,328.28,321.06,7.22,0.0,0.0,1.0
2026-04-08 00:00,TIJUANA,669.5,658.32,11.19,0.0,0.0,1.0
2026-04-08 01:00,TIJUANA,321.31,316.2,5.11,0.0,0.0,1.0
2026-04-08 02:00,TIJUANA,275.68,271.62,4.06,0.0,0.0,1.0
2026-04-08 03:00,TIJUANA,199.47,196.64,2.84,0.0,0.0,1.0
2026-04-08 04:00,TIJUANA,183.45,180.88,2.57,0.0,0.0,1.0
2026-04-08 05:00,TIJUANA,183.65,181.03,2.62,0.0,0.0,1.0
2026-04-08 06:00,TIJUANA,65.47,64.51,0.96,0.0,0.0,1.0
2026-04-08 07:00,TIJUANA,179.96,177.16,2.8,0.0,0.0,1.0
2026-04-08 08:00,TIJUANA,66.93,65.87,1.06,0.0,0.0,1.0
2026-04-08 09:00,TIJUANA,67.59,66.48,1.11,0.0,0.0,1.0
2026-04-08 10:00,TIJUANA,180.1,177.05,3.06,0.0,0.0,1.0
2026-04-08 11:00,TIJUANA,196.21,192.86,3.35,0.0,0.0,1.0
2026-04-08 12:00,TIJUANA,304.04,298.44,5.59,0.0,0.0,1.0
2026-04-08 13:00,TIJUANA,322.37,316.23,6.14,0.0,0.0,1.0
2026-04-08 14:00,TIJUANA,331.91,325.14,6.78,0.0,0.0,1.0
2026-04-08 15:00,TIJUANA,332.26,325.19,7.07,0.0,0.0,1.0
2026-04-08 16:00,TIJUANA,310.82,304.21,6.62,0.0,0.0,1.0
2026-04-08 17:00,TIJUANA,307.55,301.02,6.54,0.0,0.0,1.0
2026-04-08 18:00,TIJUANA,513.45,501.98,11.47,0.0,0.0,1.0
2026-04-08 19:00,TIJUANA,489.54,478.49,11.05,0.0,0.0,1.0
2026-04-08 20:00,TIJUANA,681.58,666.16,15.42,0.0,0.0,1.0
2026-04-08 21:00,TIJUANA,717.21,702.53,14.68,0.0,0.0,1.0
2026-04-08 22:00,TIJUANA,684.63,671.16,13.46,0.0,0.0,1.0
2026-04-08 23:00,TIJUANA,327.06,321.06,6.0,0.0,0.0,1.0
2026-04-09 00:00,ENSENADA,302.32,294.58,7.73,0.0,0.0,1.0
2026-04-09 01:00,ENSENADA,214.41,208.88,5.52,0.0,0.0,1.0
2026-04-09 02:00,ENSENADA,214.35,208.78,5.56,0.0,0.0,1.0
2026-04-09 03:00,ENSENADA,227.21,221.55,5.65,0.0,0.0,1.0
2026-04-09 04:00,ENSENADA,231.25,225.88,5.37,0.0,0.0,1.0
2026-04-09 05:00,ENSENADA,227.61,221.82,5.79,0.0,0.0,1.0
2026-04-09 06:00,ENSENADA,214.62,208.83,5.78,0.0,0.0,1.0
2026-04-09 07:00,ENSENADA,270.87,262.77,8.1,0.0,0.0,1.0
2026-04-09 08:00,ENSENADA,233.53,225.48,8.05,0.0,0.0,1.0
2026-04-09 09:00,ENSENADA,282.06,271.59,10.46,0.0,0.0,1.0
2026-04-09 10:00,ENSENADA,297.43,284.86,12.57,0.0,0.0,1.0
2026-04-09 11:00,ENSENADA,240.36,229.09,11.27,0.0,0.0,1.0
2026-04-09 12:00,ENSENADA,312.32,297.77,14.56,0.0,0.0,1.0
2026-04-09 13:00,ENSENADA,340.81,325.18,15.64,0.0,0.0,1.0
2026-04-09 14:00,ENSENADA,708.4,676.21,32.19,0.0,0.0,1.0
2026-04-09 15:00,ENSENADA,474.93,453.53,21.4,0.0,0.0,1.0
2026-04-09 16:00,ENSENADA,699.54,668.32,31.22,0.0,0.0,1.0
2026-04-09 17:00,ENSENADA,713.8,683.27,30.53,0.0,0.0,1.0
2026-04-09 18:00,ENSENADA,724.16,694.67,29.49,0.0,0.0,1.0
2026-04-09 19:00,ENSENADA,845.75,811.81,33.93,0.0,0.0,1.0
2026-04-09 20:00,ENSENADA,862.84,828.34,34.5,0.0,0.0,1.0
2026-04-09 21:00,ENSENADA,846.3,815.13,31.17,0.0,0.0,1.0
2026-04-09 22:00,ENSENADA,737.5,713.1,24.4,0.0,0.0,1.0
2026-04-09 23:00,ENSENADA,673.39,652.73,20.66,0.0,0.0,1.0
2026-04-09 00:00,MEXICALI,295.56,294.58,0.98,0.0,0.0,1.0
2026-04-09 01:00,MEXICALI,207.3,208.88,-1.58,0.0,0.0,1.0
2026-04-09 02:00,MEXICALI,207.79,208.78,-0.99,0.0,0.0,1.0
2026-04-09 03:00,MEXICALI,220.32,221.55,-1.23,0.0,0.0,1.0
2026-04-09 04:00,MEXICALI,224.75,225.88,-1.13,0.0,0.0,1.0
2026-04-09 05:00,MEXICALI,220.66,221.82,-1.16,0.0,0.0,1.0
2026-04-09 06:00,MEXICALI,206.6,208.83,-2.23,0.0,0.0,1.0
2026-04-09 07:00,MEXICALI,259.82,262.77,-2.95,0.0,0.0,1.0
2026-04-09 08:00,MEXICALI,221.26,225.48,-4.22,0.0,0.0,1.0
2026-04-09 09:00,MEXICALI,269.26,271.59,-2.33,0.0,0.0,1.0
2026-04-09 10:00,MEXICALI,282.29,284.86,-2.58,0.0,0.0,1.0
2026-04-09 11:00,MEXICALI,226.04,229.09,-3.05,0.0,0.0,1.0
2026-04-09 12:00,MEXICALI,295.96,297.77,-1.81,0.0,0.0,1.0
2026-04-09 13:00,MEXICALI,326.08,325.18,0.9,0.0,0.0,1.0
2026-04-09 14:00,MEXICALI,676.6,676.21,0.39,0.0,0.0,1.0
2026-04-09 15:00,MEXICALI,456.73,453.53,3.2,0.0,0.0,1.0
2026-04-09 16:00,MEXICALI,676.57,668.32,8.25,0.0,0.0,1.0
2026-04-09 17:00,MEXICALI,694.57,683.27,11.3,0.0,0.0,1.0
2026-04-09 18:00,MEXICALI,712.66,694.67,17.99,0.0,0.0,1.0
2026-04-09 19:00,MEXICALI,825.47,811.81,13.66,0.0,0.0,1.0
2026-04-09 20:00,MEXICALI,845.04,828.34,16.7,0.0,0.0,1.0
2026-04-09 21:00,MEXICALI,831.67,815.13,16.54,0.0,0.0,1.0
2026-04-09 22:00,MEXICALI,730.91,713.1,17.81,0.0,0.0,1.0
2026-04-09 23:00,MEXICALI,675.76,652.73,23.03,0.0,0.0,1.0
2026-04-09 00:00,SANLUIS,297.79,294.58,3.21,0.0,0.0,1.0
2026-04-09 01:00,SANLUIS,208.65,208.88,-0.24,0.0,0.0,1.0
2026-04-09 02:00,SANLUIS,209.11,208.78,0.33,0.0,0.0,1.0
2026-04-09 03:00,SANLUIS,221.59,221.55,0.03,0.0,0.0,1.0
2026-04-09 04:00,SANLUIS,225.92,225.88,0.05,0.0,0.0,1.0
2026-04-09 05:00,SANLUIS,221.75,221.82,-0.07,0.0,0.0,1.0
2026-04-09 06:00,SANLUIS,207.45,208.83,-1.39,0.0,0.0,1.0
2026-04-09 07:00,SANLUIS,260.84,262.77,-1.93,0.0,0.0,1.0
2026-04-09 08:00,SANLUIS,222.14,225.48,-3.34,0.0,0.0,1.0
2026-04-09 09:00,SANLUIS,270.62,271.59,-0.98,0.0,0.0,1.0
2026-04-09 10:00,SANLUIS,283.71,284.86,-1.16,0.0,0.0,1.0
2026-04-09 11:00,SANLUIS,227.42,229.09,-1.67,0.0,0.0,1.0
2026-04-09 12:00,SANLUIS,298.2,297.77,0.43,0.0,0.0,1.0
2026-04-09 13:00,SANLUIS,329.31,325.18,4.14,0.0,0.0,1.0
2026-04-09 14:00,SANLUIS,682.56,676.21,6.36,0.0,0.0,1.0
2026-04-09 15:00,SANLUIS,461.17,453.53,7.64,0.0,0.0,1.0
2026-04-09 16:00,SANLUIS,682.78,668.32,14.46,0.0,0.0,1.0
2026-04-09 17:00,SANLUIS,701.09,683.27,17.82,0.0,0.0,1.0
2026-04-09 18:00,SANLUIS,720.75,694.67,26.08,0.0,0.0,1.0
2026-04-09 19:00,SANLUIS,834.68,811.81,22.86,0.0,0.0,1.0
2026-04-09 20:00,SANLUIS,854.42,828.34,26.08,0.0,0.0,1.0
2026-04-09 21:00,SANLUIS,840.39,815.13,25.26,0.0,0.0,1.0
2026-04-09 22:00,SANLUIS,738.04,713.1,24.94,0.0,0.0,1.0
2026-04-09 23:00,SANLUIS,681.7,652.73,28.98,0.0,0.0,1.0
2026-04-09 00:00,TIJUANA,299.51,294.58,4.93,0.0,0.0,1.0
2026-04-09 01:00,TIJUANA,211.98,208.88,3.1,0.0,0.0,1.0
2026-04-09 02:00,TIJUANA,211.81,208.78,3.02,0.0,0.0,1.0
2026-04-09 03:00,TIJUANA,224.74,221.55,3.18,0.0,0.0,1.0
2026-04-09 04:00,TIJUANA,229.19,225.88,3.31,0.0,0.0,1.0
2026-04-09 05:00,TIJUANA,225.1,221.82,3.28,0.0,0.0,1.0
2026-04-09 06:00,TIJUANA,212.02,208.83,3.19,0.0,0.0,1.0
2026-04-09 07:00,TIJUANA,267.15,262.77,4.38,0.0,0.0,1.0
2026-04-09 08:00,TIJUANA,229.29,225.48,3.82,0.0,0.0,1.0
2026-04-09 09:00,TIJUANA,276.43,271.59,4.83,0.0,0.0,1.0
2026-04-09 10:00,TIJUANA,290.06,284.86,5.2,0.0,0.0,1.0
2026-04-09 11:00,TIJUANA,233.2,229.09,4.1,0.0,0.0,1.0
2026-04-09 12:00,TIJUANA,303.41,297.77,5.65,0.0,0.0,1.0
2026-04-09 13:00,TIJUANA,331.66,325.18,6.48,0.0,0.0,1.0
2026-04-09 14:00,TIJUANA,690.07,676.21,13.86,0.0,0.0,1.0
2026-04-09 15:00,TIJUANA,463.21,453.53,9.68,0.0,0.0,1.0
2026-04-09 16:00,TIJUANA,682.39,668.32,14.08,0.0,0.0,1.0
2026-04-09 17:00,TIJUANA,697.49,683.27,14.22,0.0,0.0,1.0
2026-04-09 18:00,TIJUANA,709.26,694.67,14.59,0.0,0.0,1.0
2026-04-09 19:00,TIJUANA,829.11,811.81,17.3,0.0,0.0,1.0
2026-04-09 20:00,TIJUANA,845.95,828.34,17.61,0.0,0.0,1.0
2026-04-09 21:00,TIJUANA,831.7,815.13,16.57,0.0,0.0,1.0
2026-04-09 22:00,TIJUANA,726.87,713.1,13.77,0.0,0.0,1.0
2026-04-09 23:00,TIJUANA,664.9,652.73,12.17,0.0,0.0,1.0
2026-04-10 00:00,ENSENADA,672.56,654.17,18.39,0.0,0.0,1.0
2026-04-10 01:00,ENSENADA,311.5,303.42,8.08,0.0,0.0,1.0
2026-04-10 02:00,ENSENADA,285.07,278.04,7.03,0.0,0.0,1.0
2026-04-10 03:00,ENSENADA,267.56,261.11,6.45,0.0,0.0,1.0
2026-04-10 04:00,ENSENADA,258.95,252.73,6.22,0.0,0.0,1.0
2026-04-10 05:00,ENSENADA,202.18,196.61,5.56,0.0,0.0,1.0
2026-04-10 06:00,ENSENADA,202.9,196.82,6.08,0.0,0.0,1.0
2026-04-10 07:00,ENSENADA,229.12,220.87,8.25,0.0,0.0,1.0
2026-04-10 08:00,ENSENADA,246.6,236.45,10.15,0.0,0.0,1.0
2026-04-10 09:00,ENSENADA,296.25,282.87,13.38,0.0,0.0,1.0
2026-04-10 10:00,ENSENADA,412.99,392.07,20.92,0.0,0.0,1.0
2026-04-10 11:00,ENSENADA,360.62,343.08,17.55,0.0,0.0,1.0
2026-04-10 12:00,ENSENADA,443.79,420.76,23.03,0.0,0.0,1.0
2026-04-10 13:00,ENSENADA,345.29,328.56,16.73,0.0,0.0,1.0
2026-04-10 14:00,ENSENADA,327.62,311.8,15.82,0.0,0.0,1.0
2026-04-10 15:00,ENSENADA,327.3,311.85,15.46,0.0,0.0,1.0
2026-04-10 16:00,ENSENADA,309.88,295.05,14.83,0.0,0.0,1.0
2026-04-10 17:00,ENSENADA,327.91,311.79,16.13,0.0,0.0,1.0
2026-04-10 18:00,ENSENADA,529.46,504.49,24.98,0.0,0.0,1.0
2026-04-10 19:00,ENSENADA,703.64,673.94,29.69,0.0,0.0,1.0
2026-04-10 20:00,ENSENADA,710.71,682.88,27.83,0.0,0.0,1.0
2026-04-10 21:00,ENSENADA,771.1,743.12,27.99,0.0,0.0,1.0
2026-04-10 22:00,ENSENADA,752.92,726.8,26.12,0.0,0.0,1.0
2026-04-10 23:00,ENSENADA,371.25,360.12,11.13,0.0,0.0,1.0
2026-04-10 00:00,MEXICALI,675.47,654.17,21.3,0.0,0.0,1.0
2026-04-10 01:00,MEXICALI,311.83,303.42,8.41,0.0,0.0,1.0
2026-04-10 02:00,MEXICALI,284.34,278.04,6.3,0.0,0.0,1.0
2026-04-10 03:00,MEXICALI,265.25,261.11,4.14,0.0,0.0,1.0
2026-04-10 04:00,MEXICALI,256.32,252.73,3.59,0.0,0.0,1.0
2026-04-10 05:00,MEXICALI,197.09,196.61,0.48,0.0,0.0,1.0
2026-04-10 06:00,MEXICALI,196.74,196.82,-0.08,0.0,0.0,1.0
2026-04-10 07:00,MEXICALI,219.13,220.87,-1.73,0.0,0.0,1.0
2026-04-10 08:00,MEXICALI,230.74,236.45,-5.71,0.0,0.0,1.0
2026-04-10 09:00,MEXICALI,279.1,282.87,-3.77,0.0,0.0,1.0
2026-04-10 10:00,MEXICALI,389.23,392.07,-2.84,0.0,0.0,1.0
2026-04-10 11:00,MEXICALI,343.01,343.08,-0.07,0.0,0.0,1.0
2026-04-10 12:00,MEXICALI,421.18,420.76,0.42,0.0,0.0,1.0
2026-04-10 13:00,MEXICALI,330.07,328.56,1.51,0.0,0.0,1.0
2026-04-10 14:00,MEXICALI,313.1,311.8,1.3,0.0,0.0,1.0
2026-04-10 15:00,MEXICALI,314.63,311.85,2.79,0.0,0.0,1.0
2026-04-10 16:00,MEXICALI,295.76,295.05,0.71,0.0,0.0,1.0
2026-04-10 17:00,MEXICALI,314.37,311.79,2.59,0.0,0.0,1.0
2026-04-10 18:00,MEXICALI,515.42,504.49,10.93,0.0,0.0,1.0
2026-04-10 19:00,MEXICALI,684.06,673.94,10.12,0.0,0.0,1.0
2026-04-10 20:00,MEXICALI,692.95,682.88,10.07,0.0,0.0,1.0
2026-04-10 21:00,MEXICALI,751.09,743.11,7.98,0.0,0.0,1.0
2026-04-10 22:00,MEXICALI,738.44,726.8,11.64,0.0,0.0,1.0
2026-04-10 23:00,MEXICALI,368.07,360.12,7.95,0.0,0.0,1.0
2026-04-10 00:00,SANLUIS,680.76,654.17,26.6,0.0,0.0,1.0
2026-04-10 01:00,SANLUIS,314.2,303.42,10.78,0.0,0.0,1.0
2026-04-10 02:00,SANLUIS,286.3,278.04,8.26,0.0,0.0,1.0
2026-04-10 03:00,SANLUIS,266.91,261.11,5.8,0.0,0.0,1.0
2026-04-10 04:00,SANLUIS,257.8,252.73,5.07,0.0,0.0,1.0
2026-04-10 05:00,SANLUIS,198.11,196.61,1.5,0.0,0.0,1.0
2026-04-10 06:00,SANLUIS,197.71,196.82,0.89,0.0,0.0,1.0
2026-04-10 07:00,SANLUIS,220.12,220.87,-0.75,0.0,0.0,1.0
2026-04-10 08:00,SANLUIS,231.78,236.45,-4.68,0.0,0.0,1.0
2026-04-10 09:00,SANLUIS,280.66,282.87,-2.21,0.0,0.0,1.0
2026-04-10 10:00,SANLUIS,391.97,392.07,-0.1,0.0,0.0,1.0
2026-04-10 11:00,SANLUIS,345.66,343.08,2.58,0.0,0.0,1.0
2026-04-10 12:00,SANLUIS,424.85,420.76,4.1,0.0,0.0,1.0
2026-04-10 13:00,SANLUIS,333.27,328.56,4.71,0.0,0.0,1.0
2026-04-10 14:00,SANLUIS,316.46,311.8,4.66,0.0,0.0,1.0
2026-04-10 15:00,SANLUIS,318.35,311.85,6.5,0.0,0.0,1.0
2026-04-10 16:00,SANLUIS,299.42,295.05,4.38,0.0,0.0,1.0
2026-04-10 17:00,SANLUIS,318.31,311.79,6.53,0.0,0.0,1.0
2026-04-10 18:00,SANLUIS,521.31,504.49,16.82,0.0,0.0,1.0
2026-04-10 19:00,SANLUIS,691.7,673.94,17.75,0.0,0.0,1.0
2026-04-10 20:00,SANLUIS,700.68,682.88,17.8,0.0,0.0,1.0
2026-04-10 21:00,SANLUIS,759.34,743.12,16.22,0.0,0.0,1.0
2026-04-10 22:00,SANLUIS,746.09,726.8,19.29,0.0,0.0,1.0
2026-04-10 23:00,SANLUIS,371.63,360.12,11.5,0.0,0.0,1.0
2026-04-10 00:00,TIJUANA,665.69,654.17,11.52,0.0,0.0,1.0
2026-04-10 01:00,TIJUANA,308.35,303.42,4.93,0.0,0.0,1.0
2026-04-10 02:00,TIJUANA,282.21,278.04,4.17,0.0,0.0,1.0
2026-04-10 03:00,TIJUANA,264.77,261.11,3.66,0.0,0.0,1.0
2026-04-10 04:00,TIJUANA,256.26,252.73,3.53,0.0,0.0,1.0
2026-04-10 05:00,TIJUANA,199.23,196.61,2.61,0.0,0.0,1.0
2026-04-10 06:00,TIJUANA,199.57,196.82,2.75,0.0,0.0,1.0
2026-04-10 07:00,TIJUANA,224.13,220.87,3.27,0.0,0.0,1.0
2026-04-10 08:00,TIJUANA,239.98,236.45,3.53,0.0,0.0,1.0
2026-04-10 09:00,TIJUANA,287.47,282.87,4.6,0.0,0.0,1.0
2026-04-10 10:00,TIJUANA,399.0,392.07,6.93,0.0,0.0,1.0
2026-04-10 11:00,TIJUANA,349.45,343.08,6.37,0.0,0.0,1.0
2026-04-10 12:00,TIJUANA,428.5,420.76,7.74,0.0,0.0,1.0
2026-04-10 13:00,TIJUANA,334.8,328.56,6.23,0.0,0.0,1.0
2026-04-10 14:00,TIJUANA,317.74,311.8,5.94,0.0,0.0,1.0
2026-04-10 15:00,TIJUANA,317.8,311.85,5.95,0.0,0.0,1.0
2026-04-10 16:00,TIJUANA,300.47,295.05,5.43,0.0,0.0,1.0
2026-04-10 17:00,TIJUANA,317.44,311.79,5.66,0.0,0.0,1.0
2026-04-10 18:00,TIJUANA,514.09,504.49,9.6,0.0,0.0,1.0
2026-04-10 19:00,TIJUANA,686.71,673.94,12.76,0.0,0.0,1.0
2026-04-10 20:00,TIJUANA,695.89,682.88,13.01,0.0,0.0,1.0
2026-04-10 21:00,TIJUANA,756.83,743.12,13.72,0.0,0.0,1.0
2026-04-10 22:00,TIJUANA,739.82,726.8,13.02,0.0,0.0,1.0
2026-04-10 23:00,TIJUANA,366.25,360.12,6.13,0.0,0.0,1.0
2026-04-11 00:00,ENSENADA,312.89,303.33,9.56,0.0,0.0,1.0
2026-04-11 01:00,ENSENADA,268.83,261.06,7.76,0.0,0.0,1.0
2026-04-11 02:00,ENSENADA,203.79,197.45,6.34,0.0,0.0,1.0
2026-04-11 03:00,ENSENADA,102.99,99.75,3.24,0.0,0.0,1.0
2026-04-11 04:00,ENSENADA,147.2,142.56,4.64,0.0,0.0,1.0
2026-04-11 05:00,ENSENADA,147.19,142.61,4.58,0.0,0.0,1.0
2026-04-11 06:00,ENSENADA,103.85,100.53,3.32,0.0,0.0,1.0
2026-04-11 07:00,ENSENADA,67.46,65.01,2.46,0.0,0.0,1.0
2026-04-11 08:00,ENSENADA,68.95,65.92,3.03,0.0,0.0,1.0
2026-04-11 09:00,ENSENADA,206.53,196.89,9.64,0.0,0.0,1.0
2026-04-11 10:00,ENSENADA,69.45,66.03,3.42,0.0,0.0,1.0
2026-04-11 11:00,ENSENADA,106.59,100.72,5.88,0.0,0.0,1.0
2026-04-11 12:00,ENSENADA,106.61,100.6,6.01,0.0,0.0,1.0
2026-04-11 13:00,ENSENADA,208.32,196.6,11.72,0.0,0.0,1.0
2026-04-11 14:00,ENSENADA,105.05,99.87,5.17,0.0,0.0,1.0
2026-04-11 15:00,ENSENADA,104.77,99.7,5.07,0.0,0.0,1.0
2026-04-11 16:00,ENSENADA,94.09,89.77,4.33,0.0,0.0,1.0
2026-04-11 17:00,ENSENADA,94.66,90.61,4.05,0.0,0.0,1.0
2026-04-11 18:00,ENSENADA,105.75,101.2,4.55,0.0,0.0,1.0
2026-04-11 19:00,ENSENADA,94.28,89.98,4.3,0.0,0.0,1.0
2026-04-11 20:00,ENSENADA,94.08,89.72,4.35,0.0,0.0,1.0
2026-04-11 21:00,ENSENADA,93.68,89.67,4.02,0.0,0.0,1.0
2026-04-11 22:00,ENSENADA,92.71,89.14,3.58,0.0,0.0,1.0
2026-04-11 23:00,ENSENADA,91.93,88.73,3.2,0.0,0.0,1.0
2026-04-11 00:00,MEXICALI,306.02,303.34,2.69,0.0,0.0,1.0
2026-04-11 01:00,MEXICALI,260.47,261.06,-0.6,0.0,0.0,1.0
2026-04-11 02:00,MEXICALI,196.42,197.45,-1.04,0.0,0.0,1.0
2026-04-11 03:00,MEXICALI,99.28,99.75,-0.47,0.0,0.0,1.0
2026-04-11 04:00,MEXICALI,141.38,142.56,-1.18,0.0,0.0,1.0
2026-04-11 05:00,MEXICALI,141.32,142.61,-1.29,0.0,0.0,1.0
2026-04-11 06:00,MEXICALI,99.24,100.53,-1.3,0.0,0.0,1.0
2026-04-11 07:00,MEXICALI,64.09,65.01,-0.91,0.0,0.0,1.0
2026-04-11 08:00,MEXICALI,64.66,65.92,-1.26,0.0,0.0,1.0
2026-04-11 09:00,MEXICALI,192.97,196.89,-3.92,0.0,0.0,1.0
2026-04-11 10:00,MEXICALI,65.05,66.03,-0.98,0.0,0.0,1.0
2026-04-11 11:00,MEXICALI,99.14,100.72,-1.57,0.0,0.0,1.0
2026-04-11 12:00,MEXICALI,99.22,100.6,-1.38,0.0,0.0,1.0
2026-04-11 13:00,MEXICALI,194.78,196.6,-1.82,0.0,0.0,1.0
2026-04-11 14:00,MEXICALI,99.4,99.87,-0.47,0.0,0.0,1.0
2026-04-11 15:00,MEXICALI,99.4,99.7,-0.3,0.0,0.0,1.0
2026-04-11 16:00,MEXICALI,88.98,89.77,-0.79,0.0,0.0,1.0
2026-04-11 17:00,MEXICALI,89.18,90.61,-1.44,0.0,0.0,1.0
2026-04-11 18:00,MEXICALI,99.17,101.2,-2.03,0.0,0.0,1.0
2026-04-11 19:00,MEXICALI,89.09,89.98,-0.9,0.0,0.0,1.0
2026-04-11 20:00,MEXICALI,89.02,89.72,-0.71,0.0,0.0,1.0
2026-04-11 21:00,MEXICALI,88.87,89.67,-0.8,0.0,0.0,1.0
2026-04-11 22:00,MEXICALI,88.66,89.14,-0.47,0.0,0.0,1.0
2026-04-11 23:00,MEXICALI,88.52,88.73,-0.21,0.0,0.0,1.0
2026-04-11 00:00,SANLUIS,308.6,303.33,5.27,0.0,0.0,1.0
2026-04-11 01:00,SANLUIS,262.35,261.06,1.29,0.0,0.0,1.0
2026-04-11 02:00,SANLUIS,197.65,197.45,0.2,0.0,0.0,1.0
2026-04-11 03:00,SANLUIS,99.81,99.75,0.06,0.0,0.0,1.0
2026-04-11 04:00,SANLUIS,142.05,142.56,-0.51,0.0,0.0,1.0
2026-04-11 05:00,SANLUIS,141.96,142.61,-0.65,0.0,0.0,1.0
2026-04-11 06:00,SANLUIS,99.63,100.53,-0.9,0.0,0.0,1.0
2026-04-11 07:00,SANLUIS,64.36,65.01,-0.65,0.0,0.0,1.0
2026-04-11 08:00,SANLUIS,64.96,65.92,-0.96,0.0,0.0,1.0
2026-04-11 09:00,SANLUIS,194.04,196.89,-2.85,0.0,0.0,1.0
2026-04-11 10:00,SANLUIS,65.45,66.03,-0.59,0.0,0.0,1.0
2026-04-11 11:00,SANLUIS,99.81,100.72,-0.91,0.0,0.0,1.0
2026-04-11 12:00,SANLUIS,100.0,100.6,-0.61,0.0,0.0,1.0
2026-04-11 13:00,SANLUIS,196.57,196.6,-0.03,0.0,0.0,1.0
2026-04-11 14:00,SANLUIS,100.42,99.87,0.54,0.0,0.0,1.0
2026-04-11 15:00,SANLUIS,100.46,99.7,0.76,0.0,0.0,1.0
2026-04-11 16:00,SANLUIS,89.93,89.77,0.16,0.0,0.0,1.0
2026-04-11 17:00,SANLUIS,90.11,90.61,-0.5,0.0,0.0,1.0
2026-04-11 18:00,SANLUIS,100.16,101.2,-1.04,0.0,0.0,1.0
2026-04-11 19:00,SANLUIS,89.94,89.98,-0.05,0.0,0.0,1.0
2026-04-11 20:00,SANLUIS,89.86,89.72,0.14,0.0,0.0,1.0
2026-04-11 21:00,SANLUIS,89.65,89.67,-0.02,0.0,0.0,1.0
2026-04-11 22:00,SANLUIS,89.34,89.14,0.2,0.0,0.0,1.0
2026-04-11 23:00,SANLUIS,89.13,88.73,0.4,0.0,0.0,1.0
2026-04-11 00:00,TIJUANA,307.93,303.33,4.6,0.0,0.0,1.0
2026-04-11 01:00,TIJUANA,264.62,261.06,3.56,0.0,0.0,1.0
2026-04-11 02:00,TIJUANA,199.94,197.45,2.48,0.0,0.0,1.0
2026-04-11 03:00,TIJUANA,100.96,99.75,1.22,0.0,0.0,1.0
2026-04-11 04:00,TIJUANA,144.25,142.56,1.69,0.0,0.0,1.0
2026-04-11 05:00,TIJUANA,144.31,142.61,1.7,0.0,0.0,1.0
2026-04-11 06:00,TIJUANA,101.72,100.53,1.19,0.0,0.0,1.0
2026-04-11 07:00,TIJUANA,65.81,65.01,0.8,0.0,0.0,1.0
2026-04-11 08:00,TIJUANA,66.73,65.92,0.82,0.0,0.0,1.0
2026-04-11 09:00,TIJUANA,199.38,196.89,2.49,0.0,0.0,1.0
2026-04-11 10:00,TIJUANA,66.93,66.03,0.9,0.0,0.0,1.0
2026-04-11 11:00,TIJUANA,102.1,100.72,1.38,0.0,0.0,1.0
2026-04-11 12:00,TIJUANA,101.99,100.6,1.38,0.0,0.0,1.0
2026-04-11 13:00,TIJUANA,199.34,196.6,2.75,0.0,0.0,1.0
2026-04-11 14:00,TIJUANA,101.31,99.87,1.43,0.0,0.0,1.0
2026-04-11 15:00,TIJUANA,101.16,99.7,1.46,0.0,0.0,1.0
2026-04-11 16:00,TIJUANA,91.06,89.77,1.3,0.0,0.0,1.0
2026-04-11 17:00,TIJUANA,91.91,90.61,1.3,0.0,0.0,1.0
2026-04-11 18:00,TIJUANA,102.65,101.2,1.46,0.0,0.0,1.0
2026-04-11 19:00,TIJUANA,91.41,89.98,1.43,0.0,0.0,1.0
2026-04-11 20:00,TIJUANA,91.19,89.72,1.47,0.0,0.0,1.0
2026-04-11 21:00,TIJUANA,91.1,89.67,1.43,0.0,0.0,1.0
2026-04-11 22:00,TIJUANA,90.5,89.14,1.36,0.0,0.0,1.0
2026-04-11 23:00,TIJUANA,90.01,88.73,1.28,0.0,0.0,1.0
2026-04-12 00:00,ENSENADA,92.22,89.18,3.04,0.0,0.0,1.0
2026-04-12 01:00,ENSENADA,93.12,90.08,3.04,0.0,0.0,1.0
2026-04-12 02:00,ENSENADA,93.16,90.31,2.85,0.0,0.0,1.0
2026-04-12 03:00,ENSENADA,92.69,90.06,2.63,0.0,0.0,1.0
2026-04-12 04:00,ENSENADA,92.62,90.06,2.56,0.0,0.0,1.0
2026-04-12 05:00,ENSENADA,92.63,90.0,2.64,0.0,0.0,1.0
2026-04-12 06:00,ENSENADA,92.71,90.05,2.66,0.0,0.0,1.0
2026-04-12 07:00,ENSENADA,93.48,90.62,2.86,0.0,0.0,1.0
2026-04-12 08:00,ENSENADA,67.09,64.92,2.17,0.0,0.0,1.0
2026-04-12 09:00,ENSENADA,67.33,65.04,2.29,0.0,0.0,1.0
2026-04-12 10:00,ENSENADA,67.5,65.13,2.37,0.0,0.0,1.0
2026-04-12 11:00,ENSENADA,67.85,65.48,2.37,0.0,0.0,1.0
2026-04-12 12:00,ENSENADA,68.74,65.92,2.82,0.0,0.0,1.0
2026-04-12 13:00,ENSENADA,69.01,65.93,3.09,0.0,0.0,1.0
2026-04-12 14:00,ENSENADA,95.01,90.62,4.4,0.0,0.0,1.0
2026-04-12 15:00,ENSENADA,95.12,90.79,4.33,0.0,0.0,1.0
2026-04-12 16:00,ENSENADA,94.64,91.09,3.55,0.0,0.0,1.0
2026-04-12 17:00,ENSENADA,95.09,91.85,3.24,0.0,0.0,1.0
2026-04-12 18:00,ENSENADA,95.27,91.94,3.33,0.0,0.0,1.0
2026-04-12 19:00,ENSENADA,107.55,103.62,3.94,0.0,0.0,1.0
2026-04-12 20:00,ENSENADA,107.69,103.6,4.09,0.0,0.0,1.0
2026-04-12 21:00,ENSENADA,107.19,103.41,3.78,0.0,0.0,1.0
2026-04-12 22:00,ENSENADA,106.26,102.77,3.48,0.0,0.0,1.0
2026-04-12 23:00,ENSENADA,93.52,90.63,2.89,0.0,0.0,1.0
2026-04-12 00:00,MEXICALI,88.51,89.18,-0.67,0.0,0.0,1.0
2026-04-12 01:00,MEXICALI,88.55,90.08,-1.53,0.0,0.0,1.0
2026-04-12 02:00,MEXICALI,88.53,90.31,-1.78,0.0,0.0,1.0
2026-04-12 03:00,MEXICALI,88.43,90.06,-1.62,0.0,0.0,1.0
2026-04-12 04:00,MEXICALI,88.41,90.06,-1.64,0.0,0.0,1.0
2026-04-12 05:00,MEXICALI,88.4,90.0,-1.6,0.0,0.0,1.0
2026-04-12 06:00,MEXICALI,88.4,90.05,-1.65,0.0,0.0,1.0
2026-04-12 07:00,MEXICALI,88.42,90.62,-2.2,0.0,0.0,1.0
2026-04-12 08:00,MEXICALI,63.76,64.92,-1.16,0.0,0.0,1.0
2026-04-12 09:00,MEXICALI,64.0,65.04,-1.04,0.0,0.0,1.0
2026-04-12 10:00,MEXICALI,64.13,65.13,-1.0,0.0,0.0,1.0
2026-04-12 11:00,MEXICALI,64.36,65.48,-1.12,0.0,0.0,1.0
2026-04-12 12:00,MEXICALI,64.56,65.92,-1.36,0.0,0.0,1.0
2026-04-12 13:00,MEXICALI,64.49,65.93,-1.44,0.0,0.0,1.0
2026-04-12 14:00,MEXICALI,88.37,90.62,-2.24,0.0,0.0,1.0
2026-04-12 15:00,MEXICALI,88.44,90.79,-2.35,0.0,0.0,1.0
2026-04-12 16:00,MEXICALI,88.71,91.09,-2.37,0.0,0.0,1.0
2026-04-12 17:00,MEXICALI,88.99,91.85,-2.87,0.0,0.0,1.0
2026-04-12 18:00,MEXICALI,88.99,91.94,-2.95,0.0,0.0,1.0
2026-04-12 19:00,MEXICALI,100.05,103.62,-3.57,0.0,0.0,1.0
2026-04-12 20:00,MEXICALI,100.16,103.6,-3.44,0.0,0.0,1.0
2026-04-12 21:00,MEXICALI,100.09,103.41,-3.32,0.0,0.0,1.0
2026-04-12 22:00,MEXICALI,99.86,102.77,-2.91,0.0,0.0,1.0
2026-04-12 23:00,MEXICALI,88.72,90.63,-1.9,0.0,0.0,1.0
2026-04-12 00:00,SANLUIS,89.04,89.18,-0.14,0.0,0.0,1.0
2026-04-12 01:00,SANLUIS,89.0,90.08,-1.09,0.0,0.0,1.0
2026-04-12 02:00,SANLUIS,88.9,90.31,-1.4,0.0,0.0,1.0
2026-04-12 03:00,SANLUIS,88.76,90.06,-1.29,0.0,0.0,1.0
2026-04-12 04:00,SANLUIS,88.7,90.06,-1.35,0.0,0.0,1.0
2026-04-12 05:00,SANLUIS,88.67,90.0,-1.33,0.0,0.0,1.0
2026-04-12 06:00,SANLUIS,88.64,90.05,-1.41,0.0,0.0,1.0
2026-04-12 07:00,SANLUIS,88.63,90.62,-1.99,0.0,0.0,1.0
2026-04-12 08:00,SANLUIS,63.94,64.92,-0.98,0.0,0.0,1.0
2026-04-12 09:00,SANLUIS,64.22,65.04,-0.83,0.0,0.0,1.0
2026-04-12 10:00,SANLUIS,64.35,65.13,-0.78,0.0,0.0,1.0
2026-04-12 11:00,SANLUIS,64.57,65.48,-0.91,0.0,0.0,1.0
2026-04-12 12:00,SANLUIS,64.77,65.92,-1.15,0.0,0.0,1.0
2026-04-12 13:00,SANLUIS,64.72,65.93,-1.21,0.0,0.0,1.0
2026-04-12 14:00,SANLUIS,88.71,90.62,-1.91,0.0,0.0,1.0
2026-04-12 15:00,SANLUIS,88.81,90.79,-1.98,0.0,0.0,1.0
2026-04-12 16:00,SANLUIS,89.13,91.09,-1.95,0.0,0.0,1.0
2026-04-12 17:00,SANLUIS,89.41,91.85,-2.45,0.0,0.0,1.0
2026-04-12 18:00,SANLUIS,89.37,91.94,-2.57,0.0,0.0,1.0
2026-04-12 19:00,SANLUIS,100.57,103.62,-3.05,0.0,0.0,1.0
2026-04-12 20:00,SANLUIS,100.73,103.6,-2.88,0.0,0.0,1.0
2026-04-12 21:00,SANLUIS,100.63,103.41,-2.78,0.0,0.0,1.0
2026-04-12 22:00,SANLUIS,100.35,102.77,-2.42,0.0,0.0,1.0
2026-04-12 23:00,SANLUIS,89.11,90.63,-1.52,0.0,0.0,1.0
2026-04-12 00:00,TIJUANA,90.35,89.18,1.18,0.0,0.0,1.0
2026-04-12 01:00,TIJUANA,91.1,90.08,1.02,0.0,0.0,1.0
2026-04-12 02:00,TIJUANA,91.26,90.31,0.95,0.0,0.0,1.0
2026-04-12 03:00,TIJUANA,90.99,90.06,0.93,0.0,0.0,1.0
2026-04-12 04:00,TIJUANA,90.97,90.06,0.92,0.0,0.0,1.0
2026-04-12 05:00,TIJUANA,90.91,90.0,0.92,0.0,0.0,1.0
2026-04-12 06:00,TIJUANA,90.96,90.05,0.91,0.0,0.0,1.0
2026-04-12 07:00,TIJUANA,91.53,90.62,0.91,0.0,0.0,1.0
2026-04-12 08:00,TIJUANA,65.61,64.92,0.69,0.0,0.0,1.0
2026-04-12 09:00,TIJUANA,65.76,65.04,0.71,0.0,0.0,1.0
2026-04-12 10:00,TIJUANA,65.86,65.13,0.74,0.0,0.0,1.0
2026-04-12 11:00,TIJUANA,66.24,65.48,0.76,0.0,0.0,1.0
2026-04-12 12:00,TIJUANA,66.68,65.92,0.76,0.0,0.0,1.0
2026-04-12 13:00,TIJUANA,66.7,65.93,0.78,0.0,0.0,1.0
2026-04-12 14:00,TIJUANA,91.68,90.62,1.07,0.0,0.0,1.0
2026-04-12 15:00,TIJUANA,91.89,90.79,1.09,0.0,0.0,1.0
2026-04-12 16:00,TIJUANA,92.2,91.09,1.12,0.0,0.0,1.0
2026-04-12 17:00,TIJUANA,92.98,91.85,1.13,0.0,0.0,1.0
2026-04-12 18:00,TIJUANA,93.07,91.94,1.13,0.0,0.0,1.0
2026-04-12 19:00,TIJUANA,104.95,103.62,1.33,0.0,0.0,1.0
2026-04-12 20:00,TIJUANA,104.98,103.61,1.37,0.0,0.0,1.0
2026-04-12 21:00,TIJUANA,104.73,103.41,1.32,0.0,0.0,1.0
2026-04-12 22:00,TIJUANA,104.0,102.77,1.23,0.0,0.0,1.0
2026-04-12 23:00,TIJUANA,91.65,90.63,1.02,0.0,0.0,1.0
2026-04-13 00:00,ENSENADA,93.13,90.43,2.7,0.0,0.0,1.0
2026-04-13 01:00,ENSENADA,93.25,90.66,2.59,0.0,0.0,1.0
2026-04-13 02:00,ENSENADA,93.06,90.48,2.58,0.0,0.0,1.0
2026-04-13 03:00,ENSENADA,92.93,90.34,2.59,0.0,0.0,1.0
2026-04-13 04:00,ENSENADA,93.17,90.47,2.7,0.0,0.0,1.0
2026-04-13 05:00,ENSENADA,93.16,90.39,2.77,0.0,0.0,1.0
2026-04-13 06:00,ENSENADA,94.21,91.11,3.1,0.0,0.0,1.0
2026-04-13 07:00,ENSENADA,96.24,92.2,4.04,0.0,0.0,1.0
2026-04-13 08:00,ENSENADA,97.18,92.38,4.8,0.0,0.0,1.0
2026-04-13 09:00,ENSENADA,97.51,92.52,4.98,0.0,0.0,1.0
2026-04-13 10:00,ENSENADA,98.56,93.35,5.21,0.0,0.0,1.0
2026-04-13 11:00,ENSENADA,97.94,93.31,4.63,0.0,0.0,1.0
2026-04-13 12:00,ENSENADA,96.02,91.9,4.12,0.0,0.0,1.0
2026-04-13 13:00,ENSENADA,95.68,91.59,4.1,0.0,0.0,1.0
2026-04-13 14:00,ENSENADA,94.87,90.96,3.91,0.0,0.0,1.0
2026-04-13 15:00,ENSENADA,94.36,90.31,4.05,0.0,0.0,1.0
2026-04-13 16:00,ENSENADA,94.92,90.76,4.16,0.0,0.0,1.0
2026-04-13 17:00,ENSENADA,94.63,90.43,4.21,0.0,0.0,1.0
2026-04-13 18:00,ENSENADA,95.58,90.92,4.66,0.0,0.0,1.0
2026-04-13 19:00,ENSENADA,105.83,100.84,5.0,0.0,0.0,1.0
2026-04-13 20:00,ENSENADA,107.41,102.97,4.44,0.0,0.0,1.0
2026-04-13 21:00,ENSENADA,104.81,100.88,3.93,0.0,0.0,1.0
2026-04-13 22:00,ENSENADA,98.88,95.5,3.38,0.0,0.0,1.0
2026-04-13 23:00,ENSENADA,93.29,90.28,3.01,0.0,0.0,1.0
2026-04-13 00:00,MEXICALI,88.63,90.43,-1.8,0.0,0.0,1.0
2026-04-13 01:00,MEXICALI,88.63,90.66,-2.03,0.0,0.0,1.0
2026-04-13 02:00,MEXICALI,88.57,90.48,-1.91,0.0,0.0,1.0
2026-04-13 03:00,MEXICALI,88.51,90.34,-1.83,0.0,0.0,1.0
2026-04-13 04:00,MEXICALI,88.56,90.47,-1.91,0.0,0.0,1.0
2026-04-13 05:00,MEXICALI,88.55,90.39,-1.84,0.0,0.0,1.0
2026-04-13 06:00,MEXICALI,88.78,91.11,-2.33,0.0,0.0,1.0
2026-04-13 07:00,MEXICALI,88.86,92.2,-3.34,0.0,0.0,1.0
2026-04-13 08:00,MEXICALI,88.75,92.38,-3.63,0.0,0.0,1.0
2026-04-13 09:00,MEXICALI,88.71,92.52,-3.82,0.0,0.0,1.0
2026-04-13 10:00,MEXICALI,88.92,93.36,-4.43,0.0,0.0,1.0
2026-04-13 11:00,MEXICALI,88.92,93.31,-4.39,0.0,0.0,1.0
2026-04-13 12:00,MEXICALI,88.87,91.9,-3.03,0.0,0.0,1.0
2026-04-13 13:00,MEXICALI,89.01,91.59,-2.58,0.0,0.0,1.0
2026-04-13 14:00,MEXICALI,88.92,90.96,-2.04,0.0,0.0,1.0
2026-04-13 15:00,MEXICALI,89.1,90.31,-1.22,0.0,0.0,1.0
2026-04-13 16:00,MEXICALI,89.14,90.76,-1.62,0.0,0.0,1.0
2026-04-13 17:00,MEXICALI,88.97,90.43,-1.45,0.0,0.0,1.0
2026-04-13 18:00,MEXICALI,89.06,90.92,-1.85,0.0,0.0,1.0
2026-04-13 19:00,MEXICALI,98.44,100.84,-2.39,0.0,0.0,1.0
2026-04-13 20:00,MEXICALI,100.35,102.97,-2.61,0.0,0.0,1.0
2026-04-13 21:00,MEXICALI,98.76,100.88,-2.12,0.0,0.0,1.0
2026-04-13 22:00,MEXICALI,93.91,95.5,-1.59,0.0,0.0,1.0
2026-04-13 23:00,MEXICALI,89.07,90.28,-1.21,0.0,0.0,1.0
2026-04-13 00:00,SANLUIS,88.91,90.43,-1.52,0.0,0.0,1.0
2026-04-13 01:00,SANLUIS,88.85,90.66,-1.81,0.0,0.0,1.0
2026-04-13 02:00,SANLUIS,88.76,90.48,-1.72,0.0,0.0,1.0
2026-04-13 03:00,SANLUIS,88.68,90.34,-1.66,0.0,0.0,1.0
2026-04-13 04:00,SANLUIS,88.71,90.47,-1.75,0.0,0.0,1.0
2026-04-13 05:00,SANLUIS,88.73,90.39,-1.65,0.0,0.0,1.0
2026-04-13 06:00,SANLUIS,88.93,91.11,-2.18,0.0,0.0,1.0
2026-04-13 07:00,SANLUIS,88.95,92.2,-3.25,0.0,0.0,1.0
2026-04-13 08:00,SANLUIS,88.86,92.38,-3.53,0.0,0.0,1.0
2026-04-13 09:00,SANLUIS,88.86,92.52,-3.66,0.0,0.0,1.0
2026-04-13 10:00,SANLUIS,89.08,93.35,-4.27,0.0,0.0,1.0
2026-04-13 11:00,SANLUIS,89.06,93.31,-4.26,0.0,0.0,1.0
2026-04-13 12:00,SANLUIS,89.11,91.9,-2.79,0.0,0.0,1.0
2026-04-13 13:00,SANLUIS,89.43,91.59,-2.16,0.0,0.0,1.0
2026-04-13 14:00,SANLUIS,89.4,90.96,-1.56,0.0,0.0,1.0
2026-04-13 15:00,SANLUIS,89.67,90.31,-0.65,0.0,0.0,1.0
2026-04-13 16:00,SANLUIS,89.7,90.76,-1.06,0.0,0.0,1.0
2026-04-13 17:00,SANLUIS,89.47,90.43,-0.96,0.0,0.0,1.0
2026-04-13 18:00,SANLUIS,89.49,90.92,-1.42,0.0,0.0,1.0
2026-04-13 19:00,SANLUIS,98.95,100.84,-1.88,0.0,0.0,1.0
2026-04-13 20:00,SANLUIS,100.9,102.97,-2.07,0.0,0.0,1.0
2026-04-13 21:00,SANLUIS,99.26,100.88,-1.62,0.0,0.0,1.0
2026-04-13 22:00,SANLUIS,94.29,95.5,-1.21,0.0,0.0,1.0
2026-04-13 23:00,SANLUIS,89.36,90.28,-0.92,0.0,0.0,1.0
2026-04-13 00:00,TIJUANA,91.39,90.43,0.97,0.0,0.0,1.0
2026-04-13 01:00,TIJUANA,91.59,90.66,0.93,0.0,0.0,1.0
2026-04-13 02:00,TIJUANA,91.4,90.48,0.92,0.0,0.0,1.0
2026-04-13 03:00,TIJUANA,91.25,90.34,0.91,0.0,0.0,1.0
2026-04-13 04:00,TIJUANA,91.39,90.47,0.92,0.0,0.0,1.0
2026-04-13 05:00,TIJUANA,91.37,90.39,0.98,0.0,0.0,1.0
2026-04-13 06:00,TIJUANA,92.18,91.11,1.07,0.0,0.0,1.0
2026-04-13 07:00,TIJUANA,93.39,92.2,1.19,0.0,0.0,1.0
2026-04-13 08:00,TIJUANA,93.61,92.38,1.23,0.0,0.0,1.0
2026-04-13 09:00,TIJUANA,93.79,92.52,1.27,0.0,0.0,1.0
2026-04-13 10:00,TIJUANA,94.66,93.36,1.31,0.0,0.0,1.0
2026-04-13 11:00,TIJUANA,94.65,93.31,1.34,0.0,0.0,1.0
2026-04-13 12:00,TIJUANA,93.26,91.9,1.37,0.0,0.0,1.0
2026-04-13 13:00,TIJUANA,93.0,91.59,1.42,0.0,0.0,1.0
2026-04-13 14:00,TIJUANA,92.42,90.96,1.46,0.0,0.0,1.0
2026-04-13 15:00,TIJUANA,91.86,90.31,1.54,0.0,0.0,1.0
2026-04-13 16:00,TIJUANA,92.27,90.76,1.51,0.0,0.0,1.0
2026-04-13 17:00,TIJUANA,91.9,90.43,1.47,0.0,0.0,1.0
2026-04-13 18:00,TIJUANA,92.36,90.92,1.44,0.0,0.0,1.0
2026-04-13 19:00,TIJUANA,102.49,100.84,1.65,0.0,0.0,1.0
2026-04-13 20:00,TIJUANA,104.69,102.97,1.72,0.0,0.0,1.0
2026-04-13 21:00,TIJUANA,102.53,100.88,1.65,0.0,0.0,1.0
2026-04-13 22:00,TIJUANA,96.99,95.5,1.49,0.0,0.0,1.0
2026-04-13 23:00,TIJUANA,91.6,90.28,1.32,0.0,0.0,1.0
2026-04-14 00:00,ENSENADA,93.15,90.1,3.04,0.0,0.0,1.0
2026-04-14 01:00,ENSENADA,92.33,89.42,2.91,0.0,0.0,1.0
2026-04-14 02:00,ENSENADA,92.06,89.15,2.91,0.0,0.0,1.0
2026-04-14 03:00,ENSENADA,92.06,89.13,2.93,0.0,0.0,1.0
2026-04-14 04:00,ENSENADA,91.73,88.94,2.79,0.0,0.0,1.0
2026-04-14 05:00,ENSENADA,92.22,89.29,2.92,0.0,0.0,1.0
2026-04-14 06:00,ENSENADA,66.86,64.64,2.22,0.0,0.0,1.0
2026-04-14 07:00,ENSENADA,94.55,90.78,3.78,0.0,0.0,1.0
2026-04-14 08:00,ENSENADA,95.08,90.47,4.61,0.0,0.0,1.0
2026-04-14 09:00,ENSENADA,96.99,91.51,5.48,0.0,0.0,1.0
2026-04-14 10:00,ENSENADA,95.9,90.39,5.51,0.0,0.0,1.0
2026-04-14 11:00,ENSENADA,96.13,90.56,5.57,0.0,0.0,1.0
2026-04-14 12:00,ENSENADA,105.93,99.76,6.17,0.0,0.0,1.0
2026-04-14 13:00,ENSENADA,245.53,230.95,14.58,0.0,0.0,1.0
2026-04-14 14:00,ENSENADA,253.18,238.13,15.05,0.0,0.0,1.0
2026-04-14 15:00,ENSENADA,97.96,92.16,5.8,0.0,0.0,1.0
2026-04-14 16:00,ENSENADA,107.08,100.82,6.26,0.0,0.0,1.0
2026-04-14 17:00,ENSENADA,250.63,236.03,14.6,0.0,0.0,1.0
2026-04-14 18:00,ENSENADA,284.72,268.04,16.67,0.0,0.0,1.0
2026-04-14 19:00,ENSENADA,388.58,365.23,23.35,0.0,0.0,1.0
2026-04-14 20:00,ENSENADA,414.22,391.83,22.39,0.0,0.0,1.0
2026-04-14 21:00,ENSENADA,298.36,282.92,15.44,0.0,0.0,1.0
2026-04-14 22:00,ENSENADA,273.71,260.09,13.62,0.0,0.0,1.0
2026-04-14 23:00,ENSENADA,250.04,238.13,11.91,0.0,0.0,1.0
2026-04-14 00:00,MEXICALI,88.79,90.1,-1.31,0.0,0.0,1.0
2026-04-14 01:00,MEXICALI,88.52,89.42,-0.9,0.0,0.0,1.0
2026-04-14 02:00,MEXICALI,88.49,89.15,-0.66,0.0,0.0,1.0
2026-04-14 03:00,MEXICALI,88.5,89.13,-0.63,0.0,0.0,1.0
2026-04-14 04:00,MEXICALI,88.54,88.94,-0.4,0.0,0.0,1.0
2026-04-14 05:00,MEXICALI,88.51,89.29,-0.79,0.0,0.0,1.0
2026-04-14 06:00,MEXICALI,63.85,64.64,-0.79,0.0,0.0,1.0
2026-04-14 07:00,MEXICALI,88.58,90.78,-2.2,0.0,0.0,1.0
2026-04-14 08:00,MEXICALI,88.6,90.47,-1.87,0.0,0.0,1.0
2026-04-14 09:00,MEXICALI,88.76,91.51,-2.75,0.0,0.0,1.0
2026-04-14 10:00,MEXICALI,88.54,90.39,-1.85,0.0,0.0,1.0
2026-04-14 11:00,MEXICALI,89.03,90.56,-1.54,0.0,0.0,1.0
2026-04-14 12:00,MEXICALI,98.28,99.76,-1.49,0.0,0.0,1.0
2026-04-14 13:00,MEXICALI,227.58,230.95,-3.37,0.0,0.0,1.0
2026-04-14 14:00,MEXICALI,234.31,238.13,-3.82,0.0,0.0,1.0
2026-04-14 15:00,MEXICALI,90.01,92.16,-2.14,0.0,0.0,1.0
2026-04-14 16:00,MEXICALI,98.27,100.82,-2.56,0.0,0.0,1.0
2026-04-14 17:00,MEXICALI,228.35,236.03,-7.67,0.0,0.0,1.0
2026-04-14 18:00,MEXICALI,265.93,268.04,-2.11,0.0,0.0,1.0
2026-04-14 19:00,MEXICALI,364.48,365.23,-0.75,0.0,0.0,1.0
2026-04-14 20:00,MEXICALI,392.38,391.83,0.55,0.0,0.0,1.0
2026-04-14 21:00,MEXICALI,282.57,282.92,-0.36,0.0,0.0,1.0
2026-04-14 22:00,MEXICALI,258.41,260.09,-1.68,0.0,0.0,1.0
2026-04-14 23:00,MEXICALI,234.79,238.13,-3.34,0.0,0.0,1.0
2026-04-14 00:00,SANLUIS,89.01,90.1,-1.09,0.0,0.0,1.0
2026-04-14 01:00,SANLUIS,88.69,89.42,-0.73,0.0,0.0,1.0
2026-04-14 02:00,SANLUIS,88.64,89.15,-0.51,0.0,0.0,1.0
2026-04-14 03:00,SANLUIS,88.64,89.13,-0.5,0.0,0.0,1.0
2026-04-14 04:00,SANLUIS,88.71,88.94,-0.23,0.0,0.0,1.0
2026-04-14 05:00,SANLUIS,88.65,89.29,-0.64,0.0,0.0,1.0
2026-04-14 06:00,SANLUIS,63.94,64.64,-0.7,0.0,0.0,1.0
2026-04-14 07:00,SANLUIS,88.59,90.78,-2.19,0.0,0.0,1.0
2026-04-14 08:00,SANLUIS,88.7,90.47,-1.77,0.0,0.0,1.0
2026-04-14 09:00,SANLUIS,88.83,91.51,-2.68,0.0,0.0,1.0
2026-04-14 10:00,SANLUIS,88.69,90.39,-1.7,0.0,0.0,1.0
2026-04-14 11:00,SANLUIS,89.37,90.56,-1.2,0.0,0.0,1.0
2026-04-14 12:00,SANLUIS,98.76,99.76,-1.01,0.0,0.0,1.0
2026-04-14 13:00,SANLUIS,228.91,230.95,-2.04,0.0,0.0,1.0
2026-04-14 14:00,SANLUIS,235.83,238.13,-2.3,0.0,0.0,1.0
2026-04-14 15:00,SANLUIS,90.55,92.16,-1.6,0.0,0.0,1.0
2026-04-14 16:00,SANLUIS,98.88,100.82,-1.94,0.0,0.0,1.0
2026-04-14 17:00,SANLUIS,229.89,236.03,-6.13,0.0,0.0,1.0
2026-04-14 18:00,SANLUIS,267.75,268.04,-0.3,0.0,0.0,1.0
2026-04-14 19:00,SANLUIS,367.07,365.23,1.84,0.0,0.0,1.0
2026-04-14 20:00,SANLUIS,395.33,391.83,3.5,0.0,0.0,1.0
2026-04-14 21:00,SANLUIS,284.53,282.92,1.61,0.0,0.0,1.0
2026-04-14 22:00,SANLUIS,259.89,260.09,-0.2,0.0,0.0,1.0
2026-04-14 23:00,SANLUIS,235.84,238.13,-2.28,0.0,0.0,1.0
2026-04-14 00:00,TIJUANA,91.32,90.1,1.22,0.0,0.0,1.0
2026-04-14 01:00,TIJUANA,90.61,89.42,1.19,0.0,0.0,1.0
2026-04-14 02:00,TIJUANA,90.31,89.15,1.16,0.0,0.0,1.0
2026-04-14 03:00,TIJUANA,90.28,89.13,1.15,0.0,0.0,1.0
2026-04-14 04:00,TIJUANA,90.11,88.94,1.17,0.0,0.0,1.0
2026-04-14 05:00,TIJUANA,90.49,89.29,1.2,0.0,0.0,1.0
2026-04-14 06:00,TIJUANA,65.56,64.64,0.92,0.0,0.0,1.0
2026-04-14 07:00,TIJUANA,92.12,90.78,1.34,0.0,0.0,1.0
2026-04-14 08:00,TIJUANA,91.83,90.47,1.36,0.0,0.0,1.0
2026-04-14 09:00,TIJUANA,92.83,91.51,1.32,0.0,0.0,1.0
2026-04-14 10:00,TIJUANA,91.72,90.39,1.34,0.0,0.0,1.0
2026-04-14 11:00,TIJUANA,91.97,90.56,1.4,0.0,0.0,1.0
2026-04-14 12:00,TIJUANA,101.32,99.76,1.56,0.0,0.0,1.0
2026-04-14 13:00,TIJUANA,234.62,230.95,3.66,0.0,0.0,1.0
2026-04-14 14:00,TIJUANA,241.97,238.12,3.85,0.0,0.0,1.0
2026-04-14 15:00,TIJUANA,93.63,92.16,1.47,0.0,0.0,1.0
2026-04-14 16:00,TIJUANA,102.42,100.82,1.6,0.0,0.0,1.0
2026-04-14 17:00,TIJUANA,239.7,236.03,3.67,0.0,0.0,1.0
2026-04-14 18:00,TIJUANA,272.67,268.04,4.63,0.0,0.0,1.0
2026-04-14 19:00,TIJUANA,371.88,365.23,6.65,0.0,0.0,1.0
2026-04-14 20:00,TIJUANA,399.27,391.83,7.44,0.0,0.0,1.0
2026-04-14 21:00,TIJUANA,288.01,282.92,5.09,0.0,0.0,1.0
2026-04-14 22:00,TIJUANA,264.3,260.09,4.21,0.0,0.0,1.0
2026-04-14 23:00,TIJUANA,241.46,238.13,3.34,0.0,0.0,1.0
2026-04-15 00:00,ENSENADA,105.36,100.46,4.9,0.0,0.0,1.0
2026-04-15 01:00,ENSENADA,95.2,90.72,4.48,0.0,0.0,1.0
2026-04-15 02:00,ENSENADA,93.93,89.61,4.32,0.0,0.0,1.0
2026-04-15 03:00,ENSENADA,93.62,89.38,4.25,0.0,0.0,1.0
2026-04-15 04:00,ENSENADA,93.81,89.55,4.26,0.0,0.0,1.0
2026-04-15 05:00,ENSENADA,94.26,89.86,4.4,0.0,0.0,1.0
2026-04-15 06:00,ENSENADA,105.68,100.62,5.06,0.0,0.0,1.0
2026-04-15 07:00,ENSENADA,97.47,92.29,5.18,0.0,0.0,1.0
2026-04-15 08:00,ENSENADA,97.47,92.0,5.47,0.0,0.0,1.0
2026-04-15 09:00,ENSENADA,97.16,91.71,5.45,0.0,0.0,1.0
2026-04-15 10:00,ENSENADA,97.33,91.7,5.62,0.0,0.0,1.0
2026-04-15 11:00,ENSENADA,106.83,100.52,6.31,0.0,0.0,1.0
2026-04-15 12:00,ENSENADA,209.99,197.38,12.61,0.0,0.0,1.0
2026-04-15 13:00,ENSENADA,202.95,190.32,12.63,0.0,0.0,1.0
2026-04-15 14:00,ENSENADA,109.09,102.36,6.73,0.0,0.0,1.0
2026-04-15 15:00,ENSENADA,322.72,303.13,19.59,0.0,0.0,1.0
2026-04-15 16:00,ENSENADA,413.83,389.63,24.19,0.0,0.0,1.0
2026-04-15 17:00,ENSENADA,218.51,205.64,12.87,0.0,0.0,1.0
2026-04-15 18:00,ENSENADA,221.53,209.75,11.78,0.0,0.0,1.0
2026-04-15 19:00,ENSENADA,224.65,213.77,10.88,0.0,0.0,1.0
2026-04-15 20:00,ENSENADA,263.43,250.75,12.68,0.0,0.0,1.0
2026-04-15 21:00,ENSENADA,369.06,352.23,16.82,0.0,0.0,1.0
2026-04-15 22:00,ENSENADA,257.09,246.11,10.99,0.0,0.0,1.0
2026-04-15 23:00,ENSENADA,193.81,186.17,7.63,0.0,0.0,1.0
2026-04-15 00:00,MEXICALI,99.15,100.46,-1.3,0.0,0.0,1.0
2026-04-15 01:00,MEXICALI,90.04,90.72,-0.68,0.0,0.0,1.0
2026-04-15 02:00,MEXICALI,89.02,89.61,-0.59,0.0,0.0,1.0
2026-04-15 03:00,MEXICALI,88.92,89.38,-0.45,0.0,0.0,1.0
2026-04-15 04:00,MEXICALI,88.93,89.55,-0.61,0.0,0.0,1.0
2026-04-15 05:00,MEXICALI,89.1,89.86,-0.76,0.0,0.0,1.0
2026-04-15 06:00,MEXICALI,98.93,100.62,-1.68,0.0,0.0,1.0
2026-04-15 07:00,MEXICALI,89.05,92.29,-3.24,0.0,0.0,1.0
2026-04-15 08:00,MEXICALI,88.65,92.0,-3.35,0.0,0.0,1.0
2026-04-15 09:00,MEXICALI,88.66,91.71,-3.05,0.0,0.0,1.0
2026-04-15 10:00,MEXICALI,88.71,91.7,-2.99,0.0,0.0,1.0
2026-04-15 11:00,MEXICALI,98.45,100.52,-2.08,0.0,0.0,1.0
2026-04-15 12:00,MEXICALI,195.1,197.38,-2.28,0.0,0.0,1.0
2026-04-15 13:00,MEXICALI,185.84,190.32,-4.48,0.0,0.0,1.0
2026-04-15 14:00,MEXICALI,99.47,102.36,-2.89,0.0,0.0,1.0
2026-04-15 15:00,MEXICALI,295.9,303.13,-7.23,0.0,0.0,1.0
2026-04-15 16:00,MEXICALI,381.8,389.63,-7.83,0.0,0.0,1.0
2026-04-15 17:00,MEXICALI,201.05,205.64,-4.59,0.0,0.0,1.0
2026-04-15 18:00,MEXICALI,208.91,209.75,-0.84,0.0,0.0,1.0
2026-04-15 19:00,MEXICALI,211.88,213.77,-1.9,0.0,0.0,1.0
2026-04-15 20:00,MEXICALI,249.68,250.75,-1.07,0.0,0.0,1.0
2026-04-15 21:00,MEXICALI,353.21,352.23,0.98,0.0,0.0,1.0
2026-04-15 22:00,MEXICALI,244.74,246.11,-1.36,0.0,0.0,1.0
2026-04-15 23:00,MEXICALI,183.93,186.17,-2.24,0.0,0.0,1.0
2026-04-15 00:00,SANLUIS,99.53,100.46,-0.93,0.0,0.0,1.0
2026-04-15 01:00,SANLUIS,90.34,90.72,-0.38,0.0,0.0,1.0
2026-04-15 02:00,SANLUIS,89.28,89.61,-0.33,0.0,0.0,1.0
2026-04-15 03:00,SANLUIS,89.16,89.38,-0.21,0.0,0.0,1.0
2026-04-15 04:00,SANLUIS,89.15,89.55,-0.39,0.0,0.0,1.0
2026-04-15 05:00,SANLUIS,89.34,89.86,-0.52,0.0,0.0,1.0
2026-04-15 06:00,SANLUIS,99.14,100.62,-1.48,0.0,0.0,1.0
2026-04-15 07:00,SANLUIS,89.18,92.29,-3.12,0.0,0.0,1.0
2026-04-15 08:00,SANLUIS,88.78,92.0,-3.22,0.0,0.0,1.0
2026-04-15 09:00,SANLUIS,88.86,91.71,-2.85,0.0,0.0,1.0
2026-04-15 10:00,SANLUIS,88.99,91.7,-2.72,0.0,0.0,1.0
2026-04-15 11:00,SANLUIS,99.09,100.52,-1.43,0.0,0.0,1.0
2026-04-15 12:00,SANLUIS,196.48,197.38,-0.9,0.0,0.0,1.0
2026-04-15 13:00,SANLUIS,187.17,190.32,-3.15,0.0,0.0,1.0
2026-04-15 14:00,SANLUIS,100.2,102.36,-2.16,0.0,0.0,1.0
2026-04-15 15:00,SANLUIS,297.99,303.13,-5.15,0.0,0.0,1.0
2026-04-15 16:00,SANLUIS,384.71,389.63,-4.92,0.0,0.0,1.0
2026-04-15 17:00,SANLUIS,202.69,205.64,-2.95,0.0,0.0,1.0
2026-04-15 18:00,SANLUIS,210.67,209.75,0.92,0.0,0.0,1.0
2026-04-15 19:00,SANLUIS,213.55,213.77,-0.22,0.0,0.0,1.0
2026-04-15 20:00,SANLUIS,251.8,250.75,1.06,0.0,0.0,1.0
2026-04-15 21:00,SANLUIS,356.11,352.23,3.88,0.0,0.0,1.0
2026-04-15 22:00,SANLUIS,246.5,246.11,0.39,0.0,0.0,1.0
2026-04-15 23:00,SANLUIS,185.03,186.17,-1.14,0.0,0.0,1.0
2026-04-15 00:00,TIJUANA,101.77,100.46,1.32,0.0,0.0,1.0
2026-04-15 01:00,TIJUANA,91.88,90.72,1.16,0.0,0.0,1.0
2026-04-15 02:00,TIJUANA,90.73,89.61,1.13,0.0,0.0,1.0
2026-04-15 03:00,TIJUANA,90.49,89.38,1.11,0.0,0.0,1.0
2026-04-15 04:00,TIJUANA,90.66,89.55,1.11,0.0,0.0,1.0
2026-04-15 05:00,TIJUANA,91.01,89.86,1.15,0.0,0.0,1.0
2026-04-15 06:00,TIJUANA,101.97,100.62,1.35,0.0,0.0,1.0
2026-04-15 07:00,TIJUANA,93.59,92.29,1.29,0.0,0.0,1.0
2026-04-15 08:00,TIJUANA,93.33,92.0,1.33,0.0,0.0,1.0
2026-04-15 09:00,TIJUANA,93.07,91.71,1.36,0.0,0.0,1.0
2026-04-15 10:00,TIJUANA,93.1,91.7,1.4,0.0,0.0,1.0
2026-04-15 11:00,TIJUANA,102.11,100.52,1.59,0.0,0.0,1.0
2026-04-15 12:00,TIJUANA,200.7,197.38,3.32,0.0,0.0,1.0
2026-04-15 13:00,TIJUANA,193.42,190.32,3.1,0.0,0.0,1.0
2026-04-15 14:00,TIJUANA,104.02,102.36,1.66,0.0,0.0,1.0
2026-04-15 15:00,TIJUANA,308.15,303.13,5.02,0.0,0.0,1.0
2026-04-15 16:00,TIJUANA,396.11,389.63,6.48,0.0,0.0,1.0
2026-04-15 17:00,TIJUANA,209.04,205.64,3.4,0.0,0.0,1.0
2026-04-15 18:00,TIJUANA,213.48,209.75,3.73,0.0,0.0,1.0
2026-04-15 19:00,TIJUANA,217.68,213.77,3.9,0.0,0.0,1.0
2026-04-15 20:00,TIJUANA,255.47,250.75,4.72,0.0,0.0,1.0
2026-04-15 21:00,TIJUANA,358.75,352.23,6.51,0.0,0.0,1.0
2026-04-15 22:00,TIJUANA,250.2,246.11,4.1,0.0,0.0,1.0
2026-04-15 23:00,TIJUANA,188.92,186.17,2.75,0.0,0.0,1.0
2026-04-16 00:00,ENSENADA,105.29,101.33,3.96,0.0,0.0,1.0
2026-04-16 01:00,ENSENADA,104.09,100.15,3.94,0.0,0.0,1.0
2026-04-16 02:00,ENSENADA,94.03,90.32,3.71,0.0,0.0,1.0
2026-04-16 03:00,ENSENADA,94.16,90.38,3.78,0.0,0.0,1.0
2026-04-16 04:00,ENSENADA,94.37,90.49,3.88,0.0,0.0,1.0
2026-04-16 05:00,ENSENADA,95.24,90.98,4.26,0.0,0.0,1.0
2026-04-16 06:00,ENSENADA,96.04,91.55,4.5,0.0,0.0,1.0
2026-04-16 07:00,ENSENADA,96.7,91.91,4.79,0.0,0.0,1.0
2026-04-16 08:00,ENSENADA,96.48,91.89,4.59,0.0,0.0,1.0
2026-04-16 09:00,ENSENADA,96.37,91.79,4.58,0.0,0.0,1.0
2026-04-16 10:00,ENSENADA,96.55,91.5,5.05,0.0,0.0,1.0
2026-04-16 11:00,ENSENADA,97.35,91.86,5.5,0.0,0.0,1.0
2026-04-16 12:00,ENSENADA,259.85,245.06,14.79,0.0,0.0,1.0
2026-04-16 13:00,ENSENADA,332.96,314.41,18.55,0.0,0.0,1.0
2026-04-16 14:00,ENSENADA,668.78,632.35,36.43,0.0,0.0,1.0
2026-04-16 15:00,ENSENADA,671.05,638.15,32.9,0.0,0.0,1.0
2026-04-16 16:00,ENSENADA,658.5,626.14,32.36,0.0,0.0,1.0
2026-04-16 17:00,ENSENADA,658.06,625.85,32.21,0.0,0.0,1.0
2026-04-16 18:00,ENSENADA,457.94,435.92,22.02,0.0,0.0,1.0
2026-04-16 19:00,ENSENADA,432.93,411.76,21.17,0.0,0.0,1.0
2026-04-16 20:00,ENSENADA,742.35,705.88,36.47,0.0,0.0,1.0
2026-04-16 21:00,ENSENADA,722.72,689.18,33.54,0.0,0.0,1.0
2026-04-16 22:00,ENSENADA,202.53,193.89,8.64,0.0,0.0,1.0
2026-04-16 23:00,ENSENADA,182.59,175.34,7.25,0.0,0.0,1.0
2026-04-16 00:00,MEXICALI,99.83,101.33,-1.5,0.0,0.0,1.0
2026-04-16 01:00,MEXICALI,99.23,100.15,-0.93,0.0,0.0,1.0
2026-04-16 02:00,MEXICALI,89.22,90.32,-1.1,0.0,0.0,1.0
2026-04-16 03:00,MEXICALI,89.15,90.38,-1.22,0.0,0.0,1.0
2026-04-16 04:00,MEXICALI,89.15,90.49,-1.33,0.0,0.0,1.0
2026-04-16 05:00,MEXICALI,89.22,90.98,-1.76,0.0,0.0,1.0
2026-04-16 06:00,MEXICALI,89.24,91.55,-2.31,0.0,0.0,1.0
2026-04-16 07:00,MEXICALI,89.08,91.91,-2.83,0.0,0.0,1.0
2026-04-16 08:00,MEXICALI,88.92,91.89,-2.97,0.0,0.0,1.0
2026-04-16 09:00,MEXICALI,88.74,91.79,-3.04,0.0,0.0,1.0
2026-04-16 10:00,MEXICALI,88.67,91.5,-2.83,0.0,0.0,1.0
2026-04-16 11:00,MEXICALI,89.04,91.86,-2.81,0.0,0.0,1.0
2026-04-16 12:00,MEXICALI,243.36,245.06,-1.7,0.0,0.0,1.0
2026-04-16 13:00,MEXICALI,312.97,314.41,-1.44,0.0,0.0,1.0
2026-04-16 14:00,MEXICALI,638.78,632.35,6.43,0.0,0.0,1.0
2026-04-16 15:00,MEXICALI,644.55,638.15,6.4,0.0,0.0,1.0
2026-04-16 16:00,MEXICALI,638.92,626.14,12.78,0.0,0.0,1.0
2026-04-16 17:00,MEXICALI,638.44,625.85,12.59,0.0,0.0,1.0
2026-04-16 18:00,MEXICALI,443.09,435.92,7.17,0.0,0.0,1.0
2026-04-16 19:00,MEXICALI,417.0,411.76,5.25,0.0,0.0,1.0
2026-04-16 20:00,MEXICALI,711.4,705.88,5.52,0.0,0.0,1.0
2026-04-16 21:00,MEXICALI,699.5,689.18,10.32,0.0,0.0,1.0
2026-04-16 22:00,MEXICALI,193.77,193.89,-0.12,0.0,0.0,1.0
2026-04-16 23:00,MEXICALI,174.53,175.34,-0.8,0.0,0.0,1.0
2026-04-16 00:00,SANLUIS,100.32,101.33,-1.01,0.0,0.0,1.0
2026-04-16 01:00,SANLUIS,99.64,100.15,-0.51,0.0,0.0,1.0
2026-04-16 02:00,SANLUIS,89.54,90.32,-0.77,0.0,0.0,1.0
2026-04-16 03:00,SANLUIS,89.46,90.38,-0.92,0.0,0.0,1.0
2026-04-16 04:00,SANLUIS,89.45,90.49,-1.04,0.0,0.0,1.0
2026-04-16 05:00,SANLUIS,89.51,90.98,-1.48,0.0,0.0,1.0
2026-04-16 06:00,SANLUIS,89.49,91.55,-2.06,0.0,0.0,1.0
2026-04-16 07:00,SANLUIS,89.26,91.91,-2.65,0.0,0.0,1.0
2026-04-16 08:00,SANLUIS,89.08,91.89,-2.81,0.0,0.0,1.0
2026-04-16 09:00,SANLUIS,88.94,91.79,-2.84,0.0,0.0,1.0
2026-04-16 10:00,SANLUIS,88.94,91.5,-2.56,0.0,0.0,1.0
2026-04-16 11:00,SANLUIS,89.43,91.86,-2.43,0.0,0.0,1.0
2026-04-16 12:00,SANLUIS,244.69,245.06,-0.37,0.0,0.0,1.0
2026-04-16 13:00,SANLUIS,315.03,314.41,0.62,0.0,0.0,1.0
2026-04-16 14:00,SANLUIS,643.53,632.35,11.18,0.0,0.0,1.0
2026-04-16 15:00,SANLUIS,649.82,638.15,11.67,0.0,0.0,1.0
2026-04-16 16:00,SANLUIS,644.28,626.14,18.14,0.0,0.0,1.0
2026-04-16 17:00,SANLUIS,643.82,625.85,17.97,0.0,0.0,1.0
2026-04-16 18:00,SANLUIS,446.65,435.92,10.73,0.0,0.0,1.0
2026-04-16 19:00,SANLUIS,420.27,411.76,8.51,0.0,0.0,1.0
2026-04-16 20:00,SANLUIS,716.99,705.88,11.11,0.0,0.0,1.0
2026-04-16 21:00,SANLUIS,705.13,689.18,15.95,0.0,0.0,1.0
2026-04-16 22:00,SANLUIS,195.11,193.89,1.22,0.0,0.0,1.0
2026-04-16 23:00,SANLUIS,175.56,175.34,0.22,0.0,0.0,1.0
2026-04-16 00:00,TIJUANA,102.72,101.33,1.38,0.0,0.0,1.0
2026-04-16 01:00,TIJUANA,101.47,100.15,1.32,0.0,0.0,1.0
2026-04-16 02:00,TIJUANA,91.47,90.32,1.15,0.0,0.0,1.0
2026-04-16 03:00,TIJUANA,91.51,90.38,1.13,0.0,0.0,1.0
2026-04-16 04:00,TIJUANA,91.62,90.49,1.13,0.0,0.0,1.0
2026-04-16 05:00,TIJUANA,92.14,90.98,1.16,0.0,0.0,1.0
2026-04-16 06:00,TIJUANA,92.78,91.55,1.23,0.0,0.0,1.0
2026-04-16 07:00,TIJUANA,93.23,91.91,1.32,0.0,0.0,1.0
2026-04-16 08:00,TIJUANA,93.26,91.89,1.37,0.0,0.0,1.0
2026-04-16 09:00,TIJUANA,93.18,91.79,1.39,0.0,0.0,1.0
2026-04-16 10:00,TIJUANA,92.91,91.5,1.41,0.0,0.0,1.0
2026-04-16 11:00,TIJUANA,93.29,91.86,1.43,0.0,0.0,1.0
2026-04-16 12:00,TIJUANA,249.43,245.06,4.37,0.0,0.0,1.0
2026-04-16 13:00,TIJUANA,320.26,314.41,5.85,0.0,0.0,1.0
2026-04-16 14:00,TIJUANA,644.82,632.35,12.47,0.0,0.0,1.0
2026-04-16 15:00,TIJUANA,650.58,638.15,12.43,0.0,0.0,1.0
2026-04-16 16:00,TIJUANA,638.5,626.14,12.36,0.0,0.0,1.0
2026-04-16 17:00,TIJUANA,637.91,625.85,12.06,0.0,0.0,1.0
2026-04-16 18:00,TIJUANA,444.21,435.92,8.29,0.0,0.0,1.0
2026-04-16 19:00,TIJUANA,419.66,411.76,7.91,0.0,0.0,1.0
2026-04-16 20:00,TIJUANA,719.45,705.88,13.57,0.0,0.0,1.0
2026-04-16 21:00,TIJUANA,702.2,689.18,13.02,0.0,0.0,1.0
2026-04-16 22:00,TIJUANA,197.07,193.89,3.18,0.0,0.0,1.0
2026-04-16 23:00,TIJUANA,177.89,175.34,2.56,0.0,0.0,1.0
2026-04-17 00:00,ENSENADA,104.65,100.68,3.97,0.0,0.0,1.0
2026-04-17 01:00,ENSENADA,92.31,88.97,3.34,0.0,0.0,1.0
2026-04-17 02:00,ENSENADA,91.92,88.62,3.31,0.0,0.0,1.0
2026-04-17 03:00,ENSENADA,91.78,88.45,3.33,0.0,0.0,1.0
2026-04-17 04:00,ENSENADA,91.7,88.45,3.25,0.0,0.0,1.0
2026-04-17 05:00,ENSENADA,92.23,88.87,3.36,0.0,0.0,1.0
2026-04-17 06:00,ENSENADA,92.95,89.41,3.53,0.0,0.0,1.0
2026-04-17 07:00,ENSENADA,94.76,90.54,4.23,0.0,0.0,1.0
2026-04-17 08:00,ENSENADA,95.73,90.45,5.29,0.0,0.0,1.0
2026-04-17 09:00,ENSENADA,95.81,90.18,5.64,0.0,0.0,1.0
2026-04-17 10:00,ENSENADA,94.26,88.81,5.46,0.0,0.0,1.0
2026-04-17 11:00,ENSENADA,93.76,88.66,5.11,0.0,0.0,1.0
2026-04-17 12:00,ENSENADA,94.71,89.38,5.32,0.0,0.0,1.0
2026-04-17 13:00,ENSENADA,105.11,98.83,6.28,0.0,0.0,1.0
2026-04-17 14:00,ENSENADA,105.49,99.14,6.35,0.0,0.0,1.0
2026-04-17 15:00,ENSENADA,95.46,89.77,5.7,0.0,0.0,1.0
2026-04-17 16:00,ENSENADA,105.13,99.2,5.94,0.0,0.0,1.0
2026-04-17 17:00,ENSENADA,205.95,193.8,12.15,0.0,0.0,1.0
2026-04-17 18:00,ENSENADA,369.61,347.98,21.63,0.0,0.0,1.0
2026-04-17 19:00,ENSENADA,225.91,212.66,13.25,0.0,0.0,1.0
2026-04-17 20:00,ENSENADA,254.1,239.39,14.71,0.0,0.0,1.0
2026-04-17 21:00,ENSENADA,200.46,189.12,11.34,0.0,0.0,1.0
2026-04-17 22:00,ENSENADA,209.96,198.38,11.58,0.0,0.0,1.0
2026-04-17 23:00,ENSENADA,384.82,364.83,19.98,0.0,0.0,1.0
2026-04-17 00:00,MEXICALI,100.37,100.68,-0.31,0.0,0.0,1.0
2026-04-17 01:00,MEXICALI,89.23,88.97,0.26,0.0,0.0,1.0
2026-04-17 02:00,MEXICALI,89.02,88.62,0.4,0.0,0.0,1.0
2026-04-17 03:00,MEXICALI,88.83,88.45,0.38,0.0,0.0,1.0
2026-04-17 04:00,MEXICALI,88.78,88.45,0.32,0.0,0.0,1.0
2026-04-17 05:00,MEXICALI,88.88,88.87,0.0,0.0,0.0,1.0
2026-04-17 06:00,MEXICALI,89.02,89.41,-0.39,0.0,0.0,1.0
2026-04-17 07:00,MEXICALI,88.95,90.54,-1.59,0.0,0.0,1.0
2026-04-17 08:00,MEXICALI,88.77,90.45,-1.68,0.0,0.0,1.0
2026-04-17 09:00,MEXICALI,88.79,90.18,-1.39,0.0,0.0,1.0
2026-04-17 10:00,MEXICALI,88.75,88.81,-0.06,0.0,0.0,1.0
2026-04-17 11:00,MEXICALI,88.91,88.66,0.25,0.0,0.0,1.0
2026-04-17 12:00,MEXICALI,89.18,89.38,-0.2,0.0,0.0,1.0
2026-04-17 13:00,MEXICALI,98.5,98.83,-0.33,0.0,0.0,1.0
2026-04-17 14:00,MEXICALI,98.31,99.14,-0.84,0.0,0.0,1.0
2026-04-17 15:00,MEXICALI,89.18,89.77,-0.58,0.0,0.0,1.0
2026-04-17 16:00,MEXICALI,98.58,99.2,-0.61,0.0,0.0,1.0
2026-04-17 17:00,MEXICALI,193.82,193.8,0.02,0.0,0.0,1.0
2026-04-17 18:00,MEXICALI,356.94,347.98,8.97,0.0,0.0,1.0
2026-04-17 19:00,MEXICALI,214.34,212.66,1.68,0.0,0.0,1.0
2026-04-17 20:00,MEXICALI,241.53,239.39,2.14,0.0,0.0,1.0
2026-04-17 21:00,MEXICALI,188.21,189.12,-0.91,0.0,0.0,1.0
2026-04-17 22:00,MEXICALI,199.4,198.38,1.02,0.0,0.0,1.0
2026-04-17 23:00,MEXICALI,379.61,364.83,14.78,0.0,0.0,1.0
2026-04-17 00:00,SANLUIS,100.86,100.68,0.18,0.0,0.0,1.0
2026-04-17 01:00,SANLUIS,89.63,88.97,0.66,0.0,0.0,1.0
2026-04-17 02:00,SANLUIS,89.37,88.62,0.75,0.0,0.0,1.0
2026-04-17 03:00,SANLUIS,89.12,88.45,0.67,0.0,0.0,1.0
2026-04-17 04:00,SANLUIS,89.02,88.45,0.57,0.0,0.0,1.0
2026-04-17 05:00,SANLUIS,89.14,88.87,0.27,0.0,0.0,1.0
2026-04-17 06:00,SANLUIS,89.27,89.41,-0.15,0.0,0.0,1.0
2026-04-17 07:00,SANLUIS,89.16,90.54,-1.38,0.0,0.0,1.0
2026-04-17 08:00,SANLUIS,89.0,90.45,-1.45,0.0,0.0,1.0
2026-04-17 09:00,SANLUIS,89.04,90.18,-1.14,0.0,0.0,1.0
2026-04-17 10:00,SANLUIS,89.12,88.81,0.32,0.0,0.0,1.0
2026-04-17 11:00,SANLUIS,89.32,88.66,0.67,0.0,0.0,1.0
2026-04-17 12:00,SANLUIS,89.64,89.38,0.26,0.0,0.0,1.0
2026-04-17 13:00,SANLUIS,99.05,98.83,0.22,0.0,0.0,1.0
2026-04-17 14:00,SANLUIS,98.91,99.14,-0.24,0.0,0.0,1.0
2026-04-17 15:00,SANLUIS,89.77,89.77,0.01,0.0,0.0,1.0
2026-04-17 16:00,SANLUIS,99.15,99.2,-0.04,0.0,0.0,1.0
2026-04-17 17:00,SANLUIS,195.42,193.8,1.62,0.0,0.0,1.0
2026-04-17 18:00,SANLUIS,360.16,347.98,12.18,0.0,0.0,1.0
2026-04-17 19:00,SANLUIS,216.12,212.66,3.46,0.0,0.0,1.0
2026-04-17 20:00,SANLUIS,243.58,239.39,4.19,0.0,0.0,1.0
2026-04-17 21:00,SANLUIS,189.65,189.12,0.53,0.0,0.0,1.0
2026-04-17 22:00,SANLUIS,200.67,198.38,2.29,0.0,0.0,1.0
2026-04-17 23:00,SANLUIS,382.4,364.83,17.57,0.0,0.0,1.0
2026-04-17 00:00,TIJUANA,102.04,100.68,1.36,0.0,0.0,1.0
2026-04-17 01:00,TIJUANA,90.13,88.97,1.16,0.0,0.0,1.0
2026-04-17 02:00,TIJUANA,89.76,88.62,1.14,0.0,0.0,1.0
2026-04-17 03:00,TIJUANA,89.58,88.45,1.13,0.0,0.0,1.0
2026-04-17 04:00,TIJUANA,89.59,88.45,1.14,0.0,0.0,1.0
2026-04-17 05:00,TIJUANA,90.04,88.87,1.16,0.0,0.0,1.0
2026-04-17 06:00,TIJUANA,90.64,89.41,1.23,0.0,0.0,1.0
2026-04-17 07:00,TIJUANA,91.83,90.54,1.3,0.0,0.0,1.0
2026-04-17 08:00,TIJUANA,91.77,90.45,1.32,0.0,0.0,1.0
2026-04-17 09:00,TIJUANA,91.53,90.18,1.35,0.0,0.0,1.0
2026-04-17 10:00,TIJUANA,90.21,88.81,1.4,0.0,0.0,1.0
2026-04-17 11:00,TIJUANA,90.09,88.66,1.44,0.0,0.0,1.0
2026-04-17 12:00,TIJUANA,90.86,89.38,1.48,0.0,0.0,1.0
2026-04-17 13:00,TIJUANA,100.47,98.83,1.64,0.0,0.0,1.0
2026-04-17 14:00,TIJUANA,100.77,99.14,1.62,0.0,0.0,1.0
2026-04-17 15:00,TIJUANA,91.25,89.77,1.48,0.0,0.0,1.0
2026-04-17 16:00,TIJUANA,100.82,99.2,1.62,0.0,0.0,1.0
2026-04-17 17:00,TIJUANA,197.04,193.8,3.24,0.0,0.0,1.0
2026-04-17 18:00,TIJUANA,354.4,347.98,6.42,0.0,0.0,1.0
2026-04-17 19:00,TIJUANA,216.41,212.66,3.75,0.0,0.0,1.0
2026-04-17 20:00,TIJUANA,243.72,239.39,4.33,0.0,0.0,1.0
2026-04-17 21:00,TIJUANA,192.25,189.12,3.12,0.0,0.0,1.0
2026-04-17 22:00,TIJUANA,201.55,198.38,3.17,0.0,0.0,1.0
2026-04-17 23:00,TIJUANA,370.99,364.83,6.16,0.0,0.0,1.0
2026-04-18 00:00,ENSENADA,431.46,409.89,21.57,0.0,0.0,1.0
2026-04-18 01:00,ENSENADA,373.57,355.61,17.96,0.0,0.0,1.0
2026-04-18 02:00,ENSENADA,262.89,250.42,12.47,0.0,0.0,1.0
2026-04-18 03:00,ENSENADA,229.17,218.3,10.88,0.0,0.0,1.0
2026-04-18 04:00,ENSENADA,228.31,217.48,10.84,0.0,0.0,1.0
2026-04-18 05:00,ENSENADA,223.3,212.52,10.77,0.0,0.0,1.0
2026-04-18 06:00,ENSENADA,277.03,263.6,13.44,0.0,0.0,1.0
2026-04-18 07:00,ENSENADA,267.36,252.85,14.51,0.0,0.0,1.0
2026-04-18 08:00,ENSENADA,103.82,97.75,6.07,0.0,0.0,1.0
2026-04-18 09:00,ENSENADA,104.93,98.56,6.37,0.0,0.0,1.0
2026-04-18 10:00,ENSENADA,197.21,185.06,12.15,0.0,0.0,1.0
2026-04-18 11:00,ENSENADA,93.45,87.67,5.78,0.0,0.0,1.0
2026-04-18 12:00,ENSENADA,93.58,87.71,5.88,0.0,0.0,1.0
2026-04-18 13:00,ENSENADA,103.39,96.72,6.67,0.0,0.0,1.0
2026-04-18 14:00,ENSENADA,105.08,98.22,6.86,0.0,0.0,1.0
2026-04-18 15:00,ENSENADA,105.73,98.93,6.8,0.0,0.0,1.0
2026-04-18 16:00,ENSENADA,106.88,100.06,6.83,0.0,0.0,1.0
2026-04-18 17:00,ENSENADA,207.03,193.71,13.32,0.0,0.0,1.0
2026-04-18 18:00,ENSENADA,386.29,362.51,23.78,0.0,0.0,1.0
2026-04-18 19:00,ENSENADA,389.23,367.49,21.74,0.0,0.0,1.0
2026-04-18 20:00,ENSENADA,753.37,711.18,42.19,0.0,0.0,1.0
2026-04-18 21:00,ENSENADA,382.74,363.06,19.68,0.0,0.0,1.0
2026-04-18 22:00,ENSENADA,270.77,257.77,13.0,0.0,0.0,1.0
2026-04-18 23:00,ENSENADA,207.26,197.66,9.59,0.0,0.0,1.0
2026-04-18 00:00,MEXICALI,427.22,409.89,17.32,0.0,0.0,1.0
2026-04-18 01:00,MEXICALI,370.72,355.61,15.11,0.0,0.0,1.0
2026-04-18 02:00,MEXICALI,259.48,250.42,9.06,0.0,0.0,1.0
2026-04-18 03:00,MEXICALI,225.88,218.3,7.58,0.0,0.0,1.0
2026-04-18 04:00,MEXICALI,224.59,217.48,7.12,0.0,0.0,1.0
2026-04-18 05:00,MEXICALI,219.04,212.52,6.52,0.0,0.0,1.0
2026-04-18 06:00,MEXICALI,270.84,263.6,7.25,0.0,0.0,1.0
2026-04-18 07:00,MEXICALI,256.71,252.85,3.86,0.0,0.0,1.0
2026-04-18 08:00,MEXICALI,98.74,97.75,0.99,0.0,0.0,1.0
2026-04-18 09:00,MEXICALI,99.62,98.56,1.06,0.0,0.0,1.0
2026-04-18 10:00,MEXICALI,186.91,185.06,1.86,0.0,0.0,1.0
2026-04-18 11:00,MEXICALI,89.51,87.67,1.84,0.0,0.0,1.0
2026-04-18 12:00,MEXICALI,89.56,87.71,1.86,0.0,0.0,1.0
2026-04-18 13:00,MEXICALI,98.87,96.72,2.16,0.0,0.0,1.0
2026-04-18 14:00,MEXICALI,100.52,98.22,2.3,0.0,0.0,1.0
2026-04-18 15:00,MEXICALI,100.69,98.93,1.77,0.0,0.0,1.0
2026-04-18 16:00,MEXICALI,100.92,100.06,0.87,0.0,0.0,1.0
2026-04-18 17:00,MEXICALI,194.56,193.71,0.85,0.0,0.0,1.0
2026-04-18 18:00,MEXICALI,370.64,362.51,8.13,0.0,0.0,1.0
2026-04-18 19:00,MEXICALI,376.5,367.49,9.01,0.0,0.0,1.0
2026-04-18 20:00,MEXICALI,720.52,711.18,9.34,0.0,0.0,1.0
2026-04-18 21:00,MEXICALI,371.34,363.06,8.29,0.0,0.0,1.0
2026-04-18 22:00,MEXICALI,264.18,257.77,6.41,0.0,0.0,1.0
2026-04-18 23:00,MEXICALI,201.28,197.66,3.61,0.0,0.0,1.0
2026-04-18 00:00,SANLUIS,430.19,409.89,20.3,0.0,0.0,1.0
2026-04-18 01:00,SANLUIS,373.09,355.61,17.48,0.0,0.0,1.0
2026-04-18 02:00,SANLUIS,260.98,250.42,10.56,0.0,0.0,1.0
2026-04-18 03:00,SANLUIS,227.13,218.3,8.83,0.0,0.0,1.0
2026-04-18 04:00,SANLUIS,225.78,217.48,8.3,0.0,0.0,1.0
2026-04-18 05:00,SANLUIS,220.18,212.52,7.66,0.0,0.0,1.0
2026-04-18 06:00,SANLUIS,272.22,263.6,8.62,0.0,0.0,1.0
2026-04-18 07:00,SANLUIS,258.03,252.85,5.19,0.0,0.0,1.0
2026-04-18 08:00,SANLUIS,99.46,97.75,1.72,0.0,0.0,1.0
2026-04-18 09:00,SANLUIS,100.42,98.56,1.86,0.0,0.0,1.0
2026-04-18 10:00,SANLUIS,188.56,185.06,3.5,0.0,0.0,1.0
2026-04-18 11:00,SANLUIS,90.37,87.67,2.7,0.0,0.0,1.0
2026-04-18 12:00,SANLUIS,90.5,87.71,2.79,0.0,0.0,1.0
2026-04-18 13:00,SANLUIS,99.93,96.72,3.21,0.0,0.0,1.0
2026-04-18 14:00,SANLUIS,101.68,98.22,3.45,0.0,0.0,1.0
2026-04-18 15:00,SANLUIS,101.93,98.93,3.0,0.0,0.0,1.0
2026-04-18 16:00,SANLUIS,102.21,100.06,2.16,0.0,0.0,1.0
2026-04-18 17:00,SANLUIS,197.1,193.71,3.39,0.0,0.0,1.0
2026-04-18 18:00,SANLUIS,375.36,362.51,12.85,0.0,0.0,1.0
2026-04-18 19:00,SANLUIS,380.15,367.49,12.66,0.0,0.0,1.0
2026-04-18 20:00,SANLUIS,727.53,711.18,16.35,0.0,0.0,1.0
2026-04-18 21:00,SANLUIS,374.85,363.06,11.79,0.0,0.0,1.0
2026-04-18 22:00,SANLUIS,266.51,257.77,8.74,0.0,0.0,1.0
2026-04-18 23:00,SANLUIS,202.91,197.66,5.24,0.0,0.0,1.0
2026-04-18 00:00,TIJUANA,416.52,409.89,6.62,0.0,0.0,1.0
2026-04-18 01:00,TIJUANA,361.07,355.61,5.46,0.0,0.0,1.0
2026-04-18 02:00,TIJUANA,254.01,250.42,3.59,0.0,0.0,1.0
2026-04-18 03:00,TIJUANA,221.33,218.3,3.04,0.0,0.0,1.0
2026-04-18 04:00,TIJUANA,220.47,217.48,2.99,0.0,0.0,1.0
2026-04-18 05:00,TIJUANA,215.43,212.52,2.91,0.0,0.0,1.0
2026-04-18 06:00,TIJUANA,267.19,263.6,3.59,0.0,0.0,1.0
2026-04-18 07:00,TIJUANA,256.29,252.85,3.44,0.0,0.0,1.0
2026-04-18 08:00,TIJUANA,99.05,97.75,1.31,0.0,0.0,1.0
2026-04-18 09:00,TIJUANA,99.92,98.56,1.36,0.0,0.0,1.0
2026-04-18 10:00,TIJUANA,187.72,185.06,2.66,0.0,0.0,1.0
2026-04-18 11:00,TIJUANA,88.99,87.67,1.32,0.0,0.0,1.0
2026-04-18 12:00,TIJUANA,89.04,87.71,1.33,0.0,0.0,1.0
2026-04-18 13:00,TIJUANA,98.2,96.72,1.48,0.0,0.0,1.0
2026-04-18 14:00,TIJUANA,99.75,98.22,1.52,0.0,0.0,1.0
2026-04-18 15:00,TIJUANA,100.44,98.93,1.51,0.0,0.0,1.0
2026-04-18 16:00,TIJUANA,101.58,100.06,1.52,0.0,0.0,1.0
2026-04-18 17:00,TIJUANA,196.72,193.71,3.01,0.0,0.0,1.0
2026-04-18 18:00,TIJUANA,368.69,362.51,6.18,0.0,0.0,1.0
2026-04-18 19:00,TIJUANA,373.93,367.49,6.44,0.0,0.0,1.0
2026-04-18 20:00,TIJUANA,723.3,711.18,12.13,0.0,0.0,1.0
2026-04-18 21:00,TIJUANA,369.31,363.06,6.26,0.0,0.0,1.0
2026-04-18 22:00,TIJUANA,261.96,257.77,4.19,0.0,0.0,1.0
2026-04-18 23:00,TIJUANA,200.57,197.66,2.91,0.0,0.0,1.0
2026-04-19 00:00,ENSENADA,205.53,196.68,8.84,0.0,0.0,1.0
2026-04-19 01:00,ENSENADA,194.25,184.8,9.45,0.0,0.0,1.0
2026-04-19 02:00,ENSENADA,187.4,176.66,10.74,0.0,0.0,1.0
2026-04-19 03:00,ENSENADA,178.41,167.93,10.49,0.0,0.0,1.0
2026-04-19 04:00,ENSENADA,177.85,167.46,10.39,0.0,0.0,1.0
2026-04-19 05:00,ENSENADA,104.37,98.84,5.52,0.0,0.0,1.0
2026-04-19 06:00,ENSENADA,103.63,98.18,5.46,0.0,0.0,1.0
2026-04-19 07:00,ENSENADA,103.04,97.79,5.26,0.0,0.0,1.0
2026-04-19 08:00,ENSENADA,5768.73,98.81,5.69,5664.24,0.0,1.0
2026-04-19 09:00,ENSENADA,5772.19,98.97,6.57,5666.66,0.0,1.0
2026-04-19 10:00,ENSENADA,5775.14,98.35,6.23,5670.57,0.0,1.0
2026-04-19 11:00,ENSENADA,5783.23,198.65,12.89,5571.69,0.0,1.0
2026-04-19 12:00,ENSENADA,5790.18,211.17,13.53,5565.48,0.0,1.0
2026-04-19 13:00,ENSENADA,5786.61,202.19,13.25,5571.17,0.0,1.0
2026-04-19 14:00,ENSENADA,5793.17,323.37,21.59,5448.22,0.0,1.0
2026-04-19 15:00,ENSENADA,211.11,198.65,12.46,0.0,0.0,1.0
2026-04-19 16:00,ENSENADA,204.64,193.71,10.93,0.0,0.0,1.0
2026-04-19 17:00,ENSENADA,218.53,207.29,11.25,0.0,0.0,1.0
2026-04-19 18:00,ENSENADA,431.03,409.52,21.51,0.0,0.0,1.0
2026-04-19 19:00,ENSENADA,723.64,687.11,36.53,0.0,0.0,1.0
2026-04-19 20:00,ENSENADA,735.01,700.87,34.14,0.0,0.0,1.0
2026-04-19 21:00,ENSENADA,725.99,693.92,32.07,0.0,0.0,1.0
2026-04-19 22:00,ENSENADA,716.69,687.05,29.64,0.0,0.0,1.0
2026-04-19 23:00,ENSENADA,222.76,214.04,8.72,0.0,0.0,1.0
2026-04-19 00:00,MEXICALI,199.76,196.68,3.08,0.0,0.0,1.0
2026-04-19 01:00,MEXICALI,187.3,184.8,2.5,0.0,0.0,1.0
2026-04-19 02:00,MEXICALI,179.03,176.66,2.37,0.0,0.0,1.0
2026-04-19 03:00,MEXICALI,170.82,167.93,2.9,0.0,0.0,1.0
2026-04-19 04:00,MEXICALI,170.61,167.46,3.15,0.0,0.0,1.0
2026-04-19 05:00,MEXICALI,100.94,98.84,2.09,0.0,0.0,1.0
2026-04-19 06:00,MEXICALI,100.02,98.18,1.84,0.0,0.0,1.0
2026-04-19 07:00,MEXICALI,99.01,97.79,1.23,0.0,0.0,1.0
2026-04-19 08:00,MEXICALI,99.67,98.81,0.86,0.0,0.0,1.0
2026-04-19 09:00,MEXICALI,99.72,98.97,0.75,0.0,0.0,1.0
2026-04-19 10:00,MEXICALI,99.71,98.35,1.36,0.0,0.0,1.0
2026-04-19 11:00,MEXICALI,204.15,198.65,5.51,0.0,0.0,1.0
2026-04-19 12:00,MEXICALI,217.45,211.17,6.28,0.0,0.0,1.0
2026-04-19 13:00,MEXICALI,207.8,202.19,5.61,0.0,0.0,1.0
2026-04-19 14:00,MEXICALI,332.08,323.37,8.71,0.0,0.0,1.0
2026-04-19 15:00,MEXICALI,201.62,198.65,2.97,0.0,0.0,1.0
2026-04-19 16:00,MEXICALI,195.5,193.71,1.79,0.0,0.0,1.0
2026-04-19 17:00,MEXICALI,210.28,207.29,2.99,0.0,0.0,1.0
2026-04-19 18:00,MEXICALI,422.56,409.52,13.04,0.0,0.0,1.0
2026-04-19 19:00,MEXICALI,707.45,687.11,20.34,0.0,0.0,1.0
2026-04-19 20:00,MEXICALI,720.68,700.87,19.81,0.0,0.0,1.0
2026-04-19 21:00,MEXICALI,714.13,693.92,20.21,0.0,0.0,1.0
2026-04-19 22:00,MEXICALI,707.47,687.05,20.42,0.0,0.0,1.0
2026-04-19 23:00,MEXICALI,219.68,214.04,5.64,0.0,0.0,1.0
2026-04-19 00:00,SANLUIS,201.27,196.68,4.59,0.0,0.0,1.0
2026-04-19 01:00,SANLUIS,188.62,184.8,3.82,0.0,0.0,1.0
2026-04-19 02:00,SANLUIS,180.21,176.66,3.55,0.0,0.0,1.0
2026-04-19 03:00,SANLUIS,171.89,167.93,3.97,0.0,0.0,1.0
2026-04-19 04:00,SANLUIS,171.63,167.46,4.17,0.0,0.0,1.0
2026-04-19 05:00,SANLUIS,101.53,98.84,2.68,0.0,0.0,1.0
2026-04-19 06:00,SANLUIS,100.54,98.18,2.37,0.0,0.0,1.0
2026-04-19 07:00,SANLUIS,99.54,97.79,1.75,0.0,0.0,1.0
2026-04-19 08:00,SANLUIS,100.4,98.81,1.6,0.0,0.0,1.0
2026-04-19 09:00,SANLUIS,100.53,98.97,1.56,0.0,0.0,1.0
2026-04-19 10:00,SANLUIS,100.63,98.35,2.29,0.0,0.0,1.0
2026-04-19 11:00,SANLUIS,206.38,198.65,7.73,0.0,0.0,1.0
2026-04-19 12:00,SANLUIS,219.87,211.17,8.7,0.0,0.0,1.0
2026-04-19 13:00,SANLUIS,210.35,202.19,8.16,0.0,0.0,1.0
2026-04-19 14:00,SANLUIS,335.38,323.37,12.02,0.0,0.0,1.0
2026-04-19 15:00,SANLUIS,203.67,198.65,5.02,0.0,0.0,1.0
2026-04-19 16:00,SANLUIS,197.56,193.71,3.85,0.0,0.0,1.0
2026-04-19 17:00,SANLUIS,212.54,207.29,5.26,0.0,0.0,1.0
2026-04-19 18:00,SANLUIS,426.9,409.52,17.38,0.0,0.0,1.0
2026-04-19 19:00,SANLUIS,714.7,687.11,27.59,0.0,0.0,1.0
2026-04-19 20:00,SANLUIS,728.39,700.87,27.52,0.0,0.0,1.0
2026-04-19 21:00,SANLUIS,721.34,693.92,27.42,0.0,0.0,1.0
2026-04-19 22:00,SANLUIS,714.18,687.05,27.13,0.0,0.0,1.0
2026-04-19 23:00,SANLUIS,221.58,214.04,7.55,0.0,0.0,1.0
2026-04-19 00:00,TIJUANA,199.42,196.68,2.74,0.0,0.0,1.0
2026-04-19 01:00,TIJUANA,187.22,184.8,2.42,0.0,0.0,1.0
2026-04-19 02:00,TIJUANA,178.87,176.66,2.21,0.0,0.0,1.0
2026-04-19 03:00,TIJUANA,170.0,167.93,2.07,0.0,0.0,1.0
2026-04-19 04:00,TIJUANA,169.52,167.46,2.06,0.0,0.0,1.0
2026-04-19 05:00,TIJUANA,100.07,98.84,1.22,0.0,0.0,1.0
2026-04-19 06:00,TIJUANA,99.38,98.18,1.2,0.0,0.0,1.0
2026-04-19 07:00,TIJUANA,98.97,97.79,1.18,0.0,0.0,1.0
2026-04-19 08:00,TIJUANA,302.13,98.81,1.19,202.14,0.0,1.0
2026-04-19 09:00,TIJUANA,312.57,98.97,1.23,212.37,0.0,1.0
2026-04-19 10:00,TIJUANA,308.76,98.35,1.32,209.1,0.0,1.0
2026-04-19 11:00,TIJUANA,398.4,198.65,2.88,196.87,0.0,1.0
2026-04-19 12:00,TIJUANA,405.81,211.17,3.2,191.43,0.0,1.0
2026-04-19 13:00,TIJUANA,388.43,202.19,3.08,183.15,0.0,1.0
2026-04-19 14:00,TIJUANA,504.51,323.37,5.09,176.06,0.0,1.0
2026-04-19 15:00,TIJUANA,201.69,198.65,3.04,0.0,0.0,1.0
2026-04-19 16:00,TIJUANA,196.66,193.71,2.95,0.0,0.0,1.0
2026-04-19 17:00,TIJUANA,210.58,207.29,3.29,0.0,0.0,1.0
2026-04-19 18:00,TIJUANA,416.6,409.52,7.08,0.0,0.0,1.0
2026-04-19 19:00,TIJUANA,699.21,687.11,12.1,0.0,0.0,1.0
2026-04-19 20:00,TIJUANA,712.99,700.87,12.12,0.0,0.0,1.0
2026-04-19 21:00,TIJUANA,705.75,693.92,11.83,0.0,0.0,1.0
2026-04-19 22:00,TIJUANA,697.89,687.05,10.84,0.0,0.0,1.0
2026-04-19 23:00,TIJUANA,217.15,214.04,3.11,0.0,0.0,1.0
2026-04-20 00:00,ENSENADA,203.73,196.58,7.15,0.0,0.0,1.0
2026-04-20 01:00,ENSENADA,192.08,185.56,6.52,0.0,0.0,1.0
2026-04-20 02:00,ENSENADA,187.96,181.68,6.28,0.0,0.0,1.0
2026-04-20 03:00,ENSENADA,172.39,166.86,5.53,0.0,0.0,1.0
2026-04-20 04:00,ENSENADA,171.38,166.18,5.2,0.0,0.0,1.0
2026-04-20 05:00,ENSENADA,100.3,97.62,2.68,0.0,0.0,1.0
2026-04-20 06:00,ENSENADA,120.77,117.34,3.43,0.0,0.0,1.0
2026-04-20 07:00,ENSENADA,169.08,163.73,5.35,0.0,0.0,1.0
2026-04-20 08:00,ENSENADA,153.87,147.35,6.52,0.0,0.0,1.0
2026-04-20 09:00,ENSENADA,169.08,161.1,7.98,0.0,0.0,1.0
2026-04-20 10:00,ENSENADA,171.98,163.04,8.94,0.0,0.0,1.0
2026-04-20 11:00,ENSENADA,187.32,177.85,9.47,0.0,0.0,1.0
2026-04-20 12:00,ENSENADA,194.6,184.67,9.93,0.0,0.0,1.0
2026-04-20 13:00,ENSENADA,209.03,198.26,10.77,0.0,0.0,1.0
2026-04-20 14:00,ENSENADA,363.51,346.43,17.08,0.0,0.0,1.0
2026-04-20 15:00,ENSENADA,386.95,371.02,15.93,0.0,0.0,1.0
2026-04-20 16:00,ENSENADA,648.57,626.69,21.88,0.0,0.0,1.0
2026-04-20 17:00,ENSENADA,702.59,680.67,21.92,0.0,0.0,1.0
2026-04-20 18:00,ENSENADA,439.01,425.76,13.25,0.0,0.0,1.0
2026-04-20 19:00,ENSENADA,435.44,421.0,14.44,0.0,0.0,1.0
2026-04-20 20:00,ENSENADA,706.56,682.18,24.38,0.0,0.0,1.0
2026-04-20 21:00,ENSENADA,406.02,392.92,13.1,0.0,0.0,1.0
2026-04-20 22:00,ENSENADA,295.33,285.97,9.35,0.0,0.0,1.0
2026-04-20 23:00,ENSENADA,219.4,212.37,7.03,0.0,0.0,1.0
2026-04-20 00:00,MEXICALI,200.61,196.58,4.02,0.0,0.0,1.0
2026-04-20 01:00,MEXICALI,188.78,185.56,3.22,0.0,0.0,1.0
2026-04-20 02:00,MEXICALI,185.12,181.68,3.44,0.0,0.0,1.0
2026-04-20 03:00,MEXICALI,170.77,166.86,3.91,0.0,0.0,1.0
2026-04-20 04:00,MEXICALI,170.66,166.18,4.48,0.0,0.0,1.0
2026-04-20 05:00,MEXICALI,100.25,97.62,2.63,0.0,0.0,1.0
2026-04-20 06:00,MEXICALI,119.94,117.34,2.61,0.0,0.0,1.0
2026-04-20 07:00,MEXICALI,166.52,163.73,2.79,0.0,0.0,1.0
2026-04-20 08:00,MEXICALI,148.2,147.35,0.85,0.0,0.0,1.0
2026-04-20 09:00,MEXICALI,161.93,161.1,0.83,0.0,0.0,1.0
2026-04-20 10:00,MEXICALI,163.7,163.04,0.66,0.0,0.0,1.0
2026-04-20 11:00,MEXICALI,178.8,177.85,0.96,0.0,0.0,1.0
2026-04-20 12:00,MEXICALI,187.2,184.67,2.53,0.0,0.0,1.0
2026-04-20 13:00,MEXICALI,202.08,198.26,3.82,0.0,0.0,1.0
2026-04-20 14:00,MEXICALI,354.54,346.43,8.11,0.0,0.0,1.0
2026-04-20 15:00,MEXICALI,379.13,371.02,8.11,0.0,0.0,1.0
2026-04-20 16:00,MEXICALI,651.91,626.69,25.22,0.0,0.0,1.0
2026-04-20 17:00,MEXICALI,707.26,680.67,26.59,0.0,0.0,1.0
2026-04-20 18:00,MEXICALI,443.48,425.76,17.72,0.0,0.0,1.0
2026-04-20 19:00,MEXICALI,438.01,421.0,17.01,0.0,0.0,1.0
2026-04-20 20:00,MEXICALI,706.9,682.18,24.71,0.0,0.0,1.0
2026-04-20 21:00,MEXICALI,410.1,392.92,17.18,0.0,0.0,1.0
2026-04-20 22:00,MEXICALI,295.39,285.97,9.42,0.0,0.0,1.0
2026-04-20 23:00,MEXICALI,216.93,212.37,4.56,0.0,0.0,1.0
2026-04-20 00:00,SANLUIS,202.21,196.58,5.62,0.0,0.0,1.0
2026-04-20 01:00,SANLUIS,190.16,185.56,4.6,0.0,0.0,1.0
2026-04-20 02:00,SANLUIS,186.38,181.68,4.7,0.0,0.0,1.0
2026-04-20 03:00,SANLUIS,171.87,166.86,5.01,0.0,0.0,1.0
2026-04-20 04:00,SANLUIS,171.73,166.18,5.55,0.0,0.0,1.0
2026-04-20 05:00,SANLUIS,100.87,97.62,3.25,0.0,0.0,1.0
2026-04-20 06:00,SANLUIS,120.6,117.34,3.27,0.0,0.0,1.0
2026-04-20 07:00,SANLUIS,167.42,163.73,3.69,0.0,0.0,1.0
2026-04-20 08:00,SANLUIS,149.34,147.35,1.99,0.0,0.0,1.0
2026-04-20 09:00,SANLUIS,163.31,161.1,2.21,0.0,0.0,1.0
2026-04-20 10:00,SANLUIS,165.36,163.04,2.31,0.0,0.0,1.0
2026-04-20 11:00,SANLUIS,180.69,177.85,2.85,0.0,0.0,1.0
2026-04-20 12:00,SANLUIS,189.36,184.67,4.69,0.0,0.0,1.0
2026-04-20 13:00,SANLUIS,204.63,198.26,6.37,0.0,0.0,1.0
2026-04-20 14:00,SANLUIS,359.39,346.43,12.95,0.0,0.0,1.0
2026-04-20 15:00,SANLUIS,384.52,371.02,13.49,0.0,0.0,1.0
2026-04-20 16:00,SANLUIS,661.6,626.69,34.91,0.0,0.0,1.0
2026-04-20 17:00,SANLUIS,717.24,680.67,36.57,0.0,0.0,1.0
2026-04-20 18:00,SANLUIS,447.87,425.76,22.11,0.0,0.0,1.0
2026-04-20 19:00,SANLUIS,442.26,421.0,21.25,0.0,0.0,1.0
2026-04-20 20:00,SANLUIS,713.98,682.18,31.79,0.0,0.0,1.0
2026-04-20 21:00,SANLUIS,414.05,392.92,21.13,0.0,0.0,1.0
2026-04-20 22:00,SANLUIS,298.06,285.97,12.09,0.0,0.0,1.0
2026-04-20 23:00,SANLUIS,218.82,212.37,6.45,0.0,0.0,1.0
2026-04-20 00:00,TIJUANA,199.2,196.58,2.61,0.0,0.0,1.0
2026-04-20 01:00,TIJUANA,187.91,185.56,2.35,0.0,0.0,1.0
2026-04-20 02:00,TIJUANA,183.94,181.68,2.26,0.0,0.0,1.0
2026-04-20 03:00,TIJUANA,168.96,166.86,2.1,0.0,0.0,1.0
2026-04-20 04:00,TIJUANA,168.35,166.18,2.17,0.0,0.0,1.0
2026-04-20 05:00,TIJUANA,99.01,97.62,1.39,0.0,0.0,1.0
2026-04-20 06:00,TIJUANA,119.14,117.34,1.8,0.0,0.0,1.0
2026-04-20 07:00,TIJUANA,166.5,163.73,2.77,0.0,0.0,1.0
2026-04-20 08:00,TIJUANA,149.81,147.35,2.46,0.0,0.0,1.0
2026-04-20 09:00,TIJUANA,163.87,161.1,2.77,0.0,0.0,1.0
2026-04-20 10:00,TIJUANA,166.08,163.04,3.04,0.0,0.0,1.0
2026-04-20 11:00,TIJUANA,181.23,177.85,3.38,0.0,0.0,1.0
2026-04-20 12:00,TIJUANA,188.23,184.67,3.56,0.0,0.0,1.0
2026-04-20 13:00,TIJUANA,202.17,198.26,3.91,0.0,0.0,1.0
2026-04-20 14:00,TIJUANA,353.36,346.43,6.92,0.0,0.0,1.0
2026-04-20 15:00,TIJUANA,378.58,371.02,7.56,0.0,0.0,1.0
2026-04-20 16:00,TIJUANA,639.53,626.69,12.83,0.0,0.0,1.0
2026-04-20 17:00,TIJUANA,694.24,680.67,13.57,0.0,0.0,1.0
2026-04-20 18:00,TIJUANA,434.18,425.76,8.42,0.0,0.0,1.0
2026-04-20 19:00,TIJUANA,429.57,421.0,8.57,0.0,0.0,1.0
2026-04-20 20:00,TIJUANA,696.14,682.18,13.96,0.0,0.0,1.0
2026-04-20 21:00,TIJUANA,400.85,392.92,7.93,0.0,0.0,1.0
2026-04-20 22:00,TIJUANA,291.54,285.97,5.57,0.0,0.0,1.0
2026-04-20 23:00,TIJUANA,216.09,212.37,3.73,0.0,0.0,1.0
2026-04-21 00:00,ENSENADA,241.93,235.21,6.71,0.0,2.0,1.0
2026-04-21 01:00,ENSENADA,190.27,185.22,5.05,0.0,2.0,1.0
2026-04-21 02:00,ENSENADA,181.55,176.81,4.74,0.0,2.0,1.0
2026-04-21 03:00,ENSENADA,171.43,166.99,4.44,0.0,2.0,1.0
2026-04-21 04:00,ENSENADA,168.83,164.42,4.41,0.0,2.0,1.0
2026-04-21 05:00,ENSENADA,173.5,169.05,4.45,0.0,2.0,1.0
2026-04-21 06:00,ENSENADA,200.24,194.54,5.7,0.0,2.0,1.0
2026-04-21 07:00,ENSENADA,208.6,201.64,6.96,0.0,2.0,1.0
2026-04-21 08:00,ENSENADA,153.2,147.32,5.87,0.0,2.0,1.0
2026-04-21 09:00,ENSENADA,193.68,186.44,7.24,0.0,2.0,1.0
2026-04-21 10:00,ENSENADA,214.0,205.39,8.6,0.0,2.0,1.0
2026-04-21 11:00,ENSENADA,222.3,213.56,8.75,0.0,2.0,1.0
2026-04-21 12:00,ENSENADA,261.93,251.2,10.73,0.0,2.0,1.0
2026-04-21 13:00,ENSENADA,284.45,273.48,10.97,0.0,2.0,1.0
2026-04-21 14:00,ENSENADA,311.66,299.6,12.05,0.0,2.0,1.0
2026-04-21 15:00,ENSENADA,406.81,392.26,14.55,0.0,2.0,1.0
2026-04-21 16:00,ENSENADA,717.67,692.52,25.15,0.0,2.0,1.0
2026-04-21 17:00,ENSENADA,690.08,668.25,21.83,0.0,2.0,1.0
2026-04-21 18:00,ENSENADA,731.6,705.33,26.27,0.0,2.0,1.0
2026-04-21 19:00,ENSENADA,688.33,663.66,24.67,0.0,2.0,1.0
2026-04-21 20:00,ENSENADA,707.14,680.18,26.96,0.0,2.0,1.0
2026-04-21 21:00,ENSENADA,686.46,662.69,23.78,0.0,2.0,1.0
2026-04-21 22:00,ENSENADA,398.89,387.88,11.01,0.0,2.0,1.0
2026-04-21 23:00,ENSENADA,398.37,387.61,10.76,0.0,2.0,1.0
2026-04-21 00:00,MEXICALI,238.27,235.21,3.06,0.0,2.0,1.0
2026-04-21 01:00,MEXICALI,187.77,185.22,2.54,0.0,2.0,1.0
2026-04-21 02:00,MEXICALI,179.5,176.81,2.69,0.0,2.0,1.0
2026-04-21 03:00,MEXICALI,169.62,166.99,2.63,0.0,2.0,1.0
2026-04-21 04:00,MEXICALI,166.67,164.42,2.25,0.0,2.0,1.0
2026-04-21 05:00,MEXICALI,171.34,169.05,2.3,0.0,2.0,1.0
2026-04-21 06:00,MEXICALI,195.01,194.54,0.47,0.0,2.0,1.0
2026-04-21 07:00,MEXICALI,201.43,201.64,-0.21,0.0,2.0,1.0
2026-04-21 08:00,MEXICALI,142.47,147.32,-4.85,0.0,2.0,1.0
2026-04-21 09:00,MEXICALI,182.52,186.44,-3.92,0.0,2.0,1.0
2026-04-21 10:00,MEXICALI,200.65,205.39,-4.74,0.0,2.0,1.0
2026-04-21 11:00,MEXICALI,208.96,213.56,-4.6,0.0,2.0,1.0
2026-04-21 12:00,MEXICALI,246.45,251.2,-4.75,0.0,2.0,1.0
2026-04-21 13:00,MEXICALI,272.32,273.48,-1.16,0.0,2.0,1.0
2026-04-21 14:00,MEXICALI,299.86,299.6,0.25,0.0,2.0,1.0
2026-04-21 15:00,MEXICALI,397.52,392.26,5.26,0.0,2.0,1.0
2026-04-21 16:00,MEXICALI,703.19,692.52,10.67,0.0,2.0,1.0
2026-04-21 17:00,MEXICALI,686.04,668.25,17.78,0.0,2.0,1.0
2026-04-21 18:00,MEXICALI,711.16,705.33,5.83,0.0,2.0,1.0
2026-04-21 19:00,MEXICALI,677.9,663.66,14.24,0.0,2.0,1.0
2026-04-21 20:00,MEXICALI,694.15,680.18,13.97,0.0,2.0,1.0
2026-04-21 21:00,MEXICALI,677.89,662.69,15.2,0.0,2.0,1.0
2026-04-21 22:00,MEXICALI,395.34,387.88,7.46,0.0,2.0,1.0
2026-04-21 23:00,MEXICALI,394.96,387.61,7.35,0.0,2.0,1.0
2026-04-21 00:00,SANLUIS,240.14,235.21,4.93,0.0,2.0,1.0
2026-04-21 01:00,SANLUIS,189.07,185.22,3.85,0.0,2.0,1.0
2026-04-21 02:00,SANLUIS,180.69,176.81,3.88,0.0,2.0,1.0
2026-04-21 03:00,SANLUIS,170.61,166.99,3.62,0.0,2.0,1.0
2026-04-21 04:00,SANLUIS,167.57,164.42,3.15,0.0,2.0,1.0
2026-04-21 05:00,SANLUIS,172.29,169.05,3.24,0.0,2.0,1.0
2026-04-21 06:00,SANLUIS,195.96,194.54,1.42,0.0,2.0,1.0
2026-04-21 07:00,SANLUIS,202.45,201.64,0.81,0.0,2.0,1.0
2026-04-21 08:00,SANLUIS,143.22,147.32,-4.1,0.0,2.0,1.0
2026-04-21 09:00,SANLUIS,183.64,186.44,-2.79,0.0,2.0,1.0
2026-04-21 10:00,SANLUIS,202.06,205.39,-3.33,0.0,2.0,1.0
2026-04-21 11:00,SANLUIS,210.49,213.56,-3.07,0.0,2.0,1.0
2026-04-21 12:00,SANLUIS,248.46,251.2,-2.74,0.0,2.0,1.0
2026-04-21 13:00,SANLUIS,274.81,273.48,1.33,0.0,2.0,1.0
2026-04-21 14:00,SANLUIS,302.89,299.6,3.29,0.0,2.0,1.0
2026-04-21 15:00,SANLUIS,401.55,392.26,9.29,0.0,2.0,1.0
2026-04-21 16:00,SANLUIS,710.97,692.52,18.45,0.0,2.0,1.0
2026-04-21 17:00,SANLUIS,693.67,668.25,25.41,0.0,2.0,1.0
2026-04-21 18:00,SANLUIS,718.93,705.33,13.6,0.0,2.0,1.0
2026-04-21 19:00,SANLUIS,684.88,663.66,21.22,0.0,2.0,1.0
2026-04-21 20:00,SANLUIS,701.13,680.18,20.95,0.0,2.0,1.0
2026-04-21 21:00,SANLUIS,684.28,662.69,21.6,0.0,2.0,1.0
2026-04-21 22:00,SANLUIS,398.79,387.88,10.91,0.0,2.0,1.0
2026-04-21 23:00,SANLUIS,398.06,387.61,10.45,0.0,2.0,1.0
2026-04-21 00:00,TIJUANA,238.85,235.21,3.63,0.0,2.0,1.0
2026-04-21 01:00,TIJUANA,188.01,185.22,2.79,0.0,2.0,1.0
2026-04-21 02:00,TIJUANA,179.42,176.81,2.61,0.0,2.0,1.0
2026-04-21 03:00,TIJUANA,169.43,166.99,2.44,0.0,2.0,1.0
2026-04-21 04:00,TIJUANA,166.81,164.42,2.39,0.0,2.0,1.0
2026-04-21 05:00,TIJUANA,171.57,169.05,2.52,0.0,2.0,1.0
2026-04-21 06:00,TIJUANA,197.53,194.54,2.99,0.0,2.0,1.0
2026-04-21 07:00,TIJUANA,205.02,201.64,3.38,0.0,2.0,1.0
2026-04-21 08:00,TIJUANA,149.83,147.32,2.51,0.0,2.0,1.0
2026-04-21 09:00,TIJUANA,189.71,186.44,3.27,0.0,2.0,1.0
2026-04-21 10:00,TIJUANA,209.14,205.39,3.75,0.0,2.0,1.0
2026-04-21 11:00,TIJUANA,217.48,213.56,3.92,0.0,2.0,1.0
2026-04-21 12:00,TIJUANA,255.89,251.2,4.7,0.0,2.0,1.0
2026-04-21 13:00,TIJUANA,278.52,273.48,5.03,0.0,2.0,1.0
2026-04-21 14:00,TIJUANA,305.35,299.6,5.74,0.0,2.0,1.0
2026-04-21 15:00,TIJUANA,399.94,392.26,7.68,0.0,2.0,1.0
2026-04-21 16:00,TIJUANA,705.77,692.52,13.25,0.0,2.0,1.0
2026-04-21 17:00,TIJUANA,680.55,668.25,12.3,0.0,2.0,1.0
2026-04-21 18:00,TIJUANA,718.92,705.33,13.59,0.0,2.0,1.0
2026-04-21 19:00,TIJUANA,676.51,663.66,12.86,0.0,2.0,1.0
2026-04-21 20:00,TIJUANA,693.52,680.18,13.34,0.0,2.0,1.0
2026-04-21 21:00,TIJUANA,675.06,662.69,12.38,0.0,2.0,1.0
2026-04-21 22:00,TIJUANA,394.49,387.88,6.6,0.0,2.0,1.0
2026-04-21 23:00,TIJUANA,394.09,387.61,6.48,0.0,2.0,1.0
2026-04-22 00:00,ENSENADA,393.61,383.98,9.63,0.0,0.0,1.0
2026-04-22 01:00,ENSENADA,271.72,265.25,6.47,0.0,0.0,1.0
2026-04-22 02:00,ENSENADA,248.78,242.81,5.97,0.0,0.0,1.0
2026-04-22 03:00,ENSENADA,245.78,239.95,5.83,0.0,0.0,1.0
2026-04-22 04:00,ENSENADA,241.07,235.3,5.77,0.0,0.0,1.0
2026-04-22 05:00,ENSENADA,246.8,240.8,6.0,0.0,0.0,1.0
2026-04-22 06:00,ENSENADA,260.73,254.43,6.3,0.0,0.0,1.0
2026-04-22 07:00,ENSENADA,224.03,216.91,7.11,0.0,0.0,1.0
2026-04-22 08:00,ENSENADA,684.04,660.69,23.34,0.0,0.0,1.0
2026-04-22 09:00,ENSENADA,264.32,253.03,11.28,0.0,0.0,1.0
2026-04-22 10:00,ENSENADA,254.71,243.56,11.16,0.0,0.0,1.0
2026-04-22 11:00,ENSENADA,253.93,242.8,11.13,0.0,0.0,1.0
2026-04-22 12:00,ENSENADA,254.37,243.04,11.33,0.0,0.0,1.0
2026-04-22 13:00,ENSENADA,241.84,231.05,10.79,0.0,0.0,1.0
2026-04-22 14:00,ENSENADA,253.05,242.82,10.23,0.0,0.0,1.0
2026-04-22 15:00,ENSENADA,260.57,250.46,10.12,0.0,0.0,1.0
2026-04-22 16:00,ENSENADA,685.15,660.18,24.96,0.0,0.0,1.0
2026-04-22 17:00,ENSENADA,412.72,397.91,14.81,0.0,0.0,1.0
2026-04-22 18:00,ENSENADA,690.42,667.17,23.25,0.0,0.0,1.0
2026-04-22 19:00,ENSENADA,713.71,689.27,24.44,0.0,0.0,1.0
2026-04-22 20:00,ENSENADA,702.73,678.12,24.6,0.0,0.0,1.0
2026-04-22 21:00,ENSENADA,743.06,718.87,24.19,0.0,0.0,1.0
2026-04-22 22:00,ENSENADA,703.62,684.38,19.25,0.0,0.0,1.0
2026-04-22 23:00,ENSENADA,394.91,387.15,7.76,0.0,0.0,1.0
2026-04-22 00:00,MEXICALI,391.44,383.98,7.46,0.0,0.0,1.0
2026-04-22 01:00,MEXICALI,269.05,265.25,3.79,0.0,0.0,1.0
2026-04-22 02:00,MEXICALI,244.92,242.81,2.11,0.0,0.0,1.0
2026-04-22 03:00,MEXICALI,242.2,239.95,2.25,0.0,0.0,1.0
2026-04-22 04:00,MEXICALI,237.32,235.3,2.03,0.0,0.0,1.0
2026-04-22 05:00,MEXICALI,242.38,240.8,1.58,0.0,0.0,1.0
2026-04-22 06:00,MEXICALI,257.36,254.43,2.93,0.0,0.0,1.0
2026-04-22 07:00,MEXICALI,219.48,216.91,2.57,0.0,0.0,1.0
2026-04-22 08:00,MEXICALI,669.05,660.69,8.36,0.0,0.0,1.0
2026-04-22 09:00,MEXICALI,251.81,253.03,-1.23,0.0,0.0,1.0
2026-04-22 10:00,MEXICALI,241.43,243.56,-2.13,0.0,0.0,1.0
2026-04-22 11:00,MEXICALI,241.87,242.8,-0.94,0.0,0.0,1.0
2026-04-22 12:00,MEXICALI,242.3,243.04,-0.74,0.0,0.0,1.0
2026-04-22 13:00,MEXICALI,229.16,231.05,-1.89,0.0,0.0,1.0
2026-04-22 14:00,MEXICALI,242.2,242.82,-0.61,0.0,0.0,1.0
2026-04-22 15:00,MEXICALI,249.32,250.46,-1.13,0.0,0.0,1.0
2026-04-22 16:00,MEXICALI,669.36,660.18,9.18,0.0,0.0,1.0
2026-04-22 17:00,MEXICALI,410.48,397.91,12.57,0.0,0.0,1.0
2026-04-22 18:00,MEXICALI,693.36,667.17,26.18,0.0,0.0,1.0
2026-04-22 19:00,MEXICALI,712.68,689.27,23.41,0.0,0.0,1.0
2026-04-22 20:00,MEXICALI,703.56,678.12,25.44,0.0,0.0,1.0
2026-04-22 21:00,MEXICALI,734.4,718.87,15.53,0.0,0.0,1.0
2026-04-22 22:00,MEXICALI,704.26,684.38,19.88,0.0,0.0,1.0
2026-04-22 23:00,MEXICALI,402.22,387.15,15.06,0.0,0.0,1.0
2026-04-22 00:00,SANLUIS,394.21,383.98,10.24,0.0,0.0,1.0
2026-04-22 01:00,SANLUIS,270.77,265.25,5.52,0.0,0.0,1.0
2026-04-22 02:00,SANLUIS,246.37,242.81,3.56,0.0,0.0,1.0
2026-04-22 03:00,SANLUIS,243.53,239.95,3.58,0.0,0.0,1.0
2026-04-22 04:00,SANLUIS,238.57,235.3,3.28,0.0,0.0,1.0
2026-04-22 05:00,SANLUIS,243.61,240.8,2.81,0.0,0.0,1.0
2026-04-22 06:00,SANLUIS,258.58,254.43,4.15,0.0,0.0,1.0
2026-04-22 07:00,SANLUIS,220.47,216.91,3.56,0.0,0.0,1.0
2026-04-22 08:00,SANLUIS,671.95,660.69,11.26,0.0,0.0,1.0
2026-04-22 09:00,SANLUIS,252.18,253.03,-0.85,0.0,0.0,1.0
2026-04-22 10:00,SANLUIS,241.83,243.56,-1.73,0.0,0.0,1.0
2026-04-22 11:00,SANLUIS,242.46,242.8,-0.34,0.0,0.0,1.0
2026-04-22 12:00,SANLUIS,243.1,243.04,0.06,0.0,0.0,1.0
2026-04-22 13:00,SANLUIS,230.07,231.05,-0.98,0.0,0.0,1.0
2026-04-22 14:00,SANLUIS,243.38,242.82,0.56,0.0,0.0,1.0
2026-04-22 15:00,SANLUIS,250.64,250.46,0.19,0.0,0.0,1.0
2026-04-22 16:00,SANLUIS,673.49,660.18,13.31,0.0,0.0,1.0
2026-04-22 17:00,SANLUIS,413.44,397.91,15.53,0.0,0.0,1.0
2026-04-22 18:00,SANLUIS,699.29,667.17,32.12,0.0,0.0,1.0
2026-04-22 19:00,SANLUIS,718.74,689.27,29.47,0.0,0.0,1.0
2026-04-22 20:00,SANLUIS,709.93,678.12,31.81,0.0,0.0,1.0
2026-04-22 21:00,SANLUIS,741.04,718.87,22.17,0.0,0.0,1.0
2026-04-22 22:00,SANLUIS,710.26,684.38,25.89,0.0,0.0,1.0
2026-04-22 23:00,SANLUIS,405.34,387.15,18.19,0.0,0.0,1.0
2026-04-22 00:00,TIJUANA,389.51,383.98,5.53,0.0,0.0,1.0
2026-04-22 01:00,TIJUANA,268.83,265.25,3.58,0.0,0.0,1.0
2026-04-22 02:00,TIJUANA,245.96,242.81,3.15,0.0,0.0,1.0
2026-04-22 03:00,TIJUANA,243.06,239.95,3.11,0.0,0.0,1.0
2026-04-22 04:00,TIJUANA,238.36,235.3,3.07,0.0,0.0,1.0
2026-04-22 05:00,TIJUANA,244.02,240.8,3.22,0.0,0.0,1.0
2026-04-22 06:00,TIJUANA,258.07,254.43,3.64,0.0,0.0,1.0
2026-04-22 07:00,TIJUANA,220.38,216.91,3.47,0.0,0.0,1.0
2026-04-22 08:00,TIJUANA,671.26,660.69,10.57,0.0,0.0,1.0
2026-04-22 09:00,TIJUANA,257.23,253.03,4.19,0.0,0.0,1.0
2026-04-22 10:00,TIJUANA,247.57,243.56,4.01,0.0,0.0,1.0
2026-04-22 11:00,TIJUANA,246.89,242.8,4.09,0.0,0.0,1.0
2026-04-22 12:00,TIJUANA,247.15,243.04,4.11,0.0,0.0,1.0
2026-04-22 13:00,TIJUANA,234.96,231.05,3.91,0.0,0.0,1.0
2026-04-22 14:00,TIJUANA,247.0,242.82,4.18,0.0,0.0,1.0
2026-04-22 15:00,TIJUANA,254.76,250.46,4.3,0.0,0.0,1.0
2026-04-22 16:00,TIJUANA,671.8,660.18,11.62,0.0,0.0,1.0
2026-04-22 17:00,TIJUANA,405.1,397.91,7.19,0.0,0.0,1.0
2026-04-22 18:00,TIJUANA,679.13,667.17,11.96,0.0,0.0,1.0
2026-04-22 19:00,TIJUANA,701.79,689.27,12.52,0.0,0.0,1.0
2026-04-22 20:00,TIJUANA,690.63,678.12,12.51,0.0,0.0,1.0
2026-04-22 21:00,TIJUANA,731.26,718.87,12.39,0.0,0.0,1.0
2026-04-22 22:00,TIJUANA,695.43,684.38,11.06,0.0,0.0,1.0
2026-04-22 23:00,TIJUANA,393.07,387.15,5.91,0.0,0.0,1.0
2026-04-23 00:00,ENSENADA,333.99,327.66,6.33,0.0,0.0,1.0
2026-04-23 01:00,ENSENADA,277.88,272.25,5.64,0.0,0.0,1.0
2026-04-23 02:00,ENSENADA,244.54,239.3,5.24,0.0,0.0,1.0
2026-04-23 03:00,ENSENADA,239.46,234.4,5.07,0.0,0.0,1.0
2026-04-23 04:00,ENSENADA,239.5,234.4,5.1,0.0,0.0,1.0
2026-04-23 05:00,ENSENADA,247.25,242.01,5.24,0.0,0.0,1.0
2026-04-23 06:00,ENSENADA,262.95,257.13,5.81,0.0,0.0,1.0
2026-04-23 07:00,ENSENADA,239.86,232.04,7.82,0.0,0.0,1.0
2026-04-23 08:00,ENSENADA,215.74,206.79,8.96,0.0,0.0,1.0
2026-04-23 09:00,ENSENADA,226.44,216.21,10.23,0.0,0.0,1.0
2026-04-23 10:00,ENSENADA,215.06,204.85,10.22,0.0,0.0,1.0
2026-04-23 11:00,ENSENADA,263.91,251.46,12.45,0.0,0.0,1.0
2026-04-23 12:00,ENSENADA,235.94,224.44,11.5,0.0,0.0,1.0
2026-04-23 13:00,ENSENADA,294.43,280.48,13.95,0.0,0.0,1.0
2026-04-23 14:00,ENSENADA,293.75,279.92,13.83,0.0,0.0,1.0
2026-04-23 15:00,ENSENADA,357.96,342.05,15.91,0.0,0.0,1.0
2026-04-23 16:00,ENSENADA,401.38,384.36,17.02,0.0,0.0,1.0
2026-04-23 17:00,ENSENADA,667.73,640.57,27.16,0.0,0.0,1.0
2026-04-23 18:00,ENSENADA,711.99,686.45,25.55,0.0,0.0,1.0
2026-04-23 19:00,ENSENADA,674.06,655.28,18.78,0.0,0.0,1.0
2026-04-23 20:00,ENSENADA,692.21,672.22,19.99,0.0,0.0,1.0
2026-04-23 21:00,ENSENADA,674.73,656.85,17.88,0.0,0.0,1.0
2026-04-23 22:00,ENSENADA,653.45,638.83,14.63,0.0,0.0,1.0
2026-04-23 23:00,ENSENADA,384.75,377.5,7.25,0.0,0.0,1.0
2026-04-23 00:00,MEXICALI,338.69,327.66,11.03,0.0,0.0,1.0
2026-04-23 01:00,MEXICALI,277.7,272.25,5.45,0.0,0.0,1.0
2026-04-23 02:00,MEXICALI,242.17,239.3,2.88,0.0,0.0,1.0
2026-04-23 03:00,MEXICALI,237.06,234.4,2.67,0.0,0.0,1.0
2026-04-23 04:00,MEXICALI,237.01,234.4,2.61,0.0,0.0,1.0
2026-04-23 05:00,MEXICALI,244.85,242.01,2.84,0.0,0.0,1.0
2026-04-23 06:00,MEXICALI,260.41,257.13,3.28,0.0,0.0,1.0
2026-04-23 07:00,MEXICALI,231.27,232.04,-0.77,0.0,0.0,1.0
2026-04-23 08:00,MEXICALI,206.14,206.79,-0.64,0.0,0.0,1.0
2026-04-23 09:00,MEXICALI,214.81,216.21,-1.4,0.0,0.0,1.0
2026-04-23 10:00,MEXICALI,205.25,204.85,0.41,0.0,0.0,1.0
2026-04-23 11:00,MEXICALI,254.39,251.46,2.93,0.0,0.0,1.0
2026-04-23 12:00,MEXICALI,223.97,224.44,-0.48,0.0,0.0,1.0
2026-04-23 13:00,MEXICALI,284.4,280.48,3.92,0.0,0.0,1.0
2026-04-23 14:00,MEXICALI,284.18,279.92,4.26,0.0,0.0,1.0
2026-04-23 15:00,MEXICALI,351.11,342.05,9.06,0.0,0.0,1.0
2026-04-23 16:00,MEXICALI,395.1,384.36,10.74,0.0,0.0,1.0
2026-04-23 17:00,MEXICALI,660.69,640.57,20.12,0.0,0.0,1.0
2026-04-23 18:00,MEXICALI,699.7,686.45,13.25,0.0,0.0,1.0
2026-04-23 19:00,MEXICALI,675.77,655.28,20.5,0.0,0.0,1.0
2026-04-23 20:00,MEXICALI,691.15,672.22,18.93,0.0,0.0,1.0
2026-04-23 21:00,MEXICALI,675.71,656.85,18.86,0.0,0.0,1.0
2026-04-23 22:00,MEXICALI,660.57,638.83,21.75,0.0,0.0,1.0
2026-04-23 23:00,MEXICALI,390.73,377.5,13.23,0.0,0.0,1.0
2026-04-23 00:00,SANLUIS,341.11,327.66,13.45,0.0,0.0,1.0
2026-04-23 01:00,SANLUIS,279.46,272.25,7.21,0.0,0.0,1.0
2026-04-23 02:00,SANLUIS,243.53,239.3,4.24,0.0,0.0,1.0
2026-04-23 03:00,SANLUIS,238.34,234.4,3.94,0.0,0.0,1.0
2026-04-23 04:00,SANLUIS,238.26,234.4,3.85,0.0,0.0,1.0
2026-04-23 05:00,SANLUIS,246.13,242.01,4.12,0.0,0.0,1.0
2026-04-23 06:00,SANLUIS,261.58,257.13,4.45,0.0,0.0,1.0
2026-04-23 07:00,SANLUIS,231.97,232.04,-0.07,0.0,0.0,1.0
2026-04-23 08:00,SANLUIS,206.34,206.79,-0.45,0.0,0.0,1.0
2026-04-23 09:00,SANLUIS,215.12,216.21,-1.09,0.0,0.0,1.0
2026-04-23 10:00,SANLUIS,205.74,204.85,0.9,0.0,0.0,1.0
2026-04-23 11:00,SANLUIS,255.14,251.46,3.68,0.0,0.0,1.0
2026-04-23 12:00,SANLUIS,224.61,224.44,0.17,0.0,0.0,1.0
2026-04-23 13:00,SANLUIS,285.41,280.48,4.93,0.0,0.0,1.0
2026-04-23 14:00,SANLUIS,285.35,279.92,5.43,0.0,0.0,1.0
2026-04-23 15:00,SANLUIS,353.34,342.05,11.29,0.0,0.0,1.0
2026-04-23 16:00,SANLUIS,398.02,384.36,13.66,0.0,0.0,1.0
2026-04-23 17:00,SANLUIS,666.18,640.57,25.61,0.0,0.0,1.0
2026-04-23 18:00,SANLUIS,705.56,686.45,19.11,0.0,0.0,1.0
2026-04-23 19:00,SANLUIS,681.74,655.28,26.47,0.0,0.0,1.0
2026-04-23 20:00,SANLUIS,697.4,672.22,25.19,0.0,0.0,1.0
2026-04-23 21:00,SANLUIS,681.57,656.85,24.72,0.0,0.0,1.0
2026-04-23 22:00,SANLUIS,666.01,638.83,27.18,0.0,0.0,1.0
2026-04-23 23:00,SANLUIS,393.64,377.5,16.13,0.0,0.0,1.0
2026-04-23 00:00,TIJUANA,332.54,327.66,4.88,0.0,0.0,1.0
2026-04-23 01:00,TIJUANA,275.68,272.25,3.43,0.0,0.0,1.0
2026-04-23 02:00,TIJUANA,242.27,239.3,2.97,0.0,0.0,1.0
2026-04-23 03:00,TIJUANA,237.29,234.4,2.89,0.0,0.0,1.0
2026-04-23 04:00,TIJUANA,237.32,234.4,2.92,0.0,0.0,1.0
2026-04-23 05:00,TIJUANA,245.1,242.01,3.09,0.0,0.0,1.0
2026-04-23 06:00,TIJUANA,260.65,257.13,3.51,0.0,0.0,1.0
2026-04-23 07:00,TIJUANA,235.49,232.04,3.45,0.0,0.0,1.0
2026-04-23 08:00,TIJUANA,210.01,206.79,3.23,0.0,0.0,1.0
2026-04-23 09:00,TIJUANA,219.68,216.21,3.47,0.0,0.0,1.0
2026-04-23 10:00,TIJUANA,208.23,204.85,3.39,0.0,0.0,1.0
2026-04-23 11:00,TIJUANA,255.6,251.46,4.14,0.0,0.0,1.0
2026-04-23 12:00,TIJUANA,228.16,224.44,3.72,0.0,0.0,1.0
2026-04-23 13:00,TIJUANA,285.18,280.48,4.7,0.0,0.0,1.0
2026-04-23 14:00,TIJUANA,284.69,279.92,4.77,0.0,0.0,1.0
2026-04-23 15:00,TIJUANA,348.39,342.05,6.34,0.0,0.0,1.0
2026-04-23 16:00,TIJUANA,391.34,384.36,6.98,0.0,0.0,1.0
2026-04-23 17:00,TIJUANA,651.83,640.57,11.26,0.0,0.0,1.0
2026-04-23 18:00,TIJUANA,698.7,686.45,12.25,0.0,0.0,1.0
2026-04-23 19:00,TIJUANA,666.82,655.28,11.55,0.0,0.0,1.0
2026-04-23 20:00,TIJUANA,684.29,672.22,12.08,0.0,0.0,1.0
2026-04-23 21:00,TIJUANA,668.41,656.85,11.56,0.0,0.0,1.0
2026-04-23 22:00,TIJUANA,649.48,638.83,10.65,0.0,0.0,1.0
2026-04-23 23:00,TIJUANA,383.27,377.5,5.77,0.0,0.0,1.0
2026-04-24 00:00,ENSENADA,300.91,294.91,6.0,0.0,0.0,1.0
2026-04-24 01:00,ENSENADA,238.64,233.61,5.04,0.0,0.0,1.0
2026-04-24 02:00,ENSENADA,227.95,223.23,4.72,0.0,0.0,1.0
2026-04-24 03:00,ENSENADA,220.49,215.81,4.67,0.0,0.0,1.0
2026-04-24 04:00,ENSENADA,212.83,208.24,4.59,0.0,0.0,1.0
2026-04-24 05:00,ENSENADA,225.23,220.29,4.93,0.0,0.0,1.0
2026-04-24 06:00,ENSENADA,222.44,217.22,5.22,0.0,0.0,1.0
2026-04-24 07:00,ENSENADA,194.94,188.76,6.18,0.0,0.0,1.0
2026-04-24 08:00,ENSENADA,215.8,208.18,7.61,0.0,0.0,1.0
2026-04-24 09:00,ENSENADA,223.17,214.22,8.95,0.0,0.0,1.0
2026-04-24 10:00,ENSENADA,230.32,220.29,10.04,0.0,0.0,1.0
2026-04-24 11:00,ENSENADA,276.34,264.45,11.89,0.0,0.0,1.0
2026-04-24 12:00,ENSENADA,256.97,246.29,10.68,0.0,0.0,1.0
2026-04-24 13:00,ENSENADA,247.81,238.55,9.26,0.0,0.0,1.0
2026-04-24 14:00,ENSENADA,234.71,226.43,8.28,0.0,0.0,1.0
2026-04-24 15:00,ENSENADA,255.46,246.49,8.97,0.0,0.0,1.0
2026-04-24 16:00,ENSENADA,386.91,375.37,11.54,0.0,0.0,1.0
2026-04-24 17:00,ENSENADA,663.14,644.59,18.56,0.0,0.0,1.0
2026-04-24 18:00,ENSENADA,674.44,656.28,18.16,0.0,0.0,1.0
2026-04-24 19:00,ENSENADA,684.81,665.84,18.97,0.0,0.0,1.0
2026-04-24 20:00,ENSENADA,731.06,709.93,21.13,0.0,0.0,1.0
2026-04-24 21:00,ENSENADA,709.64,690.44,19.2,0.0,0.0,1.0
2026-04-24 22:00,ENSENADA,693.43,677.48,15.95,0.0,0.0,1.0
2026-04-24 23:00,ENSENADA,681.65,666.54,15.11,0.0,0.0,1.0
2026-04-24 00:00,MEXICALI,301.7,294.91,6.79,0.0,0.0,1.0
2026-04-24 01:00,MEXICALI,236.31,233.61,2.7,0.0,0.0,1.0
2026-04-24 02:00,MEXICALI,225.78,223.23,2.55,0.0,0.0,1.0
2026-04-24 03:00,MEXICALI,217.83,215.81,2.02,0.0,0.0,1.0
2026-04-24 04:00,MEXICALI,209.42,208.24,1.18,0.0,0.0,1.0
2026-04-24 05:00,MEXICALI,221.38,220.29,1.09,0.0,0.0,1.0
2026-04-24 06:00,MEXICALI,217.93,217.22,0.7,0.0,0.0,1.0
2026-04-24 07:00,MEXICALI,188.19,188.76,-0.57,0.0,0.0,1.0
2026-04-24 08:00,MEXICALI,209.59,208.18,1.41,0.0,0.0,1.0
2026-04-24 09:00,MEXICALI,215.09,214.22,0.86,0.0,0.0,1.0
2026-04-24 10:00,MEXICALI,221.11,220.29,0.82,0.0,0.0,1.0
2026-04-24 11:00,MEXICALI,267.94,264.45,3.49,0.0,0.0,1.0
2026-04-24 12:00,MEXICALI,248.13,246.29,1.84,0.0,0.0,1.0
2026-04-24 13:00,MEXICALI,240.85,238.55,2.3,0.0,0.0,1.0
2026-04-24 14:00,MEXICALI,229.71,226.43,3.27,0.0,0.0,1.0
2026-04-24 15:00,MEXICALI,251.17,246.49,4.68,0.0,0.0,1.0
2026-04-24 16:00,MEXICALI,387.37,375.37,12.01,0.0,0.0,1.0
2026-04-24 17:00,MEXICALI,662.23,644.59,17.65,0.0,0.0,1.0
2026-04-24 18:00,MEXICALI,670.08,656.28,13.8,0.0,0.0,1.0
2026-04-24 19:00,MEXICALI,677.02,665.84,11.19,0.0,0.0,1.0
2026-04-24 20:00,MEXICALI,722.0,709.93,12.07,0.0,0.0,1.0
2026-04-24 21:00,MEXICALI,702.58,690.44,12.14,0.0,0.0,1.0
2026-04-24 22:00,MEXICALI,692.23,677.48,14.75,0.0,0.0,1.0
2026-04-24 23:00,MEXICALI,682.34,666.54,15.8,0.0,0.0,1.0
2026-04-24 00:00,SANLUIS,303.66,294.91,8.75,0.0,0.0,1.0
2026-04-24 01:00,SANLUIS,237.65,233.61,4.05,0.0,0.0,1.0
2026-04-24 02:00,SANLUIS,226.98,223.23,3.75,0.0,0.0,1.0
2026-04-24 03:00,SANLUIS,218.9,215.81,3.08,0.0,0.0,1.0
2026-04-24 04:00,SANLUIS,210.43,208.24,2.19,0.0,0.0,1.0
2026-04-24 05:00,SANLUIS,222.45,220.29,2.15,0.0,0.0,1.0
2026-04-24 06:00,SANLUIS,218.81,217.22,1.59,0.0,0.0,1.0
2026-04-24 07:00,SANLUIS,188.93,188.76,0.17,0.0,0.0,1.0
2026-04-24 08:00,SANLUIS,210.56,208.18,2.37,0.0,0.0,1.0
2026-04-24 09:00,SANLUIS,216.03,214.22,1.8,0.0,0.0,1.0
2026-04-24 10:00,SANLUIS,222.71,220.29,2.42,0.0,0.0,1.0
2026-04-24 11:00,SANLUIS,269.54,264.45,5.09,0.0,0.0,1.0
2026-04-24 12:00,SANLUIS,249.72,246.29,3.44,0.0,0.0,1.0
2026-04-24 13:00,SANLUIS,242.54,238.55,3.99,0.0,0.0,1.0
2026-04-24 14:00,SANLUIS,231.63,226.43,5.2,0.0,0.0,1.0
2026-04-24 15:00,SANLUIS,254.28,246.49,7.79,0.0,0.0,1.0
2026-04-24 16:00,SANLUIS,392.5,375.37,17.14,0.0,0.0,1.0
2026-04-24 17:00,SANLUIS,671.39,644.59,26.8,0.0,0.0,1.0
2026-04-24 18:00,SANLUIS,679.32,656.28,23.04,0.0,0.0,1.0
2026-04-24 19:00,SANLUIS,685.93,665.84,20.09,0.0,0.0,1.0
2026-04-24 20:00,SANLUIS,731.51,709.93,21.58,0.0,0.0,1.0
2026-04-24 21:00,SANLUIS,711.6,690.44,21.17,0.0,0.0,1.0
2026-04-24 22:00,SANLUIS,701.09,677.48,23.61,0.0,0.0,1.0
2026-04-24 23:00,SANLUIS,690.28,666.54,23.74,0.0,0.0,1.0
2026-04-24 00:00,TIJUANA,299.3,294.91,4.39,0.0,0.0,1.0
2026-04-24 01:00,TIJUANA,236.59,233.61,2.98,0.0,0.0,1.0
2026-04-24 02:00,TIJUANA,226.0,223.23,2.77,0.0,0.0,1.0
2026-04-24 03:00,TIJUANA,218.45,215.81,2.64,0.0,0.0,1.0
2026-04-24 04:00,TIJUANA,210.79,208.24,2.55,0.0,0.0,1.0
2026-04-24 05:00,TIJUANA,223.04,220.29,2.74,0.0,0.0,1.0
2026-04-24 06:00,TIJUANA,220.12,217.22,2.9,0.0,0.0,1.0
2026-04-24 07:00,TIJUANA,191.47,188.76,2.71,0.0,0.0,1.0
2026-04-24 08:00,TIJUANA,211.41,208.18,3.23,0.0,0.0,1.0
2026-04-24 09:00,TIJUANA,217.59,214.22,3.37,0.0,0.0,1.0
2026-04-24 10:00,TIJUANA,223.77,220.29,3.48,0.0,0.0,1.0
2026-04-24 11:00,TIJUANA,268.69,264.45,4.24,0.0,0.0,1.0
2026-04-24 12:00,TIJUANA,250.38,246.29,4.09,0.0,0.0,1.0
2026-04-24 13:00,TIJUANA,242.57,238.55,4.02,0.0,0.0,1.0
2026-04-24 14:00,TIJUANA,230.36,226.43,3.93,0.0,0.0,1.0
2026-04-24 15:00,TIJUANA,250.78,246.49,4.28,0.0,0.0,1.0
2026-04-24 16:00,TIJUANA,382.14,375.37,6.78,0.0,0.0,1.0
2026-04-24 17:00,TIJUANA,655.38,644.59,10.79,0.0,0.0,1.0
2026-04-24 18:00,TIJUANA,666.68,656.28,10.4,0.0,0.0,1.0
2026-04-24 19:00,TIJUANA,676.58,665.84,10.74,0.0,0.0,1.0
2026-04-24 20:00,TIJUANA,721.53,709.93,11.6,0.0,0.0,1.0
2026-04-24 21:00,TIJUANA,701.38,690.44,10.95,0.0,0.0,1.0
2026-04-24 22:00,TIJUANA,687.83,677.48,10.36,0.0,0.0,1.0
2026-04-24 23:00,TIJUANA,676.34,666.54,9.8,0.0,0.0,1.0
2026-04-25 00:00,ENSENADA,712.69,697.47,15.22,0.0,0.0,1.0
2026-04-25 01:00,ENSENADA,239.72,234.66,5.06,0.0,0.0,1.0
2026-04-25 02:00,ENSENADA,215.8,211.05,4.75,0.0,0.0,1.0
2026-04-25 03:00,ENSENADA,210.91,206.28,4.64,0.0,0.0,1.0
2026-04-25 04:00,ENSENADA,205.62,201.18,4.44,0.0,0.0,1.0
2026-04-25 05:00,ENSENADA,205.68,201.16,4.52,0.0,0.0,1.0
2026-04-25 06:00,ENSENADA,194.25,189.73,4.52,0.0,0.0,1.0
2026-04-25 07:00,ENSENADA,191.67,185.91,5.76,0.0,0.0,1.0
2026-04-25 08:00,ENSENADA,192.24,185.89,6.35,0.0,0.0,1.0
2026-04-25 09:00,ENSENADA,198.05,191.07,6.98,0.0,0.0,1.0
2026-04-25 10:00,ENSENADA,204.53,196.16,8.38,0.0,0.0,1.0
2026-04-25 11:00,ENSENADA,216.32,206.24,10.08,0.0,0.0,1.0
2026-04-25 12:00,ENSENADA,218.66,207.95,10.71,0.0,0.0,1.0
2026-04-25 13:00,ENSENADA,219.52,208.76,10.76,0.0,0.0,1.0
2026-04-25 14:00,ENSENADA,220.02,211.34,8.68,0.0,0.0,1.0
2026-04-25 15:00,ENSENADA,332.05,320.64,11.41,0.0,0.0,1.0
2026-04-25 16:00,ENSENADA,356.98,345.29,11.69,0.0,0.0,1.0
2026-04-25 17:00,ENSENADA,215.26,207.55,7.71,0.0,0.0,1.0
2026-04-25 18:00,ENSENADA,224.85,216.86,7.99,0.0,0.0,1.0
2026-04-25 19:00,ENSENADA,224.71,216.51,8.2,0.0,0.0,1.0
2026-04-25 20:00,ENSENADA,329.23,315.98,13.25,0.0,0.0,1.0
2026-04-25 21:00,ENSENADA,333.79,321.07,12.72,0.0,0.0,1.0
2026-04-25 22:00,ENSENADA,230.84,223.66,7.18,0.0,0.0,1.0
2026-04-25 23:00,ENSENADA,212.46,206.35,6.11,0.0,0.0,1.0
2026-04-25 00:00,MEXICALI,708.22,697.47,10.75,0.0,0.0,1.0
2026-04-25 01:00,MEXICALI,238.03,234.66,3.37,0.0,0.0,1.0
2026-04-25 02:00,MEXICALI,213.56,211.05,2.51,0.0,0.0,1.0
2026-04-25 03:00,MEXICALI,208.99,206.28,2.72,0.0,0.0,1.0
2026-04-25 04:00,MEXICALI,203.78,201.18,2.6,0.0,0.0,1.0
2026-04-25 05:00,MEXICALI,203.68,201.16,2.52,0.0,0.0,1.0
2026-04-25 06:00,MEXICALI,190.55,189.73,0.82,0.0,0.0,1.0
2026-04-25 07:00,MEXICALI,185.33,185.91,-0.58,0.0,0.0,1.0
2026-04-25 08:00,MEXICALI,184.66,185.89,-1.24,0.0,0.0,1.0
2026-04-25 09:00,MEXICALI,189.98,191.07,-1.1,0.0,0.0,1.0
2026-04-25 10:00,MEXICALI,195.22,196.16,-0.93,0.0,0.0,1.0
2026-04-25 11:00,MEXICALI,204.43,206.24,-1.82,0.0,0.0,1.0
2026-04-25 12:00,MEXICALI,205.54,207.95,-2.41,0.0,0.0,1.0
2026-04-25 13:00,MEXICALI,206.53,208.76,-2.23,0.0,0.0,1.0
2026-04-25 14:00,MEXICALI,209.09,211.34,-2.25,0.0,0.0,1.0
2026-04-25 15:00,MEXICALI,319.08,320.64,-1.56,0.0,0.0,1.0
2026-04-25 16:00,MEXICALI,344.44,345.29,-0.85,0.0,0.0,1.0
2026-04-25 17:00,MEXICALI,206.83,207.55,-0.72,0.0,0.0,1.0
2026-04-25 18:00,MEXICALI,216.99,216.86,0.13,0.0,0.0,1.0
2026-04-25 19:00,MEXICALI,216.05,216.51,-0.45,0.0,0.0,1.0
2026-04-25 20:00,MEXICALI,316.58,315.98,0.61,0.0,0.0,1.0
2026-04-25 21:00,MEXICALI,322.65,321.07,1.58,0.0,0.0,1.0
2026-04-25 22:00,MEXICALI,224.53,223.66,0.87,0.0,0.0,1.0
2026-04-25 23:00,MEXICALI,206.52,206.35,0.17,0.0,0.0,1.0
2026-04-25 00:00,SANLUIS,715.33,697.47,17.86,0.0,0.0,1.0
2026-04-25 01:00,SANLUIS,240.21,234.66,5.55,0.0,0.0,1.0
2026-04-25 02:00,SANLUIS,215.35,211.05,4.31,0.0,0.0,1.0
2026-04-25 03:00,SANLUIS,210.59,206.28,4.31,0.0,0.0,1.0
2026-04-25 04:00,SANLUIS,205.31,201.18,4.14,0.0,0.0,1.0
2026-04-25 05:00,SANLUIS,205.16,201.16,4.0,0.0,0.0,1.0
2026-04-25 06:00,SANLUIS,191.78,189.73,2.05,0.0,0.0,1.0
2026-04-25 07:00,SANLUIS,186.4,185.91,0.48,0.0,0.0,1.0
2026-04-25 08:00,SANLUIS,185.73,185.89,-0.16,0.0,0.0,1.0
2026-04-25 09:00,SANLUIS,191.12,191.07,0.04,0.0,0.0,1.0
2026-04-25 10:00,SANLUIS,196.47,196.16,0.31,0.0,0.0,1.0
2026-04-25 11:00,SANLUIS,205.83,206.24,-0.42,0.0,0.0,1.0
2026-04-25 12:00,SANLUIS,207.11,207.95,-0.84,0.0,0.0,1.0
2026-04-25 13:00,SANLUIS,208.27,208.76,-0.49,0.0,0.0,1.0
2026-04-25 14:00,SANLUIS,211.03,211.34,-0.31,0.0,0.0,1.0
2026-04-25 15:00,SANLUIS,322.46,320.64,1.81,0.0,0.0,1.0
2026-04-25 16:00,SANLUIS,348.39,345.29,3.1,0.0,0.0,1.0
2026-04-25 17:00,SANLUIS,209.13,207.55,1.58,0.0,0.0,1.0
2026-04-25 18:00,SANLUIS,219.44,216.86,2.58,0.0,0.0,1.0
2026-04-25 19:00,SANLUIS,218.39,216.51,1.89,0.0,0.0,1.0
2026-04-25 20:00,SANLUIS,319.99,315.98,4.02,0.0,0.0,1.0
2026-04-25 21:00,SANLUIS,325.86,321.07,4.79,0.0,0.0,1.0
2026-04-25 22:00,SANLUIS,226.54,223.66,2.89,0.0,0.0,1.0
2026-04-25 23:00,SANLUIS,208.2,206.35,1.85,0.0,0.0,1.0
2026-04-25 00:00,TIJUANA,707.38,697.47,9.91,0.0,0.0,1.0
2026-04-25 01:00,TIJUANA,237.53,234.66,2.87,0.0,0.0,1.0
2026-04-25 02:00,TIJUANA,213.59,211.05,2.54,0.0,0.0,1.0
2026-04-25 03:00,TIJUANA,208.74,206.28,2.46,0.0,0.0,1.0
2026-04-25 04:00,TIJUANA,203.55,201.18,2.37,0.0,0.0,1.0
2026-04-25 05:00,TIJUANA,203.55,201.16,2.39,0.0,0.0,1.0
2026-04-25 06:00,TIJUANA,191.95,189.73,2.23,0.0,0.0,1.0
2026-04-25 07:00,TIJUANA,188.17,185.91,2.25,0.0,0.0,1.0
2026-04-25 08:00,TIJUANA,188.26,185.89,2.37,0.0,0.0,1.0
2026-04-25 09:00,TIJUANA,193.7,191.07,2.63,0.0,0.0,1.0
2026-04-25 10:00,TIJUANA,198.92,196.16,2.76,0.0,0.0,1.0
2026-04-25 11:00,TIJUANA,209.16,206.24,2.91,0.0,0.0,1.0
2026-04-25 12:00,TIJUANA,210.9,207.95,2.95,0.0,0.0,1.0
2026-04-25 13:00,TIJUANA,211.69,208.76,2.93,0.0,0.0,1.0
2026-04-25 14:00,TIJUANA,214.29,211.34,2.96,0.0,0.0,1.0
2026-04-25 15:00,TIJUANA,324.93,320.64,4.29,0.0,0.0,1.0
2026-04-25 16:00,TIJUANA,349.75,345.29,4.47,0.0,0.0,1.0
2026-04-25 17:00,TIJUANA,210.46,207.55,2.91,0.0,0.0,1.0
2026-04-25 18:00,TIJUANA,219.94,216.86,3.08,0.0,0.0,1.0
2026-04-25 19:00,TIJUANA,219.69,216.51,3.18,0.0,0.0,1.0
2026-04-25 20:00,TIJUANA,320.65,315.98,4.68,0.0,0.0,1.0
2026-04-25 21:00,TIJUANA,325.62,321.07,4.55,0.0,0.0,1.0
2026-04-25 22:00,TIJUANA,226.66,223.66,3.0,0.0,0.0,1.0
2026-04-25 23:00,TIJUANA,208.95,206.35,2.6,0.0,0.0,1.0
2026-04-26 00:00,ENSENADA,193.0,187.78,5.23,0.0,0.0,1.0
2026-04-26 01:00,ENSENADA,184.45,179.9,4.56,0.0,0.0,1.0
2026-04-26 02:00,ENSENADA,175.51,170.83,4.68,0.0,0.0,1.0
2026-04-26 03:00,ENSENADA,168.27,163.3,4.97,0.0,0.0,1.0
2026-04-26 04:00,ENSENADA,154.45,149.63,4.82,0.0,0.0,1.0
2026-04-26 05:00,ENSENADA,154.42,149.49,4.93,0.0,0.0,1.0
2026-04-26 06:00,ENSENADA,122.79,118.58,4.21,0.0,0.0,1.0
2026-04-26 07:00,ENSENADA,154.72,149.55,5.17,0.0,0.0,1.0
2026-04-26 08:00,ENSENADA,102.93,99.11,3.82,0.0,0.0,1.0
2026-04-26 09:00,ENSENADA,102.99,99.09,3.9,0.0,0.0,1.0
2026-04-26 10:00,ENSENADA,102.27,98.42,3.84,0.0,0.0,1.0
2026-04-26 11:00,ENSENADA,101.91,98.12,3.78,0.0,0.0,1.0
2026-04-26 12:00,ENSENADA,101.25,97.81,3.45,0.0,0.0,1.0
2026-04-26 13:00,ENSENADA,101.32,97.63,3.69,0.0,0.0,1.0
2026-04-26 14:00,ENSENADA,91.16,87.89,3.27,0.0,0.0,1.0
2026-04-26 15:00,ENSENADA,91.43,88.23,3.2,0.0,0.0,1.0
2026-04-26 16:00,ENSENADA,92.2,89.03,3.17,0.0,0.0,1.0
2026-04-26 17:00,ENSENADA,101.26,98.11,3.15,0.0,0.0,1.0
2026-04-26 18:00,ENSENADA,167.91,163.22,4.69,0.0,0.0,1.0
2026-04-26 19:00,ENSENADA,173.85,168.69,5.17,0.0,0.0,1.0
2026-04-26 20:00,ENSENADA,191.36,185.3,6.06,0.0,0.0,1.0
2026-04-26 21:00,ENSENADA,187.3,180.88,6.42,0.0,0.0,1.0
2026-04-26 22:00,ENSENADA,172.84,167.68,5.16,0.0,0.0,1.0
2026-04-26 23:00,ENSENADA,120.82,117.6,3.23,0.0,0.0,1.0
2026-04-26 00:00,MEXICALI,187.18,187.78,-0.6,0.0,0.0,1.0
2026-04-26 01:00,MEXICALI,178.95,179.9,-0.95,0.0,0.0,1.0
2026-04-26 02:00,MEXICALI,170.68,170.83,-0.15,0.0,0.0,1.0
2026-04-26 03:00,MEXICALI,163.04,163.3,-0.26,0.0,0.0,1.0
2026-04-26 04:00,MEXICALI,149.25,149.63,-0.38,0.0,0.0,1.0
2026-04-26 05:00,MEXICALI,149.27,149.49,-0.22,0.0,0.0,1.0
2026-04-26 06:00,MEXICALI,117.97,118.58,-0.62,0.0,0.0,1.0
2026-04-26 07:00,MEXICALI,148.88,149.55,-0.67,0.0,0.0,1.0
2026-04-26 08:00,MEXICALI,98.27,99.11,-0.84,0.0,0.0,1.0
2026-04-26 09:00,MEXICALI,98.26,99.09,-0.83,0.0,0.0,1.0
2026-04-26 10:00,MEXICALI,98.01,98.42,-0.41,0.0,0.0,1.0
2026-04-26 11:00,MEXICALI,98.2,98.12,0.08,0.0,0.0,1.0
2026-04-26 12:00,MEXICALI,98.24,97.81,0.44,0.0,0.0,1.0
2026-04-26 13:00,MEXICALI,98.29,97.63,0.66,0.0,0.0,1.0
2026-04-26 14:00,MEXICALI,89.42,87.89,1.52,0.0,0.0,1.0
2026-04-26 15:00,MEXICALI,89.42,88.23,1.19,0.0,0.0,1.0
2026-04-26 16:00,MEXICALI,89.76,89.03,0.73,0.0,0.0,1.0
2026-04-26 17:00,MEXICALI,98.75,98.11,0.64,0.0,0.0,1.0
2026-04-26 18:00,MEXICALI,164.81,163.22,1.59,0.0,0.0,1.0
2026-04-26 19:00,MEXICALI,170.23,168.69,1.55,0.0,0.0,1.0
2026-04-26 20:00,MEXICALI,186.49,185.3,1.19,0.0,0.0,1.0
2026-04-26 21:00,MEXICALI,182.05,180.88,1.16,0.0,0.0,1.0
2026-04-26 22:00,MEXICALI,170.11,167.68,2.43,0.0,0.0,1.0
2026-04-26 23:00,MEXICALI,119.2,117.6,1.6,0.0,0.0,1.0
2026-04-26 00:00,SANLUIS,188.46,187.78,0.68,0.0,0.0,1.0
2026-04-26 01:00,SANLUIS,180.03,179.9,0.13,0.0,0.0,1.0
2026-04-26 02:00,SANLUIS,171.63,170.83,0.8,0.0,0.0,1.0
2026-04-26 03:00,SANLUIS,163.89,163.3,0.59,0.0,0.0,1.0
2026-04-26 04:00,SANLUIS,149.99,149.63,0.36,0.0,0.0,1.0
2026-04-26 05:00,SANLUIS,149.98,149.49,0.49,0.0,0.0,1.0
2026-04-26 06:00,SANLUIS,118.44,118.58,-0.14,0.0,0.0,1.0
2026-04-26 07:00,SANLUIS,149.42,149.55,-0.13,0.0,0.0,1.0
2026-04-26 08:00,SANLUIS,98.6,99.11,-0.51,0.0,0.0,1.0
2026-04-26 09:00,SANLUIS,98.64,99.09,-0.45,0.0,0.0,1.0
2026-04-26 10:00,SANLUIS,98.46,98.42,0.04,0.0,0.0,1.0
2026-04-26 11:00,SANLUIS,98.73,98.12,0.61,0.0,0.0,1.0
2026-04-26 12:00,SANLUIS,98.83,97.81,1.02,0.0,0.0,1.0
2026-04-26 13:00,SANLUIS,98.93,97.63,1.3,0.0,0.0,1.0
2026-04-26 14:00,SANLUIS,90.08,87.89,2.18,0.0,0.0,1.0
2026-04-26 15:00,SANLUIS,90.1,88.23,1.87,0.0,0.0,1.0
2026-04-26 16:00,SANLUIS,90.45,89.03,1.42,0.0,0.0,1.0
2026-04-26 17:00,SANLUIS,99.54,98.11,1.43,0.0,0.0,1.0
2026-04-26 18:00,SANLUIS,166.12,163.22,2.9,0.0,0.0,1.0
2026-04-26 19:00,SANLUIS,171.61,168.69,2.93,0.0,0.0,1.0
2026-04-26 20:00,SANLUIS,188.13,185.3,2.83,0.0,0.0,1.0
2026-04-26 21:00,SANLUIS,183.57,180.88,2.69,0.0,0.0,1.0
2026-04-26 22:00,SANLUIS,171.42,167.68,3.74,0.0,0.0,1.0
2026-04-26 23:00,SANLUIS,120.01,117.6,2.41,0.0,0.0,1.0
2026-04-26 00:00,TIJUANA,189.97,187.78,2.19,0.0,0.0,1.0
2026-04-26 01:00,TIJUANA,181.84,179.9,1.95,0.0,0.0,1.0
2026-04-26 02:00,TIJUANA,172.63,170.83,1.8,0.0,0.0,1.0
2026-04-26 03:00,TIJUANA,164.96,163.3,1.66,0.0,0.0,1.0
2026-04-26 04:00,TIJUANA,151.11,149.63,1.48,0.0,0.0,1.0
2026-04-26 05:00,TIJUANA,150.98,149.49,1.49,0.0,0.0,1.0
2026-04-26 06:00,TIJUANA,119.71,118.58,1.13,0.0,0.0,1.0
2026-04-26 07:00,TIJUANA,151.03,149.55,1.48,0.0,0.0,1.0
2026-04-26 08:00,TIJUANA,100.11,99.11,1.0,0.0,0.0,1.0
2026-04-26 09:00,TIJUANA,100.33,99.09,1.24,0.0,0.0,1.0
2026-04-26 10:00,TIJUANA,99.72,98.42,1.3,0.0,0.0,1.0
2026-04-26 11:00,TIJUANA,99.45,98.12,1.33,0.0,0.0,1.0
2026-04-26 12:00,TIJUANA,99.16,97.81,1.36,0.0,0.0,1.0
2026-04-26 13:00,TIJUANA,99.01,97.63,1.38,0.0,0.0,1.0
2026-04-26 14:00,TIJUANA,89.24,87.89,1.35,0.0,0.0,1.0
2026-04-26 15:00,TIJUANA,89.64,88.23,1.41,0.0,0.0,1.0
2026-04-26 16:00,TIJUANA,90.47,89.03,1.45,0.0,0.0,1.0
2026-04-26 17:00,TIJUANA,99.74,98.11,1.63,0.0,0.0,1.0
2026-04-26 18:00,TIJUANA,166.04,163.22,2.82,0.0,0.0,1.0
2026-04-26 19:00,TIJUANA,171.3,168.69,2.61,0.0,0.0,1.0
2026-04-26 20:00,TIJUANA,188.24,185.3,2.94,0.0,0.0,1.0
2026-04-26 21:00,TIJUANA,183.68,180.88,2.8,0.0,0.0,1.0
2026-04-26 22:00,TIJUANA,170.1,167.68,2.42,0.0,0.0,1.0
2026-04-26 23:00,TIJUANA,119.14,117.6,1.55,0.0,0.0,1.0
2026-04-27 00:00,ENSENADA,99.75,97.25,2.5,0.0,0.0,1.0
2026-04-27 01:00,ENSENADA,93.95,91.48,2.47,0.0,0.0,1.0
2026-04-27 02:00,ENSENADA,90.6,88.28,2.32,0.0,0.0,1.0
2026-04-27 03:00,ENSENADA,90.44,88.17,2.27,0.0,0.0,1.0
2026-04-27 04:00,ENSENADA,93.87,91.49,2.38,0.0,0.0,1.0
2026-04-27 05:00,ENSENADA,99.68,97.32,2.35,0.0,0.0,1.0
2026-04-27 06:00,ENSENADA,121.14,118.21,2.93,0.0,0.0,1.0
2026-04-27 07:00,ENSENADA,122.57,118.91,3.66,0.0,0.0,1.0
2026-04-27 08:00,ENSENADA,103.97,100.0,3.98,0.0,0.0,1.0
2026-04-27 09:00,ENSENADA,104.02,99.82,4.2,0.0,0.0,1.0
2026-04-27 10:00,ENSENADA,105.27,100.35,4.93,0.0,0.0,1.0
2026-04-27 11:00,ENSENADA,105.51,100.26,5.25,0.0,0.0,1.0
2026-04-27 12:00,ENSENADA,97.48,92.5,4.98,0.0,0.0,1.0
2026-04-27 13:00,ENSENADA,97.31,92.11,5.2,0.0,0.0,1.0
2026-04-27 14:00,ENSENADA,97.86,93.36,4.5,0.0,0.0,1.0
2026-04-27 15:00,ENSENADA,97.78,93.72,4.06,0.0,0.0,1.0
2026-04-27 16:00,ENSENADA,103.16,99.0,4.16,0.0,0.0,1.0
2026-04-27 17:00,ENSENADA,187.8,180.99,6.81,0.0,0.0,1.0
2026-04-27 18:00,ENSENADA,204.54,198.11,6.43,0.0,0.0,1.0
2026-04-27 19:00,ENSENADA,218.72,211.55,7.17,0.0,0.0,1.0
2026-04-27 20:00,ENSENADA,315.21,305.28,9.93,0.0,0.0,1.0
2026-04-27 21:00,ENSENADA,304.91,295.87,9.05,0.0,0.0,1.0
2026-04-27 22:00,ENSENADA,201.53,196.23,5.29,0.0,0.0,1.0
2026-04-27 23:00,ENSENADA,191.49,186.05,5.44,0.0,0.0,1.0
2026-04-27 00:00,MEXICALI,98.67,97.25,1.42,0.0,0.0,1.0
2026-04-27 01:00,MEXICALI,92.88,91.48,1.4,0.0,0.0,1.0
2026-04-27 02:00,MEXICALI,89.87,88.28,1.59,0.0,0.0,1.0
2026-04-27 03:00,MEXICALI,89.84,88.17,1.67,0.0,0.0,1.0
2026-04-27 04:00,MEXICALI,92.84,91.49,1.36,0.0,0.0,1.0
2026-04-27 05:00,MEXICALI,98.61,97.32,1.28,0.0,0.0,1.0
2026-04-27 06:00,MEXICALI,118.55,118.21,0.34,0.0,0.0,1.0
2026-04-27 07:00,MEXICALI,117.78,118.91,-1.13,0.0,0.0,1.0
2026-04-27 08:00,MEXICALI,98.64,100.0,-1.36,0.0,0.0,1.0
2026-04-27 09:00,MEXICALI,98.67,99.82,-1.15,0.0,0.0,1.0
2026-04-27 10:00,MEXICALI,98.9,100.35,-1.44,0.0,0.0,1.0
2026-04-27 11:00,MEXICALI,98.96,100.26,-1.3,0.0,0.0,1.0
2026-04-27 12:00,MEXICALI,92.66,92.5,0.16,0.0,0.0,1.0
2026-04-27 13:00,MEXICALI,92.71,92.11,0.6,0.0,0.0,1.0
2026-04-27 14:00,MEXICALI,94.14,93.36,0.78,0.0,0.0,1.0
2026-04-27 15:00,MEXICALI,94.46,93.72,0.74,0.0,0.0,1.0
2026-04-27 16:00,MEXICALI,99.47,99.0,0.48,0.0,0.0,1.0
2026-04-27 17:00,MEXICALI,181.92,180.99,0.93,0.0,0.0,1.0
2026-04-27 18:00,MEXICALI,201.55,198.11,3.44,0.0,0.0,1.0
2026-04-27 19:00,MEXICALI,216.36,211.55,4.8,0.0,0.0,1.0
2026-04-27 20:00,MEXICALI,314.28,305.28,9.01,0.0,0.0,1.0
2026-04-27 21:00,MEXICALI,305.11,295.87,9.25,0.0,0.0,1.0
2026-04-27 22:00,MEXICALI,200.83,196.23,4.59,0.0,0.0,1.0
2026-04-27 23:00,MEXICALI,188.94,186.05,2.88,0.0,0.0,1.0
2026-04-27 00:00,SANLUIS,99.29,97.25,2.04,0.0,0.0,1.0
2026-04-27 01:00,SANLUIS,93.42,91.48,1.94,0.0,0.0,1.0
2026-04-27 02:00,SANLUIS,90.37,88.28,2.09,0.0,0.0,1.0
2026-04-27 03:00,SANLUIS,90.32,88.17,2.15,0.0,0.0,1.0
2026-04-27 04:00,SANLUIS,93.33,91.49,1.84,0.0,0.0,1.0
2026-04-27 05:00,SANLUIS,99.14,97.32,1.82,0.0,0.0,1.0
2026-04-27 06:00,SANLUIS,119.09,118.21,0.88,0.0,0.0,1.0
2026-04-27 07:00,SANLUIS,118.24,118.91,-0.67,0.0,0.0,1.0
2026-04-27 08:00,SANLUIS,98.95,100.0,-1.05,0.0,0.0,1.0
2026-04-27 09:00,SANLUIS,99.0,99.82,-0.82,0.0,0.0,1.0
2026-04-27 10:00,SANLUIS,99.28,100.35,-1.06,0.0,0.0,1.0
2026-04-27 11:00,SANLUIS,99.41,100.26,-0.86,0.0,0.0,1.0
2026-04-27 12:00,SANLUIS,93.17,92.5,0.67,0.0,0.0,1.0
2026-04-27 13:00,SANLUIS,93.3,92.11,1.19,0.0,0.0,1.0
2026-04-27 14:00,SANLUIS,94.83,93.36,1.47,0.0,0.0,1.0
2026-04-27 15:00,SANLUIS,95.24,93.72,1.52,0.0,0.0,1.0
2026-04-27 16:00,SANLUIS,100.35,99.0,1.36,0.0,0.0,1.0
2026-04-27 17:00,SANLUIS,183.68,180.99,2.69,0.0,0.0,1.0
2026-04-27 18:00,SANLUIS,203.6,198.11,5.49,0.0,0.0,1.0
2026-04-27 19:00,SANLUIS,218.65,211.55,7.09,0.0,0.0,1.0
2026-04-27 20:00,SANLUIS,317.81,305.28,12.54,0.0,0.0,1.0
2026-04-27 21:00,SANLUIS,308.47,295.87,12.61,0.0,0.0,1.0
2026-04-27 22:00,SANLUIS,202.73,196.23,6.5,0.0,0.0,1.0
2026-04-27 23:00,SANLUIS,190.49,186.05,4.44,0.0,0.0,1.0
2026-04-27 00:00,TIJUANA,98.42,97.25,1.16,0.0,0.0,1.0
2026-04-27 01:00,TIJUANA,92.63,91.48,1.15,0.0,0.0,1.0
2026-04-27 02:00,TIJUANA,89.38,88.28,1.1,0.0,0.0,1.0
2026-04-27 03:00,TIJUANA,89.26,88.17,1.09,0.0,0.0,1.0
2026-04-27 04:00,TIJUANA,92.64,91.49,1.15,0.0,0.0,1.0
2026-04-27 05:00,TIJUANA,98.52,97.32,1.2,0.0,0.0,1.0
2026-04-27 06:00,TIJUANA,119.79,118.21,1.59,0.0,0.0,1.0
2026-04-27 07:00,TIJUANA,120.64,118.91,1.73,0.0,0.0,1.0
2026-04-27 08:00,TIJUANA,101.54,100.0,1.54,0.0,0.0,1.0
2026-04-27 09:00,TIJUANA,101.38,99.82,1.57,0.0,0.0,1.0
2026-04-27 10:00,TIJUANA,101.95,100.35,1.6,0.0,0.0,1.0
2026-04-27 11:00,TIJUANA,101.89,100.26,1.62,0.0,0.0,1.0
2026-04-27 12:00,TIJUANA,94.04,92.5,1.54,0.0,0.0,1.0
2026-04-27 13:00,TIJUANA,93.66,92.11,1.55,0.0,0.0,1.0
2026-04-27 14:00,TIJUANA,94.96,93.36,1.6,0.0,0.0,1.0
2026-04-27 15:00,TIJUANA,95.35,93.72,1.62,0.0,0.0,1.0
2026-04-27 16:00,TIJUANA,100.68,99.0,1.69,0.0,0.0,1.0
2026-04-27 17:00,TIJUANA,184.08,180.99,3.09,0.0,0.0,1.0
2026-04-27 18:00,TIJUANA,201.62,198.11,3.51,0.0,0.0,1.0
2026-04-27 19:00,TIJUANA,215.49,211.55,3.94,0.0,0.0,1.0
2026-04-27 20:00,TIJUANA,311.08,305.28,5.81,0.0,0.0,1.0
2026-04-27 21:00,TIJUANA,301.34,295.87,5.47,0.0,0.0,1.0
2026-04-27 22:00,TIJUANA,199.54,196.23,3.31,0.0,0.0,1.0
2026-04-27 23:00,TIJUANA,188.85,186.05,2.8,0.0,0.0,1.0
2026-04-28 00:00,ENSENADA,198.05,192.77,5.28,0.0,0.0,1.0
2026-04-28 01:00,ENSENADA,182.21,176.9,5.31,0.0,0.0,1.0
2026-04-28 02:00,ENSENADA,174.07,168.56,5.51,0.0,0.0,1.0
2026-04-28 03:00,ENSENADA,169.93,164.1,5.82,0.0,0.0,1.0
2026-04-28 04:00,ENSENADA,175.13,168.6,6.52,0.0,0.0,1.0
2026-04-28 05:00,ENSENADA,175.94,169.34,6.6,0.0,0.0,1.0
2026-04-28 06:00,ENSENADA,194.17,186.66,7.51,0.0,0.0,1.0
2026-04-28 07:00,ENSENADA,208.04,198.52,9.52,0.0,0.0,1.0
2026-04-28 08:00,ENSENADA,169.41,160.82,8.59,0.0,0.0,1.0
2026-04-28 09:00,ENSENADA,174.4,165.44,8.96,0.0,0.0,1.0
2026-04-28 10:00,ENSENADA,188.31,178.28,10.03,0.0,0.0,1.0
2026-04-28 11:00,ENSENADA,207.9,196.79,11.11,0.0,0.0,1.0
2026-04-28 12:00,ENSENADA,208.47,197.48,10.99,0.0,0.0,1.0
2026-04-28 13:00,ENSENADA,221.3,209.5,11.8,0.0,0.0,1.0
2026-04-28 14:00,ENSENADA,222.55,210.79,11.76,0.0,0.0,1.0
2026-04-28 15:00,ENSENADA,232.39,220.79,11.6,0.0,0.0,1.0
2026-04-28 16:00,ENSENADA,264.27,251.79,12.48,0.0,0.0,1.0
2026-04-28 17:00,ENSENADA,373.61,357.26,16.36,0.0,0.0,1.0
2026-04-28 18:00,ENSENADA,665.79,636.74,29.05,0.0,0.0,1.0
2026-04-28 19:00,ENSENADA,663.17,637.34,25.84,0.0,0.0,1.0
2026-04-28 20:00,ENSENADA,677.46,652.69,24.78,0.0,0.0,1.0
2026-04-28 21:00,ENSENADA,663.86,642.85,21.0,0.0,0.0,1.0
2026-04-28 22:00,ENSENADA,366.52,356.73,9.79,0.0,0.0,1.0
2026-04-28 23:00,ENSENADA,245.98,238.67,7.31,0.0,0.0,1.0
2026-04-28 00:00,MEXICALI,194.9,192.77,2.13,0.0,0.0,1.0
2026-04-28 01:00,MEXICALI,179.21,176.9,2.31,0.0,0.0,1.0
2026-04-28 02:00,MEXICALI,170.97,168.56,2.41,0.0,0.0,1.0
2026-04-28 03:00,MEXICALI,166.28,164.1,2.18,0.0,0.0,1.0
2026-04-28 04:00,MEXICALI,170.89,168.6,2.29,0.0,0.0,1.0
2026-04-28 05:00,MEXICALI,171.14,169.34,1.79,0.0,0.0,1.0
2026-04-28 06:00,MEXICALI,187.46,186.66,0.8,0.0,0.0,1.0
2026-04-28 07:00,MEXICALI,196.85,198.52,-1.67,0.0,0.0,1.0
2026-04-28 08:00,MEXICALI,158.68,160.82,-2.14,0.0,0.0,1.0
2026-04-28 09:00,MEXICALI,164.26,165.44,-1.18,0.0,0.0,1.0
2026-04-28 10:00,MEXICALI,177.35,178.28,-0.93,0.0,0.0,1.0
2026-04-28 11:00,MEXICALI,195.97,196.79,-0.82,0.0,0.0,1.0
2026-04-28 12:00,MEXICALI,197.62,197.48,0.14,0.0,0.0,1.0
2026-04-28 13:00,MEXICALI,210.73,209.5,1.23,0.0,0.0,1.0
2026-04-28 14:00,MEXICALI,213.11,210.79,2.32,0.0,0.0,1.0
2026-04-28 15:00,MEXICALI,223.06,220.79,2.27,0.0,0.0,1.0
2026-04-28 16:00,MEXICALI,255.72,251.79,3.93,0.0,0.0,1.0
2026-04-28 17:00,MEXICALI,365.85,357.26,8.59,0.0,0.0,1.0
2026-04-28 18:00,MEXICALI,653.32,636.74,16.58,0.0,0.0,1.0
2026-04-28 19:00,MEXICALI,653.41,637.34,16.07,0.0,0.0,1.0
2026-04-28 20:00,MEXICALI,668.0,652.69,15.32,0.0,0.0,1.0
2026-04-28 21:00,MEXICALI,660.63,642.85,17.78,0.0,0.0,1.0
2026-04-28 22:00,MEXICALI,368.45,356.73,11.73,0.0,0.0,1.0
2026-04-28 23:00,MEXICALI,244.86,238.67,6.19,0.0,0.0,1.0
2026-04-28 00:00,SANLUIS,196.28,192.77,3.51,0.0,0.0,1.0
2026-04-28 01:00,SANLUIS,180.37,176.9,3.47,0.0,0.0,1.0
2026-04-28 02:00,SANLUIS,172.02,168.56,3.46,0.0,0.0,1.0
2026-04-28 03:00,SANLUIS,167.24,164.1,3.13,0.0,0.0,1.0
2026-04-28 04:00,SANLUIS,171.87,168.6,3.27,0.0,0.0,1.0
2026-04-28 05:00,SANLUIS,172.15,169.34,2.81,0.0,0.0,1.0
2026-04-28 06:00,SANLUIS,188.52,186.66,1.86,0.0,0.0,1.0
2026-04-28 07:00,SANLUIS,197.89,198.52,-0.63,0.0,0.0,1.0
2026-04-28 08:00,SANLUIS,159.39,160.82,-1.43,0.0,0.0,1.0
2026-04-28 09:00,SANLUIS,165.1,165.44,-0.34,0.0,0.0,1.0
2026-04-28 10:00,SANLUIS,178.33,178.28,0.05,0.0,0.0,1.0
2026-04-28 11:00,SANLUIS,197.22,196.79,0.43,0.0,0.0,1.0
2026-04-28 12:00,SANLUIS,199.04,197.48,1.56,0.0,0.0,1.0
2026-04-28 13:00,SANLUIS,212.4,209.5,2.9,0.0,0.0,1.0
2026-04-28 14:00,SANLUIS,215.13,210.79,4.34,0.0,0.0,1.0
2026-04-28 15:00,SANLUIS,225.28,220.79,4.49,0.0,0.0,1.0
2026-04-28 16:00,SANLUIS,258.5,251.79,6.71,0.0,0.0,1.0
2026-04-28 17:00,SANLUIS,370.01,357.26,12.75,0.0,0.0,1.0
2026-04-28 18:00,SANLUIS,660.6,636.74,23.86,0.0,0.0,1.0
2026-04-28 19:00,SANLUIS,660.43,637.34,23.09,0.0,0.0,1.0
2026-04-28 20:00,SANLUIS,675.37,652.69,22.69,0.0,0.0,1.0
2026-04-28 21:00,SANLUIS,667.83,642.85,24.98,0.0,0.0,1.0
2026-04-28 22:00,SANLUIS,372.16,356.73,15.43,0.0,0.0,1.0
2026-04-28 23:00,SANLUIS,246.99,238.67,8.32,0.0,0.0,1.0
2026-04-28 00:00,TIJUANA,195.48,192.77,2.71,0.0,0.0,1.0
2026-04-28 01:00,TIJUANA,179.41,176.9,2.51,0.0,0.0,1.0
2026-04-28 02:00,TIJUANA,170.95,168.56,2.39,0.0,0.0,1.0
2026-04-28 03:00,TIJUANA,166.4,164.1,2.3,0.0,0.0,1.0
2026-04-28 04:00,TIJUANA,171.0,168.6,2.4,0.0,0.0,1.0
2026-04-28 05:00,TIJUANA,171.69,169.34,2.35,0.0,0.0,1.0
2026-04-28 06:00,TIJUANA,189.36,186.66,2.69,0.0,0.0,1.0
2026-04-28 07:00,TIJUANA,201.6,198.52,3.08,0.0,0.0,1.0
2026-04-28 08:00,TIJUANA,163.38,160.82,2.56,0.0,0.0,1.0
2026-04-28 09:00,TIJUANA,168.15,165.44,2.71,0.0,0.0,1.0
2026-04-28 10:00,TIJUANA,181.27,178.28,2.99,0.0,0.0,1.0
2026-04-28 11:00,TIJUANA,200.14,196.79,3.35,0.0,0.0,1.0
2026-04-28 12:00,TIJUANA,200.88,197.48,3.4,0.0,0.0,1.0
2026-04-28 13:00,TIJUANA,213.12,209.5,3.63,0.0,0.0,1.0
2026-04-28 14:00,TIJUANA,214.5,210.79,3.71,0.0,0.0,1.0
2026-04-28 15:00,TIJUANA,224.71,220.79,3.92,0.0,0.0,1.0
2026-04-28 16:00,TIJUANA,256.22,251.79,4.43,0.0,0.0,1.0
2026-04-28 17:00,TIJUANA,363.83,357.26,6.57,0.0,0.0,1.0
2026-04-28 18:00,TIJUANA,648.64,636.74,11.9,0.0,0.0,1.0
2026-04-28 19:00,TIJUANA,649.44,637.34,12.1,0.0,0.0,1.0
2026-04-28 20:00,TIJUANA,665.49,652.69,12.81,0.0,0.0,1.0
2026-04-28 21:00,TIJUANA,655.09,642.85,12.24,0.0,0.0,1.0
2026-04-28 22:00,TIJUANA,363.0,356.73,6.27,0.0,0.0,1.0
2026-04-28 23:00,TIJUANA,242.63,238.67,3.96,0.0,0.0,1.0
2026-04-29 00:00,ENSENADA,238.68,231.71,6.96,0.0,0.0,1.0
2026-04-29 01:00,ENSENADA,225.96,218.97,6.99,0.0,0.0,1.0
2026-04-29 02:00,ENSENADA,203.52,197.52,6.0,0.0,0.0,1.0
2026-04-29 03:00,ENSENADA,191.96,186.61,5.35,0.0,0.0,1.0
2026-04-29 04:00,ENSENADA,192.43,186.34,6.09,0.0,0.0,1.0
2026-04-29 05:00,ENSENADA,193.94,187.63,6.31,0.0,0.0,1.0
2026-04-29 06:00,ENSENADA,219.2,211.31,7.89,0.0,0.0,1.0
2026-04-29 07:00,ENSENADA,235.44,224.91,10.53,0.0,0.0,1.0
2026-04-29 08:00,ENSENADA,225.26,214.43,10.84,0.0,0.0,1.0
2026-04-29 09:00,ENSENADA,245.91,233.43,12.48,0.0,0.0,1.0
2026-04-29 10:00,ENSENADA,262.92,249.32,13.6,0.0,0.0,1.0
2026-04-29 11:00,ENSENADA,212.03,200.6,11.43,0.0,0.0,1.0
2026-04-29 12:00,ENSENADA,283.65,268.83,14.82,0.0,0.0,1.0
2026-04-29 13:00,ENSENADA,299.63,284.11,15.52,0.0,0.0,1.0
2026-04-29 14:00,ENSENADA,290.62,275.65,14.97,0.0,0.0,1.0
2026-04-29 15:00,ENSENADA,268.47,256.39,12.08,0.0,0.0,1.0
2026-04-29 16:00,ENSENADA,231.15,221.42,9.73,0.0,0.0,1.0
2026-04-29 17:00,ENSENADA,228.46,219.0,9.46,0.0,0.0,1.0
2026-04-29 18:00,ENSENADA,208.08,199.53,8.55,0.0,0.0,1.0
2026-04-29 19:00,ENSENADA,279.71,268.86,10.85,0.0,0.0,1.0
2026-04-29 20:00,ENSENADA,332.86,320.65,12.2,0.0,0.0,1.0
2026-04-29 21:00,ENSENADA,287.83,277.2,10.62,0.0,0.0,1.0
2026-04-29 22:00,ENSENADA,251.32,242.41,8.92,0.0,0.0,1.0
2026-04-29 23:00,ENSENADA,217.03,209.84,7.19,0.0,0.0,1.0
2026-04-29 00:00,MEXICALI,235.61,231.71,3.9,0.0,0.0,1.0
2026-04-29 01:00,MEXICALI,222.5,218.97,3.53,0.0,0.0,1.0
2026-04-29 02:00,MEXICALI,201.07,197.52,3.55,0.0,0.0,1.0
2026-04-29 03:00,MEXICALI,189.86,186.61,3.26,0.0,0.0,1.0
2026-04-29 04:00,MEXICALI,189.77,186.34,3.43,0.0,0.0,1.0
2026-04-29 05:00,MEXICALI,189.98,187.63,2.35,0.0,0.0,1.0
2026-04-29 06:00,MEXICALI,212.38,211.31,1.07,0.0,0.0,1.0
2026-04-29 07:00,MEXICALI,222.63,224.91,-2.28,0.0,0.0,1.0
2026-04-29 08:00,MEXICALI,211.5,214.43,-2.93,0.0,0.0,1.0
2026-04-29 09:00,MEXICALI,231.83,233.43,-1.6,0.0,0.0,1.0
2026-04-29 10:00,MEXICALI,249.12,249.32,-0.2,0.0,0.0,1.0
2026-04-29 11:00,MEXICALI,200.48,200.6,-0.13,0.0,0.0,1.0
2026-04-29 12:00,MEXICALI,269.0,268.83,0.17,0.0,0.0,1.0
2026-04-29 13:00,MEXICALI,286.57,284.11,2.45,0.0,0.0,1.0
2026-04-29 14:00,MEXICALI,279.76,275.65,4.11,0.0,0.0,1.0
2026-04-29 15:00,MEXICALI,258.43,256.39,2.05,0.0,0.0,1.0
2026-04-29 16:00,MEXICALI,223.0,221.42,1.58,0.0,0.0,1.0
2026-04-29 17:00,MEXICALI,220.34,219.0,1.34,0.0,0.0,1.0
2026-04-29 18:00,MEXICALI,200.49,199.53,0.96,0.0,0.0,1.0
2026-04-29 19:00,MEXICALI,269.3,268.86,0.43,0.0,0.0,1.0
2026-04-29 20:00,MEXICALI,325.25,320.65,4.59,0.0,0.0,1.0
2026-04-29 21:00,MEXICALI,280.93,277.2,3.73,0.0,0.0,1.0
2026-04-29 22:00,MEXICALI,243.26,242.41,0.86,0.0,0.0,1.0
2026-04-29 23:00,MEXICALI,211.27,209.84,1.43,0.0,0.0,1.0
2026-04-29 00:00,SANLUIS,237.38,231.71,5.67,0.0,0.0,1.0
2026-04-29 01:00,SANLUIS,224.05,218.97,5.08,0.0,0.0,1.0
2026-04-29 02:00,SANLUIS,202.29,197.52,4.77,0.0,0.0,1.0
2026-04-29 03:00,SANLUIS,190.98,186.61,4.38,0.0,0.0,1.0
2026-04-29 04:00,SANLUIS,190.83,186.34,4.49,0.0,0.0,1.0
2026-04-29 05:00,SANLUIS,191.06,187.63,3.43,0.0,0.0,1.0
2026-04-29 06:00,SANLUIS,213.45,211.31,2.14,0.0,0.0,1.0
2026-04-29 07:00,SANLUIS,223.69,224.91,-1.22,0.0,0.0,1.0
2026-04-29 08:00,SANLUIS,212.46,214.43,-1.96,0.0,0.0,1.0
2026-04-29 09:00,SANLUIS,233.15,233.43,-0.29,0.0,0.0,1.0
2026-04-29 10:00,SANLUIS,250.78,249.32,1.46,0.0,0.0,1.0
2026-04-29 11:00,SANLUIS,202.0,200.6,1.4,0.0,0.0,1.0
2026-04-29 12:00,SANLUIS,271.36,268.83,2.52,0.0,0.0,1.0
2026-04-29 13:00,SANLUIS,289.36,284.11,5.25,0.0,0.0,1.0
2026-04-29 14:00,SANLUIS,282.83,275.65,7.18,0.0,0.0,1.0
2026-04-29 15:00,SANLUIS,261.78,256.39,5.39,0.0,0.0,1.0
2026-04-29 16:00,SANLUIS,225.84,221.42,4.41,0.0,0.0,1.0
2026-04-29 17:00,SANLUIS,223.24,219.0,4.24,0.0,0.0,1.0
2026-04-29 18:00,SANLUIS,203.0,199.53,3.47,0.0,0.0,1.0
2026-04-29 19:00,SANLUIS,272.66,268.86,3.8,0.0,0.0,1.0
2026-04-29 20:00,SANLUIS,329.49,320.65,8.83,0.0,0.0,1.0
2026-04-29 21:00,SANLUIS,284.54,277.2,7.34,0.0,0.0,1.0
2026-04-29 22:00,SANLUIS,246.17,242.41,3.77,0.0,0.0,1.0
2026-04-29 23:00,SANLUIS,213.55,209.84,3.71,0.0,0.0,1.0
2026-04-29 00:00,TIJUANA,235.03,231.71,3.32,0.0,0.0,1.0
2026-04-29 01:00,TIJUANA,222.01,218.97,3.04,0.0,0.0,1.0
2026-04-29 02:00,TIJUANA,200.22,197.52,2.7,0.0,0.0,1.0
2026-04-29 03:00,TIJUANA,189.15,186.61,2.54,0.0,0.0,1.0
2026-04-29 04:00,TIJUANA,188.9,186.34,2.56,0.0,0.0,1.0
2026-04-29 05:00,TIJUANA,190.26,187.63,2.63,0.0,0.0,1.0
2026-04-29 06:00,TIJUANA,214.42,211.31,3.11,0.0,0.0,1.0
2026-04-29 07:00,TIJUANA,228.36,224.91,3.45,0.0,0.0,1.0
2026-04-29 08:00,TIJUANA,217.84,214.43,3.42,0.0,0.0,1.0
2026-04-29 09:00,TIJUANA,237.18,233.43,3.75,0.0,0.0,1.0
2026-04-29 10:00,TIJUANA,253.44,249.32,4.11,0.0,0.0,1.0
2026-04-29 11:00,TIJUANA,204.08,200.6,3.48,0.0,0.0,1.0
2026-04-29 12:00,TIJUANA,273.55,268.83,4.71,0.0,0.0,1.0
2026-04-29 13:00,TIJUANA,289.11,284.11,5.0,0.0,0.0,1.0
2026-04-29 14:00,TIJUANA,280.95,275.65,5.3,0.0,0.0,1.0
2026-04-29 15:00,TIJUANA,260.9,256.39,4.52,0.0,0.0,1.0
2026-04-29 16:00,TIJUANA,225.34,221.42,3.92,0.0,0.0,1.0
2026-04-29 17:00,TIJUANA,222.82,219.0,3.82,0.0,0.0,1.0
2026-04-29 18:00,TIJUANA,203.01,199.53,3.48,0.0,0.0,1.0
2026-04-29 19:00,TIJUANA,273.43,268.86,4.57,0.0,0.0,1.0
2026-04-29 20:00,TIJUANA,326.79,320.65,6.13,0.0,0.0,1.0
2026-04-29 21:00,TIJUANA,282.48,277.2,5.28,0.0,0.0,1.0
2026-04-29 22:00,TIJUANA,246.25,242.41,3.85,0.0,0.0,1.0
2026-04-29 23:00,TIJUANA,213.0,209.84,3.17,0.0,0.0,1.0
2026-04-30 00:00,ENSENADA,185.06,178.96,6.1,0.0,0.0,1.0
2026-04-30 01:00,ENSENADA,103.27,99.76,3.51,0.0,0.0,1.0
2026-04-30 02:00,ENSENADA,102.32,98.63,3.7,0.0,0.0,1.0
2026-04-30 03:00,ENSENADA,96.08,93.11,2.97,0.0,0.0,1.0
2026-04-30 04:00,ENSENADA,93.67,90.81,2.85,0.0,0.0,1.0
2026-04-30 05:00,ENSENADA,97.35,94.23,3.12,0.0,0.0,1.0
2026-04-30 06:00,ENSENADA,103.21,99.62,3.59,0.0,0.0,1.0
2026-04-30 07:00,ENSENADA,183.93,175.48,8.45,0.0,0.0,1.0
2026-04-30 08:00,ENSENADA,105.42,99.99,5.43,0.0,0.0,1.0
2026-04-30 09:00,ENSENADA,94.55,90.3,4.24,0.0,0.0,1.0
2026-04-30 10:00,ENSENADA,94.97,90.54,4.43,0.0,0.0,1.0
2026-04-30 11:00,ENSENADA,94.63,90.16,4.47,0.0,0.0,1.0
2026-04-30 12:00,ENSENADA,97.92,93.5,4.41,0.0,0.0,1.0
2026-04-30 13:00,ENSENADA,104.3,99.69,4.61,0.0,0.0,1.0
2026-04-30 14:00,ENSENADA,198.51,190.22,8.29,0.0,0.0,1.0
2026-04-30 15:00,ENSENADA,198.62,190.41,8.21,0.0,0.0,1.0
2026-04-30 16:00,ENSENADA,230.73,221.47,9.26,0.0,0.0,1.0
2026-04-30 17:00,ENSENADA,274.68,263.74,10.94,0.0,0.0,1.0
2026-04-30 18:00,ENSENADA,263.24,253.64,9.6,0.0,0.0,1.0
2026-04-30 19:00,ENSENADA,263.55,253.62,9.93,0.0,0.0,1.0
2026-04-30 20:00,ENSENADA,361.0,346.96,14.04,0.0,0.0,1.0
2026-04-30 21:00,ENSENADA,266.22,256.45,9.78,0.0,0.0,1.0
2026-04-30 22:00,ENSENADA,250.53,241.42,9.1,0.0,0.0,1.0
2026-04-30 23:00,ENSENADA,264.57,256.36,8.2,0.0,0.0,1.0
2026-04-30 00:00,MEXICALI,180.12,178.96,1.16,0.0,0.0,1.0
2026-04-30 01:00,MEXICALI,99.95,99.76,0.18,0.0,0.0,1.0
2026-04-30 02:00,MEXICALI,98.98,98.63,0.35,0.0,0.0,1.0
2026-04-30 03:00,MEXICALI,93.68,93.11,0.57,0.0,0.0,1.0
2026-04-30 04:00,MEXICALI,91.31,90.81,0.5,0.0,0.0,1.0
2026-04-30 05:00,MEXICALI,94.32,94.23,0.1,0.0,0.0,1.0
2026-04-30 06:00,MEXICALI,98.96,99.62,-0.66,0.0,0.0,1.0
2026-04-30 07:00,MEXICALI,172.86,175.48,-2.62,0.0,0.0,1.0
2026-04-30 08:00,MEXICALI,98.7,99.99,-1.29,0.0,0.0,1.0
2026-04-30 09:00,MEXICALI,89.76,90.3,-0.54,0.0,0.0,1.0
2026-04-30 10:00,MEXICALI,89.68,90.54,-0.86,0.0,0.0,1.0
2026-04-30 11:00,MEXICALI,89.53,90.16,-0.63,0.0,0.0,1.0
2026-04-30 12:00,MEXICALI,93.05,93.5,-0.46,0.0,0.0,1.0
2026-04-30 13:00,MEXICALI,99.01,99.69,-0.69,0.0,0.0,1.0
2026-04-30 14:00,MEXICALI,188.83,190.22,-1.39,0.0,0.0,1.0
2026-04-30 15:00,MEXICALI,188.83,190.41,-1.58,0.0,0.0,1.0
2026-04-30 16:00,MEXICALI,220.33,221.47,-1.14,0.0,0.0,1.0
2026-04-30 17:00,MEXICALI,268.51,263.74,4.77,0.0,0.0,1.0
2026-04-30 18:00,MEXICALI,258.17,253.64,4.52,0.0,0.0,1.0
2026-04-30 19:00,MEXICALI,258.18,253.62,4.56,0.0,0.0,1.0
2026-04-30 20:00,MEXICALI,356.07,346.96,9.11,0.0,0.0,1.0
2026-04-30 21:00,MEXICALI,261.13,256.45,4.68,0.0,0.0,1.0
2026-04-30 22:00,MEXICALI,243.27,241.42,1.85,0.0,0.0,1.0
2026-04-30 23:00,MEXICALI,262.94,256.36,6.58,0.0,0.0,1.0
2026-04-30 00:00,SANLUIS,181.89,178.96,2.93,0.0,0.0,1.0
2026-04-30 01:00,SANLUIS,100.82,99.76,1.06,0.0,0.0,1.0
2026-04-30 02:00,SANLUIS,99.8,98.63,1.18,0.0,0.0,1.0
2026-04-30 03:00,SANLUIS,94.42,93.11,1.31,0.0,0.0,1.0
2026-04-30 04:00,SANLUIS,92.01,90.81,1.19,0.0,0.0,1.0
2026-04-30 05:00,SANLUIS,95.02,94.23,0.8,0.0,0.0,1.0
2026-04-30 06:00,SANLUIS,99.65,99.62,0.03,0.0,0.0,1.0
2026-04-30 07:00,SANLUIS,174.1,175.48,-1.38,0.0,0.0,1.0
2026-04-30 08:00,SANLUIS,99.36,99.99,-0.63,0.0,0.0,1.0
2026-04-30 09:00,SANLUIS,90.36,90.3,0.06,0.0,0.0,1.0
2026-04-30 10:00,SANLUIS,90.47,90.54,-0.07,0.0,0.0,1.0
2026-04-30 11:00,SANLUIS,90.43,90.16,0.26,0.0,0.0,1.0
2026-04-30 12:00,SANLUIS,94.06,93.5,0.56,0.0,0.0,1.0
2026-04-30 13:00,SANLUIS,100.18,99.69,0.48,0.0,0.0,1.0
2026-04-30 14:00,SANLUIS,191.3,190.22,1.08,0.0,0.0,1.0
2026-04-30 15:00,SANLUIS,191.41,190.41,1.0,0.0,0.0,1.0
2026-04-30 16:00,SANLUIS,223.22,221.47,1.75,0.0,0.0,1.0
2026-04-30 17:00,SANLUIS,271.81,263.74,8.07,0.0,0.0,1.0
2026-04-30 18:00,SANLUIS,261.21,253.64,7.57,0.0,0.0,1.0
2026-04-30 19:00,SANLUIS,261.17,253.62,7.55,0.0,0.0,1.0
2026-04-30 20:00,SANLUIS,360.39,346.96,13.43,0.0,0.0,1.0
2026-04-30 21:00,SANLUIS,264.14,256.45,7.69,0.0,0.0,1.0
2026-04-30 22:00,SANLUIS,245.87,241.42,4.45,0.0,0.0,1.0
2026-04-30 23:00,SANLUIS,265.53,256.36,9.16,0.0,0.0,1.0
2026-04-30 00:00,TIJUANA,181.49,178.96,2.53,0.0,0.0,1.0
2026-04-30 01:00,TIJUANA,101.08,99.76,1.32,0.0,0.0,1.0
2026-04-30 02:00,TIJUANA,99.89,98.63,1.27,0.0,0.0,1.0
2026-04-30 03:00,TIJUANA,94.3,93.11,1.19,0.0,0.0,1.0
2026-04-30 04:00,TIJUANA,91.98,90.81,1.16,0.0,0.0,1.0
2026-04-30 05:00,TIJUANA,95.45,94.23,1.23,0.0,0.0,1.0
2026-04-30 06:00,TIJUANA,100.99,99.62,1.37,0.0,0.0,1.0
2026-04-30 07:00,TIJUANA,178.14,175.48,2.66,0.0,0.0,1.0
2026-04-30 08:00,TIJUANA,101.59,99.99,1.6,0.0,0.0,1.0
2026-04-30 09:00,TIJUANA,91.84,90.3,1.54,0.0,0.0,1.0
2026-04-30 10:00,TIJUANA,92.12,90.54,1.58,0.0,0.0,1.0
2026-04-30 11:00,TIJUANA,91.74,90.16,1.58,0.0,0.0,1.0
2026-04-30 12:00,TIJUANA,95.14,93.5,1.63,0.0,0.0,1.0
2026-04-30 13:00,TIJUANA,101.43,99.69,1.74,0.0,0.0,1.0
2026-04-30 14:00,TIJUANA,193.58,190.22,3.36,0.0,0.0,1.0
2026-04-30 15:00,TIJUANA,193.77,190.41,3.36,0.0,0.0,1.0
2026-04-30 16:00,TIJUANA,225.36,221.47,3.89,0.0,0.0,1.0
2026-04-30 17:00,TIJUANA,268.68,263.74,4.94,0.0,0.0,1.0
2026-04-30 18:00,TIJUANA,257.96,253.64,4.31,0.0,0.0,1.0
2026-04-30 19:00,TIJUANA,258.04,253.62,4.42,0.0,0.0,1.0
2026-04-30 20:00,TIJUANA,353.41,346.96,6.45,0.0,0.0,1.0
2026-04-30 21:00,TIJUANA,260.95,256.45,4.5,0.0,0.0,1.0
2026-04-30 22:00,TIJUANA,245.45,241.42,4.02,0.0,0.0,1.0
2026-04-30 23:00,TIJUANA,260.61,256.36,4.24,0.0,0.0,1.0
